{
"type": "FeatureCollection",
"name": "bruxelles_flood_stage0",
"crs": { "type": "name", "properties": { "name": "urn:ogc:def:crs:OGC:1.3:CRS84" } },
"features": [
{ "type": "Feature", "properties": { }, "geometry": { "type": "MultiPolygon", "coordinates": [ [ [ [ 4.314775800870672, 50.823817065659554, 20.359348297119141 ], [ 4.314709183391088, 50.8238839448086, 18.5 ], [ 4.314651797730741, 50.823807892663787, 20.787424087524414 ], [ 4.314577123390557, 50.823873540175136, 18.592891693115234 ], [ 4.314408991940459, 50.823838354607354, 20.25372314453125 ], [ 4.314340184905784, 50.823898843615716, 18.621667861938477 ], [ 4.314234393083453, 50.823866160364631, 19.444366455078125 ], [ 4.314137037571994, 50.823881664613857, 19.174575805664062 ], [ 4.314058397967179, 50.823842143638473, 20.806434631347656 ], [ 4.313950422127333, 50.823916392173459, 18.346921920776367 ], [ 4.313835280047676, 50.823854016446354, 21.033472061157227 ], [ 4.313802224312812, 50.823936349908884, 17.5 ], [ 4.313711992807619, 50.823887468807804, 19.688047409057617 ], [ 4.313658861209798, 50.823954723652847, 17.5 ], [ 4.313517466645953, 50.82393100650156, 18.867366790771484 ], [ 4.313431803868928, 50.823879171490354, 21.051088333129883 ], [ 4.313379700711422, 50.823990500957741, 17.5 ], [ 4.313297010129148, 50.82393314581681, 19.466466903686523 ], [ 4.31317918819231, 50.823954673504353, 19.20063591003418 ], [ 4.313082062420914, 50.823979464818237, 18.514945983886719 ], [ 4.313090978184806, 50.823904752649973, 21.068187713623047 ], [ 4.312979012520247, 50.823991247950374, 17.723661422729492 ], [ 4.312874146203584, 50.823948701906289, 19.739719390869141 ], [ 4.312710480783783, 50.8239654873395, 19.317220687866211 ], [ 4.31255151555648, 50.823987714693395, 19.114173889160156 ], [ 4.312379661099706, 50.82398703569654, 19.164409637451172 ], [ 4.312275925930155, 50.824010787442759, 18.61152458190918 ], [ 4.312167593629261, 50.823982834146804, 20.290805816650391 ], [ 4.312010406888321, 50.824030583975613, 18.508485794067383 ], [ 4.31189659121086, 50.824037712016867, 18.865867614746094 ], [ 4.311803183831601, 50.824020325024854, 19.364118576049805 ], [ 4.311733957956414, 50.824063685237391, 19.275487899780273 ], [ 4.31155851554428, 50.824096002104838, 19.185239791870117 ], [ 4.311365051630182, 50.824096085761035, 18.788640975952148 ], [ 4.311257858342107, 50.824119862553452, 18.5 ], [ 4.311112144046012, 50.824092261484736, 18.922178268432617 ], [ 4.311022451812367, 50.824136495405916, 18.0 ], [ 4.31088488476666, 50.82412009083928, 18.686428070068359 ], [ 4.310765478014097, 50.824153120553696, 18.435998916625977 ], [ 4.310663032385849, 50.824195526731494, 18.5 ], [ 4.310574193583681, 50.82417625919755, 19.27125358581543 ], [ 4.310604584840108, 50.82426518545811, 18.421854019165039 ], [ 4.310509786107221, 50.824219541035376, 19.156198501586914 ], [ 4.310454251497053, 50.824282120176683, 18.401552200317383 ], [ 4.310300240340089, 50.824307340504667, 19.374914169311523 ], [ 4.310375307771058, 50.824353289665666, 18.887399673461914 ], [ 4.310456131152232, 50.824401779522127, 18.789068222045898 ], [ 4.310637146296005, 50.8243964669131, 19.455198287963867 ], [ 4.310684142050858, 50.82432130656111, 18.977067947387695 ], [ 4.310764617117847, 50.824254775201766, 18.482460021972656 ], [ 4.310897111982539, 50.824279423865882, 19.592512130737305 ], [ 4.311035037882167, 50.824224802322149, 19.010837554931641 ], [ 4.3111281689072, 50.824213653350611, 18.623210906982422 ], [ 4.311301527827476, 50.824211832263572, 19.155582427978516 ], [ 4.311438681477978, 50.824209404574837, 19.060619354248047 ], [ 4.311559142329656, 50.824211730823691, 19.247259140014648 ], [ 4.311680002930446, 50.824182442497538, 19.0 ], [ 4.311826235481861, 50.824172201451312, 19.007425308227539 ], [ 4.311940300557722, 50.824120347126616, 19.155960083007812 ], [ 4.312068365622723, 50.824121534094722, 19.289777755737305 ], [ 4.312159637923522, 50.824056755681774, 18.5 ], [ 4.312214732367749, 50.824136258378402, 19.760486602783203 ], [ 4.312263296543208, 50.824077038527925, 18.917991638183594 ], [ 4.312356269955897, 50.824108426571222, 19.673057556152344 ], [ 4.312441126496513, 50.824045050593789, 18.58851432800293 ], [ 4.312500997928843, 50.824125466256334, 19.454504013061523 ], [ 4.312604307947542, 50.82406527626236, 19.097518920898438 ], [ 4.312752668271493, 50.824078911710039, 19.237712860107422 ], [ 4.312845993478167, 50.824101168747525, 19.574653625488281 ], [ 4.312937762538868, 50.824076451330974, 18.603275299072266 ], [ 4.313063673695768, 50.824116223338052, 19.077556610107422 ], [ 4.313165077764142, 50.824117083469723, 18.946172714233398 ], [ 4.31323563895439, 50.824070945878937, 17.5 ], [ 4.313343520961879, 50.824085380840394, 19.281848907470703 ], [ 4.313453783145398, 50.824085117861941, 19.665700912475586 ], [ 4.313568101657014, 50.824102986062059, 20.245285034179688 ], [ 4.313645945335853, 50.824040697701555, 18.242935180664062 ], [ 4.313756003837147, 50.824025240613643, 18.063999176025391 ], [ 4.313871040868075, 50.823999972318418, 18.413688659667969 ], [ 4.313982665076098, 50.824030775526623, 19.5 ], [ 4.314007485852769, 50.823968953545567, 18.792303085327148 ], [ 4.314102700158831, 50.824017200297952, 19.18440055847168 ], [ 4.314221614682685, 50.82401408509071, 19.5 ], [ 4.314320754377468, 50.823972375476956, 18.5 ], [ 4.314446018672816, 50.82398894735018, 18.968938827514648 ], [ 4.314561355322195, 50.823953834012912, 18.5 ], [ 4.314700705057927, 50.82400052961377, 19.53257942199707 ], [ 4.314817154959434, 50.823933219600384, 18.922225952148438 ], [ 4.314975348218031, 50.823943806621742, 18.664604187011719 ], [ 4.315125872037235, 50.823948879579241, 19.447002410888672 ], [ 4.31527597155965, 50.823940110063177, 20.346141815185547 ], [ 4.315357850385789, 50.823878321609847, 18.555025100708008 ], [ 4.315485841037383, 50.823892097075003, 19.681327819824219 ], [ 4.315596798162101, 50.823816135291807, 18.431097030639648 ], [ 4.315701063676831, 50.823839262504457, 20.175472259521484 ], [ 4.315821330677865, 50.823876398769052, 19.223545074462891 ], [ 4.315952291360714, 50.823893755839848, 18.0 ], [ 4.315995935373704, 50.823964411665258, 19.263025283813477 ], [ 4.316084445705448, 50.824015533148554, 19.001235961914062 ], [ 4.316150741940581, 50.824109015111581, 19.333457946777344 ], [ 4.316249403543549, 50.824174778376658, 19.5 ], [ 4.316385639465172, 50.824198260481872, 19.193111419677734 ], [ 4.316538601756439, 50.824258941059817, 19.0 ], [ 4.316635228019732, 50.824204729305073, 19.0 ], [ 4.316725479402327, 50.824242082632395, 19.470897674560547 ], [ 4.31677239161635, 50.824136422929087, 18.5 ], [ 4.316892915951452, 50.824153257943578, 19.200521469116211 ], [ 4.317078780906441, 50.824115716787922, 19.208883285522461 ], [ 4.31719018297187, 50.824087471513785, 19.0 ], [ 4.317304051051636, 50.82411144884901, 19.737714767456055 ], [ 4.317285462081053, 50.82402640154779, 18.5 ], [ 4.317387416173209, 50.824060799723021, 19.658992767333984 ], [ 4.317421927549113, 50.823972607413474, 19.0 ], [ 4.317486861059322, 50.82402357093617, 19.794284820556641 ], [ 4.317548648832478, 50.823954164238934, 19.0 ], [ 4.317619891644298, 50.824019834999461, 20.533742904663086 ], [ 4.317675826806495, 50.823927184411957, 17.5 ], [ 4.317752689486924, 50.824013608412251, 21.722360610961914 ], [ 4.31777741411844, 50.823947861039763, 18.258171081542969 ], [ 4.3178801223574, 50.823966181518003, 20.536645889282227 ], [ 4.317877416580513, 50.823843031481211, 21.382356643676758 ], [ 4.31789103950826, 50.823780683727009, 19.873607635498047 ], [ 4.317779023390277, 50.823834227469071, 17.5 ], [ 4.317700155464727, 50.82378574946938, 20.997957229614258 ], [ 4.317659339906744, 50.823850381099994, 18.150566101074219 ], [ 4.317543076653013, 50.823874562231914, 19.61720085144043 ], [ 4.317433863300487, 50.823907555695911, 19.0 ], [ 4.317328223797236, 50.823944927440735, 18.83500862121582 ], [ 4.317178255445445, 50.823960218123794, 18.736555099487305 ], [ 4.317078645190709, 50.823975797235242, 18.5 ], [ 4.317002950022349, 50.823931925625409, 21.5 ], [ 4.316963677709141, 50.824021880795897, 18.5 ], [ 4.316866907450944, 50.823990513727274, 19.508354187011719 ], [ 4.316738391673137, 50.824020322363154, 19.467676162719727 ], [ 4.31662175907247, 50.824022131099312, 19.595605850219727 ], [ 4.316472167899836, 50.824055655816757, 18.5 ], [ 4.316527138646445, 50.824005747275862, 19.721292495727539 ], [ 4.316370815779005, 50.823968589285634, 19.272079467773438 ], [ 4.316271957720279, 50.82396183249562, 18.5 ], [ 4.316213116488444, 50.823869853043867, 19.554275512695312 ], [ 4.31607499911247, 50.823848074053679, 19.136608123779297 ], [ 4.31591456879034, 50.823801051914216, 19.420536041259766 ], [ 4.315830796789504, 50.823741045326379, 18.957162857055664 ], [ 4.315820463812765, 50.823631727540779, 21.387912750244141 ], [ 4.315710541784803, 50.823716258271268, 17.5 ], [ 4.315587222789155, 50.823685108260477, 20.145614624023438 ], [ 4.315529255706127, 50.82376076208083, 18.275634765625 ], [ 4.315356283617647, 50.823730885234092, 20.102567672729492 ], [ 4.315319221228261, 50.823801452841039, 18.5 ], [ 4.315177746422784, 50.823776356869701, 19.518829345703125 ], [ 4.315079459952677, 50.823788745335293, 19.5 ], [ 4.31499314994969, 50.823827796219931, 18.806928634643555 ], [ 4.31487982622158, 50.823863237177633, 18.805543899536133 ], [ 4.314775800870672, 50.823817065659554, 20.359348297119141 ] ] ], [ [ [ 4.319792705638904, 50.824147181476221, 18.892261505126953 ], [ 4.319907325927223, 50.824159614534331, 17.251516342163086 ], [ 4.320028087714319, 50.824223525546806, 18.158056259155273 ], [ 4.320115685443687, 50.824261593384747, 17.808115005493164 ], [ 4.320148068516355, 50.824325679060166, 18.940034866333008 ], [ 4.320270393213821, 50.824353955797882, 17.384218215942383 ], [ 4.320294063947793, 50.824439153640213, 19.077857971191406 ], [ 4.320408417330417, 50.82447305217292, 18.610042572021484 ], [ 4.320463237698804, 50.824525911110172, 18.548061370849609 ], [ 4.320434415701846, 50.824586462696615, 19.138469696044922 ], [ 4.320568704775216, 50.824636374923514, 17.5 ], [ 4.320657741077945, 50.824706302783675, 17.5 ], [ 4.320613275435602, 50.824799560124312, 18.761072158813477 ], [ 4.320739290911433, 50.824810381130185, 17.5 ], [ 4.320665328156717, 50.824873050745119, 19.0 ], [ 4.320786427414212, 50.824883077307241, 17.5 ], [ 4.320713726129532, 50.824945234228643, 18.886686325073242 ], [ 4.32079854128728, 50.824987291745188, 17.486480712890625 ], [ 4.32071725983081, 50.825039767970516, 19.120607376098633 ], [ 4.320865395486199, 50.82504078670442, 17.059402465820312 ], [ 4.320809255667208, 50.825094701319237, 18.572769165039062 ], [ 4.320871325373979, 50.825145941379006, 17.889162063598633 ], [ 4.320878933624481, 50.82523072792273, 18.573089599609375 ], [ 4.320849180035939, 50.825307227705657, 18.892852783203125 ], [ 4.320962374318697, 50.825366619748948, 18.518896102905273 ], [ 4.320999006414521, 50.825437473531807, 18.535608291625977 ], [ 4.320978137301773, 50.825509312113084, 18.899761199951172 ], [ 4.320998769471293, 50.825581178107903, 18.944665908813477 ], [ 4.321093746238835, 50.825615537584959, 18.0 ], [ 4.321068993987968, 50.825706915091466, 19.144830703735352 ], [ 4.32112473948126, 50.825769822998986, 18.694709777832031 ], [ 4.32114578808839, 50.825828197689503, 19.0 ], [ 4.321192725011657, 50.825926258419962, 18.446182250976562 ], [ 4.32116628608224, 50.82602734904281, 19.205556869506836 ], [ 4.321281385914538, 50.826081326196892, 17.499790191650391 ], [ 4.321205585369444, 50.826147172074442, 19.86102294921875 ], [ 4.321317810274857, 50.826159482231532, 17.608840942382812 ], [ 4.321284905237765, 50.826228544616697, 19.380483627319336 ], [ 4.321412898304209, 50.826279274875517, 17.0 ], [ 4.321416274174354, 50.826364556905915, 20.177145004272461 ], [ 4.321564615344533, 50.826392046434428, 19.175350189208984 ], [ 4.321478899455266, 50.826440083278847, 20.962251663208008 ], [ 4.32159281677973, 50.826462381246174, 19.549575805664062 ], [ 4.321635184511567, 50.826548503790413, 19.865673065185547 ], [ 4.321622760029586, 50.826641086523175, 21.740242004394531 ], [ 4.321665817306696, 50.826697961608268, 21.501922607421875 ], [ 4.321750604034035, 50.826745710004573, 20.0 ], [ 4.321797385918489, 50.826800970700837, 20.094694137573242 ], [ 4.32188089220314, 50.82684155787657, 19.5 ], [ 4.321823515812762, 50.826897451786998, 23.375722885131836 ], [ 4.321944150822685, 50.826902432560246, 20.0 ], [ 4.321914372314942, 50.826976641269823, 21.613140106201172 ], [ 4.322039532471111, 50.827011645888547, 18.101028442382812 ], [ 4.321945485941612, 50.827061027317413, 23.182655334472656 ], [ 4.3220400752702, 50.827098897010288, 20.664299011230469 ], [ 4.322134597887332, 50.82713683351907, 18.859970092773438 ], [ 4.322124067810397, 50.827213560436995, 21.493499755859375 ], [ 4.322263248205698, 50.82726301423105, 18.690736770629883 ], [ 4.322236766565775, 50.827346776920365, 20.97053337097168 ], [ 4.322317887571417, 50.827402264922846, 20.442573547363281 ], [ 4.322352721470951, 50.827477149353008, 21.886520385742188 ], [ 4.322462590384064, 50.827489134936286, 19.815422058105469 ], [ 4.322519488378701, 50.827549857494084, 20.438682556152344 ], [ 4.322579673459, 50.827605424386626, 20.456182479858398 ], [ 4.322577079294965, 50.827672789166414, 21.365859985351562 ], [ 4.322723629190589, 50.827752571045451, 19.970247268676758 ], [ 4.322782028260082, 50.827799686818373, 20.150474548339844 ], [ 4.32289010260948, 50.827865703168051, 19.567668914794922 ], [ 4.322845812164154, 50.827954714600374, 23.249650955200195 ], [ 4.322997874322169, 50.827929348857907, 19.494035720825195 ], [ 4.322999241769833, 50.828001232729072, 20.761236190795898 ], [ 4.323090168742403, 50.82804426282474, 20.5 ], [ 4.32315818060857, 50.828109950651715, 20.333784103393555 ], [ 4.323216365362095, 50.828179321861349, 21.395509719848633 ], [ 4.323326479601206, 50.828237768036146, 20.163751602172852 ], [ 4.323336448008016, 50.828305805034439, 22.353729248046875 ], [ 4.323527729168999, 50.828269256033586, 17.210962295532227 ], [ 4.323402155224408, 50.828359999428059, 22.871360778808594 ], [ 4.323516832707618, 50.828365775609825, 20.124731063842773 ], [ 4.323559546289154, 50.828458682927646, 20.680852890014648 ], [ 4.323653355187957, 50.828511132181177, 19.95648193359375 ], [ 4.323690998205903, 50.828586712981597, 19.796628952026367 ], [ 4.323696690814725, 50.828668399793635, 21.728948593139648 ], [ 4.323825378745782, 50.828661845849254, 20.097183227539062 ], [ 4.323862347552361, 50.828748134595486, 19.95958137512207 ], [ 4.323950825774995, 50.828817804129017, 18.886358261108398 ], [ 4.323837643107201, 50.828818089647335, 22.5 ], [ 4.323987065278053, 50.828882199820214, 19.287353515625 ], [ 4.323958269379233, 50.828948086361777, 22.5 ], [ 4.324079097137133, 50.828917923768103, 17.0 ], [ 4.324067772230411, 50.828992647693127, 21.99357795715332 ], [ 4.32414019759504, 50.82903787076539, 21.782861709594727 ], [ 4.324193265787832, 50.829092820875665, 21.925819396972656 ], [ 4.324330052985171, 50.829069900218833, 18.589056015014648 ], [ 4.324363512167949, 50.829150201856038, 20.459022521972656 ], [ 4.324457703595542, 50.829207983487564, 20.923234939575195 ], [ 4.324592244029444, 50.829218643733135, 19.100210189819336 ], [ 4.324647510957896, 50.829304854666987, 22.160303115844727 ], [ 4.324754693486475, 50.829227082262328, 18.023643493652344 ], [ 4.324781824801556, 50.829300241973542, 20.894552230834961 ], [ 4.324916757365847, 50.829343436748118, 18.783653259277344 ], [ 4.324952379057602, 50.829432717745526, 22.524894714355469 ], [ 4.325084087808708, 50.829408025563325, 16.641883850097656 ], [ 4.325067203630603, 50.829470047322772, 22.5 ], [ 4.32518303581725, 50.829402208725149, 16.842967987060547 ], [ 4.325218351389398, 50.829499591439671, 19.554374694824219 ], [ 4.325179357980821, 50.829568761847788, 22.833442687988281 ], [ 4.325291028913636, 50.829588572759768, 18.03611946105957 ], [ 4.325318350642622, 50.829678596560811, 22.339460372924805 ], [ 4.325409327358093, 50.829655241536017, 18.076509475708008 ], [ 4.32557930980402, 50.829694152575541, 22.201078414916992 ], [ 4.325623951626034, 50.8296291196082, 23.059249877929688 ], [ 4.32555384692626, 50.829558133158585, 20.375648498535156 ], [ 4.325482114398326, 50.8294878021659, 19.235681533813477 ], [ 4.325490144784703, 50.829392006689055, 22.101232528686523 ], [ 4.325406149808727, 50.829363349025869, 21.593416213989258 ], [ 4.325267284678466, 50.82933624929688, 18.683481216430664 ], [ 4.325195998638516, 50.829275485953289, 20.374702453613281 ], [ 4.325142860468715, 50.829224289765399, 22.0 ], [ 4.325029619202263, 50.829270448374238, 18.516544342041016 ], [ 4.325040251851386, 50.829202115364183, 22.0 ], [ 4.324945807658347, 50.829168395716046, 22.0 ], [ 4.324754423746183, 50.829154923400758, 17.348665237426758 ], [ 4.324751782106752, 50.82908278429101, 22.0 ], [ 4.324650298406676, 50.829125631037506, 18.319549560546875 ], [ 4.324655240168341, 50.829060696033444, 21.715883255004883 ], [ 4.324551188422197, 50.829080609839231, 19.043857574462891 ], [ 4.324476229131784, 50.829028479115848, 19.758228302001953 ], [ 4.324454619383124, 50.828959311859577, 20.0 ], [ 4.324559429374765, 50.828949689377694, 19.986652374267578 ], [ 4.324661456547013, 50.828969328915974, 21.202701568603516 ], [ 4.324686607991691, 50.828894860294341, 19.855535507202148 ], [ 4.324785798629152, 50.828851816648807, 22.235973358154297 ], [ 4.324802472225984, 50.828769072531095, 20.4140625 ], [ 4.324879330792911, 50.82869481664261, 22.577564239501953 ], [ 4.32476083985297, 50.828643368192097, 20.025875091552734 ], [ 4.324767342731363, 50.828540668345248, 20.484109878540039 ], [ 4.324570281923953, 50.828629640720976, 20.5 ], [ 4.324381645118039, 50.828554813005297, 20.481611251831055 ], [ 4.32417419023902, 50.828525265668567, 20.028032302856445 ], [ 4.324330040454218, 50.828393244270735, 20.5 ], [ 4.324074448634387, 50.828424362768665, 20.123926162719727 ], [ 4.324004874523188, 50.828226799479445, 20.5 ], [ 4.32374632513261, 50.828157973000764, 19.932435989379883 ], [ 4.323857224182186, 50.827973511657206, 20.5 ], [ 4.323591790718301, 50.827937520469689, 20.099359512329102 ], [ 4.323643556309545, 50.82769890067766, 20.5 ], [ 4.323194569157119, 50.82772973741092, 19.888853073120117 ], [ 4.323483308411793, 50.827555715833, 20.5 ], [ 4.323217549273998, 50.827605428088276, 20.5 ], [ 4.323077275207846, 50.827693584458082, 20.0 ], [ 4.323086234052101, 50.827511899729771, 20.361425399780273 ], [ 4.322963331949237, 50.827512706520402, 20.219135284423828 ], [ 4.322996058833105, 50.827345630639257, 20.5 ], [ 4.32266340148709, 50.827204280072976, 20.285573959350586 ], [ 4.322675555966956, 50.827040917992846, 20.5 ], [ 4.322421740465205, 50.827010858541129, 20.266881942749023 ], [ 4.32228068712187, 50.826863338502811, 20.308063507080078 ], [ 4.322172972196515, 50.826701972766784, 20.494052886962891 ], [ 4.321912415070559, 50.826760785924449, 20.174163818359375 ], [ 4.321810460107907, 50.826695765595474, 20.5 ], [ 4.321718961549733, 50.826624778965986, 19.831087112426758 ], [ 4.321815703003862, 50.82652555946715, 20.0 ], [ 4.321679044202607, 50.826390586499308, 20.0 ], [ 4.321561980387195, 50.82631957500103, 19.549392700195312 ], [ 4.321532447022567, 50.826232632222627, 19.518405914306641 ], [ 4.321430035019155, 50.826171792456144, 17.0 ], [ 4.321520513083091, 50.826080216497395, 20.0 ], [ 4.321400629038209, 50.826053054874755, 17.0 ], [ 4.321393331889158, 50.825929049726973, 19.137994766235352 ], [ 4.321383549424144, 50.825852190585508, 19.568347930908203 ], [ 4.321374495806959, 50.825775295584513, 19.611366271972656 ], [ 4.321236286963729, 50.82578439683811, 17.0 ], [ 4.321325720253355, 50.82567868808016, 19.631366729736328 ], [ 4.321231616253849, 50.825670812376295, 17.778535842895508 ], [ 4.321297313772252, 50.825621246612663, 19.62571907043457 ], [ 4.321203074937488, 50.825613472705101, 18.128894805908203 ], [ 4.321246071036273, 50.825537926668204, 19.513175964355469 ], [ 4.321142619588669, 50.825491500157511, 18.0 ], [ 4.321244035855819, 50.825470293262327, 19.803924560546875 ], [ 4.321096209840587, 50.825437403674819, 18.0 ], [ 4.321142425401732, 50.825383240772943, 19.418159484863281 ], [ 4.321088647131862, 50.825313776531793, 18.664054870605469 ], [ 4.320971310520823, 50.82529227884703, 18.198478698730469 ], [ 4.321046275495133, 50.825225612797091, 18.605417251586914 ], [ 4.321020160374951, 50.825145454900891, 18.575567245483398 ], [ 4.320971384204187, 50.825076151583197, 17.487991333007812 ], [ 4.3210007034713, 50.825002581998191, 20.0 ], [ 4.320886501421604, 50.824947911017318, 17.5 ], [ 4.320901831231958, 50.824857761835737, 19.323953628540039 ], [ 4.320854127368777, 50.824781545560747, 19.170829772949219 ], [ 4.320750451860449, 50.82473245709491, 17.5 ], [ 4.320808258626167, 50.824654741515459, 20.0 ], [ 4.320708716702024, 50.824650716112167, 17.5 ], [ 4.320691210182597, 50.824547468555991, 18.907070159912109 ], [ 4.320562546661146, 50.824519344392961, 17.0 ], [ 4.320590108378546, 50.824407922533197, 20.064788818359375 ], [ 4.320480550529495, 50.824407417439843, 17.418966293334961 ], [ 4.320407330525882, 50.824302014866603, 19.370407104492188 ], [ 4.320326730291054, 50.824259363704421, 18.783313751220703 ], [ 4.320221737767976, 50.824257668333715, 17.0 ], [ 4.320241869034626, 50.824195520893369, 19.432792663574219 ], [ 4.320149637523394, 50.824170780539909, 17.994758605957031 ], [ 4.320004511575707, 50.82411916602436, 17.600269317626953 ], [ 4.319910444235051, 50.824032195829574, 18.886886596679688 ], [ 4.319781757015527, 50.82403366766988, 17.5 ], [ 4.319701862556585, 50.823937796599999, 20.158008575439453 ], [ 4.319594547095678, 50.82396847165213, 17.5 ], [ 4.319503031845922, 50.823920697725789, 17.5 ], [ 4.31950205155967, 50.823998439603734, 17.5 ], [ 4.319564741330328, 50.824089505974619, 20.318817138671875 ], [ 4.31970343301736, 50.824093667221533, 17.5 ], [ 4.319792705638904, 50.824147181476221, 18.892261505126953 ] ] ], [ [ [ 4.320950416200709, 50.832711466229831, 19.983360290527344 ], [ 4.321024183959158, 50.83277796387334, 21.364557266235352 ], [ 4.321131356044424, 50.832754985749283, 19.793022155761719 ], [ 4.321225112153801, 50.832795098781901, 19.811317443847656 ], [ 4.321339080771437, 50.832846869017722, 21.34443473815918 ], [ 4.321479286916286, 50.832844494475417, 19.770593643188477 ], [ 4.321540228655565, 50.832919857097771, 19.836437225341797 ], [ 4.321555034549915, 50.832996228762433, 19.831226348876953 ], [ 4.321419017633914, 50.833035154912267, 21.5 ], [ 4.321526385389823, 50.833070847504224, 20.0 ], [ 4.321400578562502, 50.833105643946972, 20.0 ], [ 4.321378693652317, 50.833177905892612, 20.0 ], [ 4.32140177713763, 50.833250018122527, 19.987024307250977 ], [ 4.321262157768143, 50.833280506538429, 19.917726516723633 ], [ 4.321279197382246, 50.833354349996604, 19.989400863647461 ], [ 4.32117943702835, 50.833400044669567, 19.935050964355469 ], [ 4.321108227598469, 50.833463650006621, 21.113876342773438 ], [ 4.320950174594385, 50.83345330443403, 19.0 ], [ 4.320803125039138, 50.833444212819394, 19.616928100585938 ], [ 4.320722503968183, 50.833390154996508, 19.874340057373047 ], [ 4.320624581288152, 50.833362573482873, 20.0 ], [ 4.320520290494622, 50.833346943023344, 20.0 ], [ 4.320518413762217, 50.833533254531901, 20.390464782714844 ], [ 4.32065122302286, 50.833555716080589, 19.897161483764648 ], [ 4.32075507597817, 50.833630066815964, 20.121356964111328 ], [ 4.320888590789633, 50.833715985265627, 20.390678405761719 ], [ 4.320957973296979, 50.833755903078384, 20.198404312133789 ], [ 4.321242403928467, 50.833748427465451, 20.422760009765625 ], [ 4.321220736254928, 50.833669625491815, 20.094627380371094 ], [ 4.321292519634765, 50.833619839069378, 20.203140258789062 ], [ 4.32130366994535, 50.833552792104449, 20.23664665222168 ], [ 4.321265727406447, 50.833455659879377, 19.946735382080078 ], [ 4.321446756016198, 50.833482881193589, 20.432878494262695 ], [ 4.321532757697454, 50.833399025194197, 20.105014801025391 ], [ 4.321584652601309, 50.833347908120366, 21.85212516784668 ], [ 4.321649599019908, 50.833243532068941, 19.5 ], [ 4.321569087555192, 50.83314272116521, 19.5 ], [ 4.321746393684601, 50.833155155485045, 23.873954772949219 ], [ 4.321667463295781, 50.833093337073329, 19.5 ], [ 4.321771421259713, 50.833048774604002, 19.5 ], [ 4.321815996822623, 50.832950555762316, 19.5 ], [ 4.321912945429009, 50.832887544954843, 20.292905807495117 ], [ 4.321915493700116, 50.832801108788125, 19.5 ], [ 4.32200748371118, 50.832864984346024, 23.473129272460938 ], [ 4.322051639838104, 50.832807438728857, 19.5 ], [ 4.322136520289424, 50.832869125906981, 20.868387222290039 ], [ 4.322239823470237, 50.832865617637012, 19.5 ], [ 4.322337315891789, 50.832944583816506, 19.167724609375 ], [ 4.322276014273034, 50.833007730334465, 19.213737487792969 ], [ 4.322151342811052, 50.833038156468341, 24.050729751586914 ], [ 4.322262977340106, 50.833097518998429, 19.0 ], [ 4.322121179031554, 50.833118925034384, 22.244350433349609 ], [ 4.322116067094573, 50.833201858479867, 19.383590698242188 ], [ 4.322103953391172, 50.833288025667791, 19.416509628295898 ], [ 4.32202716018991, 50.833330828070217, 19.468183517456055 ], [ 4.321935449299882, 50.833349472478417, 24.079925537109375 ], [ 4.322013091179834, 50.833394997145881, 19.424264907836914 ], [ 4.321912106719812, 50.833408650938772, 21.760120391845703 ], [ 4.321986829189193, 50.833466418869449, 19.417253494262695 ], [ 4.321871084059242, 50.83346866122637, 21.965747833251953 ], [ 4.321830909536085, 50.833572105122542, 19.511590957641602 ], [ 4.32186416071501, 50.833660867757068, 19.5 ], [ 4.321725089262481, 50.833696116480937, 20.084737777709961 ], [ 4.32167330902772, 50.833800405882457, 19.5 ], [ 4.321638547594894, 50.833870095099648, 19.5 ], [ 4.321552044345097, 50.833918472743292, 21.917110443115234 ], [ 4.321501749591984, 50.833972922472547, 21.940866470336914 ], [ 4.321525765424993, 50.834034142367365, 19.434980392456055 ], [ 4.321422020722156, 50.834077140604364, 21.04680061340332 ], [ 4.321446570757169, 50.834166830775274, 19.381866455078125 ], [ 4.321293148836063, 50.834207989476795, 23.92596435546875 ], [ 4.321286828858418, 50.834297421991295, 19.477968215942383 ], [ 4.321196784489387, 50.834366435302123, 20.926097869873047 ], [ 4.321129808899081, 50.834483902427031, 19.907543182373047 ], [ 4.32109749605887, 50.834544164696354, 19.5 ], [ 4.321079212490567, 50.83465459369264, 19.5 ], [ 4.320982202842745, 50.834676540044129, 20.863063812255859 ], [ 4.321001500847648, 50.83474880914806, 19.5 ], [ 4.320929410683851, 50.834836208859038, 20.077520370483398 ], [ 4.320969476890429, 50.834932328807291, 20.246759414672852 ], [ 4.321024923551042, 50.834833755720183, 19.804536819458008 ], [ 4.321137371468699, 50.834754540364393, 20.946617126464844 ], [ 4.321192935802105, 50.834684815248366, 20.957252502441406 ], [ 4.321202055807777, 50.834606928440898, 19.5 ], [ 4.32122586105267, 50.834540441991912, 19.5 ], [ 4.321308314420611, 50.834504047411087, 21.0 ], [ 4.321305413467668, 50.834426001938255, 19.5 ], [ 4.321433178572576, 50.834416251183512, 20.906314849853516 ], [ 4.321527833798137, 50.834534774665038, 20.992610931396484 ], [ 4.321639378790517, 50.834519378448107, 19.47917366027832 ], [ 4.321726516508509, 50.834566086927488, 20.990379333496094 ], [ 4.321833249682716, 50.834522526007774, 19.210836410522461 ], [ 4.321839063179516, 50.834602852693997, 20.984075546264648 ], [ 4.321962510230999, 50.834584959450588, 19.267866134643555 ], [ 4.321997880348874, 50.834680920023509, 21.0 ], [ 4.322001983555868, 50.834750825374385, 19.5 ], [ 4.321861674871915, 50.834779097243462, 20.898843765258789 ], [ 4.321886896120478, 50.83485900043113, 20.878856658935547 ], [ 4.321849455431624, 50.834943922650417, 19.238836288452148 ], [ 4.321721121067402, 50.834975555228965, 20.578762054443359 ], [ 4.321844595298659, 50.835014173459705, 20.600175857543945 ], [ 4.321721084352113, 50.835074067588579, 20.387479782104492 ], [ 4.321652194560385, 50.835162394190739, 20.557886123657227 ], [ 4.321604729483167, 50.835227314528936, 19.370094299316406 ], [ 4.321541694095543, 50.835181018355428, 20.743881225585938 ], [ 4.321450009503177, 50.835200144696813, 19.445930480957031 ], [ 4.321376137513229, 50.835133441110557, 21.102182388305664 ], [ 4.321257150620407, 50.835164429208326, 19.771913528442383 ], [ 4.321162663193339, 50.835193866494272, 19.910926818847656 ], [ 4.321103476947836, 50.835249020485307, 20.0 ], [ 4.320988175409778, 50.835223925201703, 20.07274055480957 ], [ 4.320880749293222, 50.835221478166574, 20.214242935180664 ], [ 4.320836861527045, 50.835302827079836, 20.136167526245117 ], [ 4.320692141613078, 50.835334946411628, 20.26725959777832 ], [ 4.320820419392556, 50.835388159528009, 20.012224197387695 ], [ 4.320937347913331, 50.835360627549015, 21.5 ], [ 4.320998284285529, 50.835291695152925, 20.0 ], [ 4.321054599576793, 50.835387603323461, 21.412298202514648 ], [ 4.321196907240897, 50.835378434783699, 19.845577239990234 ], [ 4.321171701860097, 50.835439622681825, 21.254724502563477 ], [ 4.321329173952352, 50.83548175024837, 19.755609512329102 ], [ 4.321416979565758, 50.835505240354379, 19.767019271850586 ], [ 4.321440934504347, 50.835563664156496, 21.198442459106445 ], [ 4.321543380119389, 50.835567163581594, 19.757732391357422 ], [ 4.321598320510319, 50.835622030534999, 21.249422073364258 ], [ 4.3217216869116, 50.835601748148889, 19.943845748901367 ], [ 4.321708304689106, 50.835662817584726, 19.900789260864258 ], [ 4.321792320816165, 50.835693974580835, 20.012514114379883 ], [ 4.321900189603645, 50.835587262454098, 20.236795425415039 ], [ 4.321823746286174, 50.83550788597217, 20.132814407348633 ], [ 4.321642022836473, 50.835433883925944, 19.949367523193359 ], [ 4.321804469334582, 50.835429573809449, 21.335803985595703 ], [ 4.321788010851902, 50.835351003927137, 19.630182266235352 ], [ 4.321902835228156, 50.835380565830484, 21.282752990722656 ], [ 4.321869412765745, 50.835304790404408, 19.501031875610352 ], [ 4.321976849551621, 50.835317603476845, 21.20283317565918 ], [ 4.321974948290427, 50.835244875523394, 19.460899353027344 ], [ 4.322060473742264, 50.835196320626522, 19.428712844848633 ], [ 4.322203167448055, 50.835094672388664, 19.477724075317383 ], [ 4.322309867958206, 50.835074318625814, 21.0 ], [ 4.322378965915805, 50.835129682480215, 21.0 ], [ 4.322479001023899, 50.835200078163851, 19.86735725402832 ], [ 4.322600630633617, 50.835225611548353, 20.03040885925293 ], [ 4.322618902463796, 50.835301499131553, 21.773277282714844 ], [ 4.322768651442998, 50.835301812500134, 19.332355499267578 ], [ 4.322812426947373, 50.835370940879301, 19.223363876342773 ], [ 4.322924603774634, 50.835344045703309, 20.5 ], [ 4.323014672745627, 50.835300031203182, 19.45025634765625 ], [ 4.323029404223976, 50.835228593548436, 20.0 ], [ 4.323159271013332, 50.835318492945021, 19.804826736450195 ], [ 4.323289863132658, 50.835360556018458, 19.5 ], [ 4.323297509683397, 50.835434727582651, 19.5 ], [ 4.323274686654014, 50.835510573059381, 21.0 ], [ 4.323327981934437, 50.835562367439117, 19.5 ], [ 4.323196025964939, 50.835579922321784, 21.007755279541016 ], [ 4.323184575394837, 50.835676102444275, 19.53154182434082 ], [ 4.323090461958268, 50.835617169633679, 21.135282516479492 ], [ 4.323081306546811, 50.835693474061337, 19.671726226806641 ], [ 4.322989319414435, 50.835659048757009, 21.264974594116211 ], [ 4.322970427219274, 50.835745785838547, 19.770505905151367 ], [ 4.322844014258527, 50.835784514364185, 20.0 ], [ 4.322701768713054, 50.83573100795531, 20.0 ], [ 4.3227062563077, 50.835802297913034, 20.0 ], [ 4.322601113422342, 50.835817715107169, 19.931240081787109 ], [ 4.322688206681925, 50.835871970388474, 19.743322372436523 ], [ 4.322721533627011, 50.835945656797826, 19.632091522216797 ], [ 4.322566156988642, 50.835956982068808, 21.270809173583984 ], [ 4.322521354320143, 50.836047846048643, 19.845230102539062 ], [ 4.322636892905981, 50.836124787526416, 20.231233596801758 ], [ 4.32279887526649, 50.836097372511055, 19.947244644165039 ], [ 4.322858437437485, 50.836040371464463, 21.050991058349609 ], [ 4.322932014095159, 50.835988154353359, 17.5 ], [ 4.322965681923375, 50.836048102042263, 20.625080108642578 ], [ 4.32306457519483, 50.836029166361001, 20.436159133911133 ], [ 4.323147445684459, 50.835990097223061, 19.853214263916016 ], [ 4.323256984166534, 50.835938480021618, 19.165180206298828 ], [ 4.32334082781525, 50.835986545340759, 20.905023574829102 ], [ 4.323415176370151, 50.83593037425527, 19.95079231262207 ], [ 4.323615244160663, 50.835936812907846, 21.008403778076172 ], [ 4.323620678487017, 50.835868940188725, 19.408084869384766 ], [ 4.323720309845958, 50.835922955305904, 21.0 ], [ 4.323698686945414, 50.836029599995641, 19.62391471862793 ], [ 4.323542814596042, 50.835986961655792, 21.061822891235352 ], [ 4.323441679732248, 50.836014276170076, 21.077102661132812 ], [ 4.3233616551265, 50.836062021169937, 19.629690170288086 ], [ 4.323246440594572, 50.836038619279051, 21.037015914916992 ], [ 4.323270216275114, 50.836149968028394, 19.770273208618164 ], [ 4.323233776189388, 50.836279003782913, 20.163152694702148 ], [ 4.323589998412253, 50.836204586594462, 19.883213043212891 ], [ 4.323674817131213, 50.836346929212404, 19.779195785522461 ], [ 4.323800261399297, 50.836424631494182, 19.612531661987305 ], [ 4.323833899980463, 50.836524657528685, 19.309701919555664 ], [ 4.323826503517207, 50.836611681551943, 20.042049407958984 ], [ 4.323854403610929, 50.836678842215967, 20.284042358398438 ], [ 4.324016822853728, 50.836678938454853, 19.46624755859375 ], [ 4.324207744640038, 50.836661316819871, 19.993083953857422 ], [ 4.324248068964961, 50.836766413852651, 19.43541145324707 ], [ 4.32404692586227, 50.836885186866233, 19.509958267211914 ], [ 4.323810669449924, 50.837035133132368, 19.514043807983398 ], [ 4.323673689721901, 50.837014186227677, 19.88209342956543 ], [ 4.323698422325168, 50.83708900945485, 18.5 ], [ 4.323547651891523, 50.837110515483303, 20.357526779174805 ], [ 4.323606489468555, 50.837156580522922, 18.932647705078125 ], [ 4.323479962532732, 50.837205855984784, 20.200834274291992 ], [ 4.323491685027985, 50.837294580211505, 18.68463134765625 ], [ 4.323399833850556, 50.837257286631278, 20.480743408203125 ], [ 4.323341656640003, 50.837372010972004, 19.035261154174805 ], [ 4.323174099857312, 50.837388555784862, 20.392227172851562 ], [ 4.323286375004041, 50.837438387618612, 19.5 ], [ 4.323302707425321, 50.837504710028647, 18.998325347900391 ], [ 4.323428223890025, 50.837448779800091, 20.218816757202148 ], [ 4.323577699813373, 50.837497942447385, 20.041069030761719 ], [ 4.323672265325199, 50.837544396993678, 19.945867538452148 ], [ 4.323791894362079, 50.837546736737892, 18.322927474975586 ], [ 4.32384495535114, 50.837629331369179, 19.826910018920898 ], [ 4.323722970676215, 50.83771796647865, 19.986152648925781 ], [ 4.323553062581968, 50.837678732426255, 20.432868957519531 ], [ 4.323454832336905, 50.837636627468797, 20.447175979614258 ], [ 4.323326802538165, 50.837611589995056, 18.997289657592773 ], [ 4.323229498258995, 50.837553255091059, 19.519771575927734 ], [ 4.323184832335036, 50.837644835460502, 19.938432693481445 ], [ 4.323373279895526, 50.837691171503955, 19.507444381713867 ], [ 4.323473335961105, 50.837743857086693, 19.485269546508789 ], [ 4.323514894618072, 50.837821954567758, 19.780349731445312 ], [ 4.323607793192274, 50.837865496683307, 19.651634216308594 ], [ 4.323717691591962, 50.837883198041489, 19.370508193969727 ], [ 4.323712032840513, 50.837992592999683, 19.801496505737305 ], [ 4.323770020348487, 50.838074119025123, 20.5 ], [ 4.323852962662651, 50.838001756104156, 19.470930099487305 ], [ 4.323972930558978, 50.838049471614426, 20.557064056396484 ], [ 4.32398574066959, 50.837970473706243, 19.021795272827148 ], [ 4.324074342686359, 50.838042121145889, 20.142623901367188 ], [ 4.324212330575836, 50.838022668455281, 18.807746887207031 ], [ 4.324235117410544, 50.838111161843287, 19.885236740112305 ], [ 4.324391514849375, 50.838161959924641, 20.049745559692383 ], [ 4.324497466382356, 50.838210650301242, 19.5 ], [ 4.324349313019986, 50.838269346111787, 19.5 ], [ 4.324222074604057, 50.838251995239432, 19.5 ], [ 4.324226502432803, 50.838344660483919, 19.5 ], [ 4.324198849880365, 50.838423522003438, 19.5 ], [ 4.324092340189348, 50.83846798813677, 20.117557525634766 ], [ 4.324045380876259, 50.838588137807157, 18.920097351074219 ], [ 4.323923316884862, 50.838491462370101, 21.451272964477539 ], [ 4.323925862299116, 50.83856940835814, 19.384330749511719 ], [ 4.323829694356107, 50.838618092390647, 19.5 ], [ 4.32383050443034, 50.83853166702071, 19.776885986328125 ], [ 4.323718257154261, 50.838527360718295, 19.640016555786133 ], [ 4.323550621158316, 50.838483271014589, 19.621885299682617 ], [ 4.323329464354787, 50.83845740999552, 19.5 ], [ 4.32313456470866, 50.838420923902952, 19.479656219482422 ], [ 4.323002722854769, 50.838377813782927, 19.480712890625 ], [ 4.323030743269368, 50.838285547232402, 19.744810104370117 ], [ 4.322910760498917, 50.838304077471896, 19.58546257019043 ], [ 4.322879133374471, 50.838228484013442, 19.903453826904297 ], [ 4.322754954930822, 50.838289764622957, 19.497951507568359 ], [ 4.322625386940867, 50.838233134338687, 19.567567825317383 ], [ 4.322626477679083, 50.838161179379682, 19.632474899291992 ], [ 4.32256908713362, 50.838099071610472, 19.774772644042969 ], [ 4.322341257574742, 50.83805772801206, 19.820877075195312 ], [ 4.322065951588025, 50.838265445601635, 19.531044006347656 ], [ 4.322117561227214, 50.83833214419748, 19.774225234985352 ], [ 4.322234427601779, 50.838325775512466, 19.211767196655273 ], [ 4.322382489733466, 50.838377188019486, 19.49159049987793 ], [ 4.322327046903771, 50.83843336693829, 20.578060150146484 ], [ 4.322295983158053, 50.838496625179253, 18.575706481933594 ], [ 4.322240592283168, 50.83856617158505, 18.5 ], [ 4.32212273718007, 50.838588483272005, 20.593305587768555 ], [ 4.322282318559676, 50.838639443631223, 18.554372787475586 ], [ 4.32235987090169, 50.838703186530246, 20.36859130859375 ], [ 4.322486798465257, 50.838706367363656, 18.710065841674805 ], [ 4.322536640192403, 50.838767160947747, 20.614381790161133 ], [ 4.322646118182019, 50.83875711645274, 18.761333465576172 ], [ 4.322712405246643, 50.838805001780962, 20.0 ], [ 4.322905432879235, 50.838788507008339, 20.611934661865234 ], [ 4.322843756521912, 50.838736717542297, 20.0 ], [ 4.322901034166407, 50.838682940859499, 20.220056533813477 ], [ 4.322955003698326, 50.838634177598614, 20.559341430664062 ], [ 4.323044939426063, 50.838552917434313, 19.195396423339844 ], [ 4.323049042453165, 50.838634272350774, 20.825956344604492 ], [ 4.32316941019967, 50.838573251120266, 19.5 ], [ 4.32322436840494, 50.838685439049797, 19.5 ], [ 4.323120832308525, 50.838681663106946, 21.0 ], [ 4.323210134026811, 50.83881310388707, 19.5 ], [ 4.323072176239593, 50.838818624076495, 19.5 ], [ 4.32307135853407, 50.838906151844306, 19.381492614746094 ], [ 4.322946258593881, 50.838953893680547, 20.722450256347656 ], [ 4.322802732553346, 50.838950581232588, 19.148593902587891 ], [ 4.322696145388313, 50.838917262520084, 19.5 ], [ 4.322542324468896, 50.838868728147801, 19.5 ], [ 4.322437454089996, 50.838859759532291, 19.538934707641602 ], [ 4.322267694901742, 50.838900630491999, 19.793825149536133 ], [ 4.322281905981754, 50.839141515659747, 19.5 ], [ 4.321993089883057, 50.839022477716384, 19.704797744750977 ], [ 4.321899632200598, 50.839053773071562, 21.078954696655273 ], [ 4.321939711241364, 50.839115718765107, 19.5 ], [ 4.32199474360452, 50.839176980028235, 19.5 ], [ 4.322107057107396, 50.839245472654824, 19.5 ], [ 4.32222993493942, 50.839269638276704, 19.5 ], [ 4.322268176222186, 50.839361150962311, 20.92268180847168 ], [ 4.32218666299249, 50.839432600899997, 19.605436325073242 ], [ 4.322155188917717, 50.839569207677606, 19.653305053710938 ], [ 4.322221760809161, 50.839628755740826, 20.813331604003906 ], [ 4.322221676144118, 50.83971484084946, 19.091886520385742 ], [ 4.322088336909208, 50.839698034626309, 21.031427383422852 ], [ 4.322071850789027, 50.839799339940143, 19.345928192138672 ], [ 4.322003149382434, 50.839740578680924, 21.036970138549805 ], [ 4.321956500832518, 50.839802603020104, 19.5 ], [ 4.321840742525228, 50.839829372546738, 19.800922393798828 ], [ 4.321770776186947, 50.839903092558536, 19.603023529052734 ], [ 4.321611861968018, 50.839921072319591, 19.903749465942383 ], [ 4.321612309691739, 50.840006391931411, 19.904029846191406 ], [ 4.321753355286525, 50.839963434882108, 20.442867279052734 ], [ 4.321867022792429, 50.839896097633215, 19.186738967895508 ], [ 4.322019928263956, 50.839882499293886, 19.082302093505859 ], [ 4.322097568486584, 50.839957195897647, 19.0 ], [ 4.322038401986497, 50.840034637854934, 19.0 ], [ 4.322017465917854, 50.840108782400129, 19.0 ], [ 4.32200860582395, 50.840221353008808, 19.408647537231445 ], [ 4.321938158050124, 50.840276669954584, 19.542062759399414 ], [ 4.321985168147008, 50.840353780899548, 19.728738784790039 ], [ 4.322098722735115, 50.84031300816234, 19.5 ], [ 4.322236135540594, 50.84024908408211, 19.663976669311523 ], [ 4.322303682657081, 50.840068113094382, 19.533891677856445 ], [ 4.322477863811192, 50.840205180025272, 19.782915115356445 ], [ 4.322720136143238, 50.840125287457376, 19.487506866455078 ], [ 4.322773224232834, 50.840286520390876, 19.827939987182617 ], [ 4.322880740070376, 50.840193253883676, 19.340696334838867 ], [ 4.322880991140506, 50.840356973805029, 19.966552734375 ], [ 4.323048415267079, 50.840344630564083, 19.626977920532227 ], [ 4.323193542333628, 50.840398910781985, 19.0 ], [ 4.32319098877953, 50.840483368415981, 20.402463912963867 ], [ 4.323291654998746, 50.840450071959935, 19.255647659301758 ], [ 4.323436794902127, 50.840509368589757, 20.218357086181641 ], [ 4.323412834032077, 50.840426450898477, 19.395185470581055 ], [ 4.323413851258601, 50.840356420955864, 19.235721588134766 ], [ 4.323402584489924, 50.840291144826331, 19.143178939819336 ], [ 4.32345952584741, 50.840241053941277, 20.673368453979492 ], [ 4.323431358446072, 50.840181969646274, 19.074583053588867 ], [ 4.323444569444891, 50.840121635653972, 19.076869964599609 ], [ 4.323380842343964, 50.840076007125553, 19.0 ], [ 4.323493285329644, 50.840013044843104, 20.5 ], [ 4.323416962109055, 50.83994991500083, 19.0 ], [ 4.323534301026229, 50.83992161806502, 20.5 ], [ 4.323432557053771, 50.839864154422578, 19.0 ], [ 4.323570901570513, 50.839830791639194, 19.0 ], [ 4.323703551733607, 50.839842906731448, 19.0 ], [ 4.323820890686766, 50.839823354090008, 19.0 ], [ 4.323902865797055, 50.839869652166279, 20.5 ], [ 4.324011587536535, 50.839879581537097, 20.5 ], [ 4.324185001003896, 50.839862518164338, 19.0 ], [ 4.32429763084302, 50.839883730810442, 20.5 ], [ 4.324411470981844, 50.839865288471749, 19.0 ], [ 4.324498422368383, 50.839922217843437, 20.571165084838867 ], [ 4.324615564555562, 50.839894459044864, 20.56053352355957 ], [ 4.324843168267176, 50.839926989003864, 19.145229339599609 ], [ 4.324946408039351, 50.83992873889941, 19.09814453125 ], [ 4.324902596629157, 50.840008659089051, 20.739198684692383 ], [ 4.325027609596025, 50.839957240117926, 19.052484512329102 ], [ 4.325035725932143, 50.840015802052555, 20.620040893554688 ], [ 4.325204575815713, 50.840007621814621, 20.089986801147461 ], [ 4.325362119595794, 50.839968297016917, 18.5 ], [ 4.325387868638948, 50.840032204659686, 20.0 ], [ 4.325492022372517, 50.840033094245058, 18.5 ], [ 4.325469064205816, 50.84013999998048, 20.077682495117188 ], [ 4.32559009376445, 50.840045193153209, 18.5 ], [ 4.325629337349048, 50.840103374143645, 20.0 ], [ 4.325698687047364, 50.840206187639936, 18.569175720214844 ], [ 4.325712388539073, 50.840282488732676, 20.207635879516602 ], [ 4.325794377853308, 50.840339075179955, 20.330564498901367 ], [ 4.325897035558398, 50.840303244711819, 18.71605110168457 ], [ 4.325973017533406, 50.840376426395167, 20.468181610107422 ], [ 4.326128360675122, 50.840358947321036, 18.950799942016602 ], [ 4.326194800277698, 50.840438196365881, 20.5 ], [ 4.326295598939713, 50.840486980146174, 20.5 ], [ 4.326336919436106, 50.840584102159774, 19.0 ], [ 4.326257499835861, 50.840545563641115, 20.5 ], [ 4.326221175205545, 50.840661779015747, 19.0 ], [ 4.326130862889245, 50.840699962812323, 20.5 ], [ 4.326094579420607, 50.840764771119623, 19.0 ], [ 4.326072226651617, 50.840877265266812, 19.0 ], [ 4.326048009724947, 50.84097531117682, 21.0 ], [ 4.326185566267815, 50.840938710102151, 19.0 ], [ 4.326318022311466, 50.841004206767501, 19.365234375 ], [ 4.326469860533474, 50.84104982191792, 19.278558731079102 ], [ 4.326562838600061, 50.841083352270573, 19.295398712158203 ], [ 4.326661277337546, 50.841118851766154, 19.398675918579102 ], [ 4.32674467640941, 50.841150725455698, 19.471723556518555 ], [ 4.326777140188807, 50.841228219320001, 19.994985580444336 ], [ 4.326894287137426, 50.841197787989969, 19.277372360229492 ], [ 4.327007629643864, 50.841137640769439, 18.149002075195312 ], [ 4.326999936552603, 50.841263309648639, 20.81334114074707 ], [ 4.327110994382977, 50.84124800107999, 20.094322204589844 ], [ 4.327239901041604, 50.841212565591711, 18.0 ], [ 4.327197728949271, 50.841294509850997, 21.272357940673828 ], [ 4.327319354757479, 50.8412742809533, 18.774919509887695 ], [ 4.327418341919671, 50.841315040956999, 19.509298324584961 ], [ 4.327474074728114, 50.84138095258988, 20.132122039794922 ], [ 4.327581164755644, 50.841345439468107, 18.0 ], [ 4.327685402256413, 50.841306632130909, 19.5 ], [ 4.327801109648187, 50.841328873239192, 19.5 ], [ 4.327795862645416, 50.84138878136546, 19.912864685058594 ], [ 4.327867857430701, 50.841427794870441, 18.5 ], [ 4.32800441197113, 50.84146187000384, 19.772546768188477 ], [ 4.328026616223376, 50.84153790819358, 20.017223358154297 ], [ 4.328224616919193, 50.841613514262953, 20.011302947998047 ], [ 4.328261067392342, 50.841559348980915, 20.055152893066406 ], [ 4.328307673799455, 50.841499889148693, 19.273708343505859 ], [ 4.328461136786786, 50.841544307798266, 19.62339973449707 ], [ 4.328568532913539, 50.841555971676485, 19.5 ], [ 4.328630280231762, 50.841630984401867, 19.5 ], [ 4.328633210965937, 50.841715553793655, 19.93659782409668 ], [ 4.328735907975047, 50.841641953344201, 19.5 ], [ 4.328824109435969, 50.841680351698486, 19.888877868652344 ], [ 4.328973947324958, 50.841660393710448, 18.5 ], [ 4.328906479008465, 50.841762076726958, 20.5 ], [ 4.328978049268856, 50.841836945684179, 20.5 ], [ 4.329043815316523, 50.841752200891605, 18.660026550292969 ], [ 4.329175563698546, 50.841707963258123, 19.865230560302734 ], [ 4.329177026155485, 50.841810477506456, 18.5 ], [ 4.329074423447256, 50.841814326151983, 20.0 ], [ 4.329072832718642, 50.841905225114239, 19.0 ], [ 4.329147781353769, 50.841867925956571, 20.0 ], [ 4.329324455251784, 50.841856778328015, 18.055137634277344 ], [ 4.329216211760594, 50.841909948651846, 19.959627151489258 ], [ 4.329311355834768, 50.841931390386016, 19.530647277832031 ], [ 4.329419102798162, 50.841976085350673, 19.5 ], [ 4.329363335562848, 50.842037233539891, 19.01933479309082 ], [ 4.329378924090744, 50.842107151049319, 19.5 ], [ 4.329321444957356, 50.842171815200622, 19.5 ], [ 4.329405096602342, 50.842223783321415, 19.524168014526367 ], [ 4.329380358790464, 50.842297231368129, 19.410619735717773 ], [ 4.329253258235963, 50.842388891154975, 19.870885848999023 ], [ 4.329382339362988, 50.842553809653772, 19.460081100463867 ], [ 4.329397032866319, 50.842622685975613, 19.4091796875 ], [ 4.329481728784169, 50.842666899554011, 19.25047492980957 ], [ 4.329622565930202, 50.842700654285345, 19.0 ], [ 4.329581330843565, 50.842792355966203, 19.023176193237305 ], [ 4.329462335909941, 50.842854632959678, 19.128583908081055 ], [ 4.32931041332024, 50.842872022497801, 20.87065315246582 ], [ 4.329258665100224, 50.842964102291575, 19.40269660949707 ], [ 4.329192219717011, 50.843020856426421, 19.5 ], [ 4.329092984327958, 50.843069754443754, 19.5 ], [ 4.328937994298357, 50.843167684572961, 19.642375946044922 ], [ 4.329025626335218, 50.843285019327375, 19.624338150024414 ], [ 4.329103899804028, 50.843224108834583, 19.532533645629883 ], [ 4.329210493537824, 50.843201571125988, 21.07916259765625 ], [ 4.329244435933901, 50.843133741045932, 19.5 ], [ 4.329363521556841, 50.843119728069397, 19.427253723144531 ], [ 4.329437313788977, 50.843043235258406, 19.252414703369141 ], [ 4.32955607872201, 50.842980096489498, 19.124317169189453 ], [ 4.329673638254075, 50.842917094472483, 19.0 ], [ 4.3298251643538, 50.842899622695974, 20.5 ], [ 4.329877172915895, 50.842808307292998, 19.0 ], [ 4.329985096783911, 50.842813911527543, 20.489900588989258 ], [ 4.329994194932926, 50.842745592557229, 18.872652053833008 ], [ 4.330144791458046, 50.842728616801672, 18.667867660522461 ], [ 4.330093020896317, 50.842819515488976, 20.346445083618164 ], [ 4.330178205073574, 50.842848254148201, 18.726188659667969 ], [ 4.330195892480545, 50.842908332385065, 20.175249099731445 ], [ 4.330151313489253, 50.842977003289086, 20.292579650878906 ], [ 4.33025475425489, 50.843011974984975, 18.737180709838867 ], [ 4.330175965188323, 50.843066193344903, 20.457986831665039 ], [ 4.330299006310916, 50.843087811264247, 18.728809356689453 ], [ 4.330332063230899, 50.843181787467131, 18.68421745300293 ], [ 4.33038329447171, 50.843271972235627, 20.06639289855957 ], [ 4.330438262930534, 50.843324334350875, 20.199592590332031 ], [ 4.33052767561137, 50.843373327221357, 18.884635925292969 ], [ 4.330562278543304, 50.843446627061688, 19.0 ], [ 4.330652688283384, 50.843506948708225, 18.862054824829102 ], [ 4.330599926100998, 50.843613055551387, 18.945924758911133 ], [ 4.33050692682397, 50.843633479460237, 19.0 ], [ 4.330438602578018, 50.84356735419653, 21.0 ], [ 4.330408611695512, 50.843630403508513, 19.0 ], [ 4.33029846336211, 50.843575016465806, 21.0 ], [ 4.330270471821056, 50.843668928909516, 19.330097198486328 ], [ 4.330147400458015, 50.843684444079152, 19.5 ], [ 4.330026905408252, 50.843713333517215, 21.0 ], [ 4.329971005384635, 50.843786832039839, 19.42041015625 ], [ 4.329843648721837, 50.843890179943898, 19.5 ], [ 4.329743154417567, 50.843968255220673, 19.5 ], [ 4.32983885781737, 50.843952671155179, 19.5 ], [ 4.32994717123598, 50.843922107685735, 19.5 ], [ 4.330050686584256, 50.843890170617264, 19.44792366027832 ], [ 4.330038505373452, 50.843957559460236, 19.5 ], [ 4.33008708939113, 50.844018012373667, 19.5 ], [ 4.330211126632788, 50.844108193640182, 19.5 ], [ 4.330448771856368, 50.843998031631699, 19.460538864135742 ], [ 4.330609281994876, 50.844122485154863, 19.552539825439453 ], [ 4.330737759068861, 50.844164480461259, 18.871389389038086 ], [ 4.330751457974031, 50.844284121566048, 18.5 ], [ 4.330670415454465, 50.844341715257059, 20.661828994750977 ], [ 4.330792193752539, 50.84433943855035, 18.5 ], [ 4.330766013991997, 50.844424343637712, 20.502830505371094 ], [ 4.330878815235223, 50.844474902330127, 19.835042953491211 ], [ 4.330795462287075, 50.844509836214414, 20.035982131958008 ], [ 4.33069670441625, 50.844500046837361, 19.029388427734375 ], [ 4.330626714394115, 50.844554181968576, 19.101318359375 ], [ 4.3305279423726, 50.844623083795142, 19.282222747802734 ], [ 4.330449565616318, 50.844695789428577, 19.31550407409668 ], [ 4.330330328359013, 50.844700293090696, 19.5 ], [ 4.330433862596583, 50.844827601325797, 19.45037841796875 ], [ 4.33041704310808, 50.844959358004168, 19.63067626953125 ], [ 4.330674550622596, 50.845021050380851, 19.425365447998047 ], [ 4.330797530544366, 50.845035707368424, 20.972797393798828 ], [ 4.330871141451761, 50.8449577091286, 19.133224487304688 ], [ 4.330941040225202, 50.844883643930935, 19.0 ], [ 4.331031055241531, 50.844849472379053, 19.0 ], [ 4.331120119037852, 50.844886839998026, 19.0 ], [ 4.331225010989272, 50.84487396555285, 21.0 ], [ 4.331366289883856, 50.844807056181054, 20.004266738891602 ], [ 4.331470839619141, 50.844746619642365, 20.0 ], [ 4.331432632251025, 50.844653659282876, 19.885269165039062 ], [ 4.33131384034631, 50.844651868067757, 18.0 ], [ 4.331274734315269, 50.844580827810219, 19.5 ], [ 4.331168421897791, 50.844560044178841, 19.5 ], [ 4.331187306878815, 50.844490621707898, 19.5 ], [ 4.331095390708637, 50.84450278509189, 18.0 ], [ 4.331131375117145, 50.844438932005268, 19.5 ], [ 4.331036395734215, 50.844456531028953, 18.02308464050293 ], [ 4.331043177511137, 50.844377351765345, 18.035562515258789 ], [ 4.331164631655738, 50.844379919446098, 19.5 ], [ 4.331301065198263, 50.844309211217663, 19.5 ], [ 4.331381573388397, 50.844221377504873, 19.917455673217773 ], [ 4.331502207429595, 50.844127041185743, 20.0 ], [ 4.33163255157001, 50.844104400748499, 19.669563293457031 ], [ 4.331737680615632, 50.844034298779995, 19.570705413818359 ], [ 4.331782155661724, 50.84397088836387, 19.522188186645508 ], [ 4.331928613038943, 50.843929587158314, 19.55406379699707 ], [ 4.33203891338272, 50.843896139371743, 19.572017669677734 ], [ 4.332020554559892, 50.843832575456105, 19.5 ], [ 4.332245056860794, 50.843833360081298, 19.5 ], [ 4.33239492835057, 50.843890508302891, 18.0 ], [ 4.332419112523627, 50.843954523779374, 19.578266143798828 ], [ 4.332541164983565, 50.844038894858883, 19.712093353271484 ], [ 4.332652140432884, 50.844057863610757, 19.83922004699707 ], [ 4.332808692807943, 50.844028015046334, 20.0 ], [ 4.332801502137029, 50.843967124776476, 19.0 ], [ 4.332884862985639, 50.843936420254224, 20.0 ], [ 4.333011345815456, 50.84386123795089, 19.839906692504883 ], [ 4.333027367315746, 50.843794558309312, 19.601049423217773 ], [ 4.333120712048975, 50.843762057665721, 19.603340148925781 ], [ 4.333224311232745, 50.843712413563829, 19.881443023681641 ], [ 4.333288978598166, 50.843641065594532, 20.0 ], [ 4.333247577598454, 50.843557973859461, 19.795665740966797 ], [ 4.333278654270412, 50.843445593316254, 19.563791275024414 ], [ 4.33329598238474, 50.843382930522715, 19.5 ], [ 4.333385085096227, 50.843353529430352, 18.081441879272461 ], [ 4.333461110702399, 50.843455088444777, 19.770366668701172 ], [ 4.333638593223226, 50.843453104902309, 19.740715026855469 ], [ 4.333712594124809, 50.843498820112579, 19.790077209472656 ], [ 4.333868064774958, 50.843513345240424, 18.286333084106445 ], [ 4.333908524337915, 50.843603469208624, 19.913753509521484 ], [ 4.333977612940072, 50.843542333268935, 18.328813552856445 ], [ 4.334081130978049, 50.843635444348664, 19.972831726074219 ], [ 4.334141448709199, 50.843580684503294, 18.399137496948242 ], [ 4.334227906417699, 50.843693664660037, 20.0 ], [ 4.334197047769527, 50.843799614798719, 18.5 ], [ 4.334087903694368, 50.843842584254013, 20.0 ], [ 4.334120268892974, 50.843901056479318, 18.5 ], [ 4.33395017269105, 50.843943421565079, 20.07734489440918 ], [ 4.333975372646283, 50.844005269092847, 18.595798492431641 ], [ 4.333834284317663, 50.843988059884325, 20.218770980834961 ], [ 4.33391568435796, 50.844056762513247, 18.675937652587891 ], [ 4.333745198549835, 50.844105802201888, 20.35906982421875 ], [ 4.333658039187176, 50.844134092755965, 20.452556610107422 ], [ 4.333671868041627, 50.84423488030798, 19.0 ], [ 4.333546639178913, 50.844190993739595, 20.5 ], [ 4.333582351432175, 50.844264440024872, 19.0 ], [ 4.333482075394255, 50.844271872268784, 20.5 ], [ 4.333514599067527, 50.844330226686225, 19.0 ], [ 4.333344190306904, 50.844345424032653, 20.5 ], [ 4.333383217130845, 50.844423800213619, 19.019561767578125 ], [ 4.333281590678408, 50.844417414082891, 20.620285034179688 ], [ 4.333218566981489, 50.844488935385613, 19.416025161743164 ], [ 4.333142340881198, 50.844565459165956, 19.5 ], [ 4.333094601016058, 50.844665943628208, 19.5 ], [ 4.333221642697974, 50.844642506680465, 19.56877326965332 ], [ 4.333242035829015, 50.844569475446129, 19.5 ], [ 4.333324769890464, 50.844602510105915, 21.026451110839844 ], [ 4.333337427921597, 50.844525833050177, 19.327922821044922 ], [ 4.333431261381516, 50.844480856659622, 19.100584030151367 ], [ 4.333498322070761, 50.844437789186607, 19.142429351806641 ], [ 4.333571327900153, 50.844390903511474, 19.096775054931641 ], [ 4.333586861331099, 50.844460485953853, 20.897151947021484 ], [ 4.333682409949909, 50.844449469804253, 19.352138519287109 ], [ 4.333757756036679, 50.84448826752012, 19.324979782104492 ], [ 4.333834736203944, 50.844408554074739, 20.53999137878418 ], [ 4.333731317378462, 50.844396346519808, 19.147268295288086 ], [ 4.33370413158521, 50.844339036271542, 20.54603385925293 ], [ 4.3337561474314, 50.844289074282869, 18.973857879638672 ], [ 4.333867917524018, 50.844254895855762, 20.342554092407227 ], [ 4.333907286699478, 50.844188995130146, 18.769203186035156 ], [ 4.333991782530331, 50.844143144898268, 20.157207489013672 ], [ 4.334059283861623, 50.844095714821705, 20.058254241943359 ], [ 4.334158490912385, 50.844084274692371, 18.5 ], [ 4.334173377911861, 50.844006837172302, 20.0 ], [ 4.334229571280733, 50.843944305851309, 18.5 ], [ 4.334365707581624, 50.84386764065718, 20.0 ], [ 4.334441517080736, 50.843797500831243, 18.5 ], [ 4.33457530210704, 50.843775237715427, 20.0 ], [ 4.334606542286789, 50.843705184169089, 18.5 ], [ 4.334686869829111, 50.843792817940589, 20.0 ], [ 4.334838153564173, 50.843767191721831, 18.5 ], [ 4.334945418131923, 50.8438334283925, 20.0 ], [ 4.335069878550915, 50.843867039841172, 20.0 ], [ 4.335166174517556, 50.843848545182759, 18.5 ], [ 4.33515969703689, 50.843946646318329, 20.112756729125977 ], [ 4.335285412769708, 50.843889154119857, 18.5 ], [ 4.335408903595756, 50.84393037422771, 18.502071380615234 ], [ 4.335485808426599, 50.844001487650196, 20.23249626159668 ], [ 4.335636854306024, 50.843996437824252, 18.5 ], [ 4.33566950513002, 50.844077402561012, 20.202808380126953 ], [ 4.335749127991825, 50.844128272594389, 18.508279800415039 ], [ 4.335664023387236, 50.844219511559992, 18.5 ], [ 4.335752483254392, 50.844283674133365, 18.5 ], [ 4.335572830529316, 50.844307342152554, 18.5 ], [ 4.335651606517407, 50.844340016786177, 20.0 ], [ 4.335674180296071, 50.844415767994469, 18.5 ], [ 4.335552518609876, 50.84441270860188, 18.5 ], [ 4.335458106550071, 50.844389180588806, 18.5 ], [ 4.33548395398144, 50.844327061745716, 20.0 ], [ 4.335334406024623, 50.844375830078825, 18.5 ], [ 4.335337301819696, 50.844308628053888, 20.0 ], [ 4.33522869835841, 50.844369475967973, 18.5 ], [ 4.335207917528635, 50.84447235812123, 20.0 ], [ 4.335386215751002, 50.844434511691581, 20.0 ], [ 4.335479782488991, 50.844455454272158, 18.5 ], [ 4.335534144518655, 50.844508021428297, 20.0 ], [ 4.335557959724454, 50.844615945944852, 20.0 ], [ 4.335552170346743, 50.844681985937129, 18.5 ], [ 4.335463685739468, 50.844717147805, 20.0 ], [ 4.335547373934522, 50.84482110284322, 18.5 ], [ 4.335489071053719, 50.844872520425362, 18.5 ], [ 4.335468572194652, 50.844960221345808, 18.56553840637207 ], [ 4.335433326100923, 50.845041060003055, 18.564296722412109 ], [ 4.335376157494715, 50.845138078730656, 20.322383880615234 ], [ 4.335458831180455, 50.845196711364821, 18.529863357543945 ], [ 4.335319386969237, 50.845196789472162, 20.419511795043945 ], [ 4.335385686690843, 50.845262209220749, 18.904657363891602 ], [ 4.335328187210998, 50.845350827577306, 19.0 ], [ 4.335274159672325, 50.845261337918224, 20.5 ], [ 4.335186463448561, 50.84530496964711, 19.0 ], [ 4.335225984483556, 50.845374215197658, 19.084798812866211 ], [ 4.335162637835364, 50.84546321247128, 19.229681015014648 ], [ 4.335064757943051, 50.845570009261891, 19.481023788452148 ], [ 4.335294217436092, 50.845582926564965, 19.437599182128906 ], [ 4.335315429192071, 50.845822599138394, 19.360946655273438 ], [ 4.335432015432854, 50.845884132441043, 19.437225341796875 ], [ 4.335581046947977, 50.845775334605385, 19.002565383911133 ], [ 4.335655744409442, 50.845729209191575, 19.0 ], [ 4.335703459856052, 50.845670460123777, 19.0 ], [ 4.335811764655473, 50.84565387439509, 19.0 ], [ 4.335957694165153, 50.845604129948789, 20.5 ], [ 4.335916265685158, 50.845543167249772, 19.0 ], [ 4.336061873733644, 50.845577983822636, 20.5 ], [ 4.336123922088287, 50.845637066456916, 19.0 ], [ 4.336025075303919, 50.845652424380617, 20.5 ], [ 4.336000662550477, 50.845714980613174, 19.0 ], [ 4.335914002177071, 50.845744552134292, 20.5 ], [ 4.335889729706495, 50.845804954805764, 19.0 ], [ 4.335800864823, 50.845853893093761, 20.5 ], [ 4.335918731114735, 50.845865673591547, 19.0 ], [ 4.335861594584463, 50.845917783143982, 20.513572692871094 ], [ 4.336011901696361, 50.845889007182322, 19.0 ], [ 4.336045423277811, 50.845945218785147, 20.5 ], [ 4.336079167635914, 50.84602386753938, 19.072671890258789 ], [ 4.336208396214754, 50.846000924897268, 20.5 ], [ 4.336137905151887, 50.845958708223414, 19.0 ], [ 4.336211963362897, 50.845851710276648, 20.5 ], [ 4.336203942808729, 50.845788911333457, 19.0 ], [ 4.336267115994255, 50.845740230514146, 20.285999298095703 ], [ 4.336424650962713, 50.845752299485738, 18.5 ], [ 4.336409742182948, 50.845845917125118, 20.5 ], [ 4.336497327984283, 50.845824672187504, 18.5 ], [ 4.336531041782315, 50.845915835892889, 20.5 ], [ 4.336624916240199, 50.845979871752881, 18.312698364257812 ], [ 4.336585666197188, 50.846045792141048, 18.5 ], [ 4.336513182743213, 50.846097375870791, 20.5 ], [ 4.336525250939009, 50.846217652165414, 19.0 ], [ 4.336680230183473, 50.846169881340764, 20.337942123413086 ], [ 4.336742096781024, 50.846113382872282, 20.419830322265625 ], [ 4.336689710046737, 50.846055627607988, 18.5 ], [ 4.33676207816571, 50.846007290474304, 19.850933074951172 ], [ 4.336905440914511, 50.845999900859724, 18.495166778564453 ], [ 4.336995586511889, 50.845913887365313, 19.617132186889648 ], [ 4.337095932264431, 50.845937718902533, 18.098720550537109 ], [ 4.337083245686379, 50.846019331340187, 19.955099105834961 ], [ 4.337278045919302, 50.845978875495362, 18.223966598510742 ], [ 4.337193008218994, 50.846062875238111, 20.024709701538086 ], [ 4.337350449537806, 50.846067233544126, 20.0 ], [ 4.337452057500324, 50.846106644727456, 18.537027359008789 ], [ 4.337507857717772, 50.846173303265822, 20.174160003662109 ], [ 4.337637818286417, 50.846157276568476, 18.65301513671875 ], [ 4.337696014615631, 50.846222400846862, 20.381847381591797 ], [ 4.337812867139268, 50.84623361317206, 19.0 ], [ 4.337880127937582, 50.846284135790604, 19.022928237915039 ], [ 4.337845008292896, 50.846346357141229, 20.601203918457031 ], [ 4.337912670511779, 50.846402874539976, 19.261938095092773 ], [ 4.337806165654749, 50.846418026713501, 20.686906814575195 ], [ 4.337892125342576, 50.84647074882767, 19.363656997680664 ], [ 4.338150268954557, 50.846484795714915, 19.5 ], [ 4.338158770271754, 50.846247128647605, 19.5 ], [ 4.337978188531476, 50.846105986881604, 19.5 ], [ 4.337898164253382, 50.846171168807103, 19.133604049682617 ], [ 4.337767777214498, 50.846172299229401, 19.0 ], [ 4.337743149762889, 50.846106487505459, 20.475471496582031 ], [ 4.337636882121361, 50.846087324943987, 18.712261199951172 ], [ 4.33753890189068, 50.846054988104122, 18.5 ], [ 4.337610914339081, 50.845992701822588, 20.254362106323242 ], [ 4.337439074850175, 50.846026561053002, 18.5 ], [ 4.33743157772341, 50.845957424317326, 19.912765502929688 ], [ 4.337342197705089, 50.84593196331798, 19.742631912231445 ], [ 4.337289600490933, 50.845879604202821, 19.709001541137695 ], [ 4.337175143890605, 50.845845486356858, 19.782804489135742 ], [ 4.337110375470569, 50.845776685983857, 19.957012176513672 ], [ 4.337017056696472, 50.8457058997123, 18.5 ], [ 4.337149463313764, 50.84568866603253, 20.046977996826172 ], [ 4.337162859820287, 50.845625538214613, 20.013044357299805 ], [ 4.337149840719499, 50.845552780853453, 18.5 ], [ 4.337235873379384, 50.845581717483974, 20.0 ], [ 4.337327144868092, 50.845487296186164, 18.5 ], [ 4.337319534034429, 50.845610489162631, 20.127353668212891 ], [ 4.33740648883569, 50.845585942173983, 18.603204727172852 ], [ 4.337511098585516, 50.845601751969376, 18.544937133789062 ], [ 4.337554896664754, 50.845663940382636, 20.168092727661133 ], [ 4.337686653798968, 50.84569359752242, 20.302902221679688 ], [ 4.337828426973935, 50.845670264205019, 19.0 ], [ 4.337864962908887, 50.845752070525542, 19.0 ], [ 4.337751304335048, 50.845772099323597, 20.463897705078125 ], [ 4.337820951999286, 50.84583238831263, 19.063724517822266 ], [ 4.337695592617149, 50.845845662573495, 20.361387252807617 ], [ 4.337789808004267, 50.845899673579652, 19.248552322387695 ], [ 4.337697327768559, 50.84593824874873, 20.642402648925781 ], [ 4.337844505029637, 50.845963192793008, 21.0 ], [ 4.337900042364227, 50.845892932167779, 19.471136093139648 ], [ 4.337993919419522, 50.845944317141246, 19.5 ], [ 4.338194918181201, 50.845913528395073, 19.5 ], [ 4.338410873327135, 50.845790993743435, 19.5 ], [ 4.33822080961321, 50.845587605369261, 19.5 ], [ 4.338021988598928, 50.845583424041131, 19.440195083618164 ], [ 4.337893231527096, 50.845534081259117, 20.61921501159668 ], [ 4.337786296987266, 50.845581102041109, 18.93501091003418 ], [ 4.337827306580908, 50.845438740599917, 19.078184127807617 ], [ 4.337745040880345, 50.845366022603436, 20.670539855957031 ], [ 4.337615220356581, 50.845330734798232, 19.142013549804688 ], [ 4.337745128871144, 50.845252530164963, 19.477884292602539 ], [ 4.337772762130018, 50.845127252974955, 19.5 ], [ 4.337673155773115, 50.845110293226071, 19.5 ], [ 4.337459695872152, 50.845013750493891, 19.5 ], [ 4.337316164965426, 50.845032501989778, 19.5 ], [ 4.337210581488636, 50.84509685132798, 19.497764587402344 ], [ 4.337019338227527, 50.84518202153415, 19.356327056884766 ], [ 4.337058713768819, 50.84507316291711, 20.0 ], [ 4.336762227075426, 50.845103047654788, 19.371503829956055 ], [ 4.336845280772309, 50.845009728315596, 19.374961853027344 ], [ 4.336847975969932, 50.844943309429283, 19.376895904541016 ], [ 4.336779952156147, 50.844892716940777, 20.577451705932617 ], [ 4.336639825973576, 50.844851576767176, 18.5 ], [ 4.336716472451332, 50.844813639657055, 20.0 ], [ 4.336839826944018, 50.844751302061766, 20.0 ], [ 4.336759705197998, 50.844676576147052, 18.5 ], [ 4.336740100811132, 50.84458711610737, 18.5 ], [ 4.336635617612409, 50.844632021816359, 20.5 ], [ 4.336559688037291, 50.844568135881993, 18.788129806518555 ], [ 4.336656317901375, 50.844553150856633, 20.46405029296875 ], [ 4.336637381908925, 50.844491315089499, 20.5 ], [ 4.336602870446343, 50.84440903896197, 19.0 ], [ 4.336679553473052, 50.844352967055244, 19.0 ], [ 4.336655614868614, 50.844280362301191, 19.0 ], [ 4.336758767959152, 50.844304613385241, 19.0 ], [ 4.336867819591991, 50.844313907243887, 19.0 ], [ 4.336997009668518, 50.844375754500675, 19.0 ], [ 4.337151773436552, 50.844384052618047, 19.0 ], [ 4.337158066418715, 50.844449784205693, 20.5 ], [ 4.337255730303661, 50.844381926420645, 19.0 ], [ 4.33725825206304, 50.844473716926892, 20.5 ], [ 4.337357062575129, 50.844447592431273, 19.0 ], [ 4.337388562677752, 50.844511261702316, 20.5 ], [ 4.3374895694757, 50.844530286348956, 19.077817916870117 ], [ 4.337662287386604, 50.844547368449476, 19.41737174987793 ], [ 4.337666834225696, 50.844619961449254, 19.5 ], [ 4.337643161706093, 50.844683893105831, 19.5 ], [ 4.337652466478196, 50.844749293258339, 19.5 ], [ 4.337762139366902, 50.844733292101708, 19.5 ], [ 4.337760370762402, 50.844662044895706, 19.5 ], [ 4.337871423087195, 50.844607948264553, 19.5 ], [ 4.337983906552849, 50.844680095974105, 19.5 ], [ 4.33815671520027, 50.844722387310725, 19.5 ], [ 4.338248043645296, 50.844635589227551, 19.5 ], [ 4.338208326576567, 50.844577777669294, 19.5 ], [ 4.338111688090703, 50.844562579018692, 19.5 ], [ 4.337958303945454, 50.8445383479228, 19.5 ], [ 4.3378513817229, 50.844495657283332, 19.5 ], [ 4.33776806772912, 50.844435468090701, 19.352199554443359 ], [ 4.337616029090128, 50.844453871290298, 19.195377349853516 ], [ 4.33756862161531, 50.844360605291406, 20.5 ], [ 4.337456504159928, 50.8443480307035, 19.0 ], [ 4.337257964485628, 50.844296282028324, 19.0 ], [ 4.337135734557876, 50.844259564099609, 19.0 ], [ 4.337140892014036, 50.844169818014045, 19.0 ], [ 4.337250167784367, 50.844112584603188, 20.5 ], [ 4.337201905815506, 50.844038220129143, 19.0 ], [ 4.337049523822682, 50.844037707013008, 20.5 ], [ 4.337125208024951, 50.844098286821534, 19.0 ], [ 4.337032070887922, 50.844148175127273, 19.0 ], [ 4.336911653194602, 50.844172306473645, 20.5 ], [ 4.336789260107455, 50.844152557685291, 19.0 ], [ 4.336676099006581, 50.844093286770416, 20.5 ], [ 4.336535483756803, 50.844120122959595, 18.99357795715332 ], [ 4.336426457553266, 50.844013320840837, 20.145647048950195 ], [ 4.336309742641173, 50.844025289723263, 18.516311645507812 ], [ 4.336257070567463, 50.843950177611553, 20.0 ], [ 4.336169139710654, 50.843981760343333, 18.5 ], [ 4.336120662186671, 50.843882060389852, 20.165901184082031 ], [ 4.336083378135384, 50.843947870369192, 18.5 ], [ 4.336010181907745, 50.843894108765056, 20.0 ], [ 4.335982273304808, 50.843800832976875, 20.0 ], [ 4.335957947796055, 50.843734244435751, 18.5 ], [ 4.336133866984207, 50.843703616820065, 20.14385986328125 ], [ 4.336229486004134, 50.843707670024962, 20.210329055786133 ], [ 4.336361484997953, 50.843761306641056, 18.613256454467773 ], [ 4.33641016521037, 50.843705237599544, 20.272434234619141 ], [ 4.336422350618989, 50.843640170115791, 20.0 ], [ 4.336348351283478, 50.84359436378957, 19.601329803466797 ], [ 4.336254831473344, 50.843557137683113, 19.535137176513672 ], [ 4.336156829327313, 50.843524863060715, 19.516368865966797 ], [ 4.336115899944083, 50.843429971578558, 19.54442024230957 ], [ 4.336174688957789, 50.84334724154423, 19.595327377319336 ], [ 4.336264846459838, 50.843276733749882, 18.287849426269531 ], [ 4.336188927429393, 50.843227085339407, 19.569677352905273 ], [ 4.336275518941629, 50.843185017555399, 19.718133926391602 ], [ 4.336265865317682, 50.843096979497233, 19.5 ], [ 4.3363853250095, 50.843135959459062, 18.235784530639648 ], [ 4.336411098052615, 50.843232875735112, 18.5 ], [ 4.336559592747251, 50.843208251675726, 20.0 ], [ 4.336628050649187, 50.843144575475179, 19.753900527954102 ], [ 4.336575160261511, 50.84301283819876, 19.560102462768555 ], [ 4.336445540826639, 50.842941075175112, 19.5 ], [ 4.33663883935831, 50.842937229262809, 19.807931900024414 ], [ 4.33676649013616, 50.842908766032664, 19.5 ], [ 4.336782605775711, 50.84297935246645, 19.676597595214844 ], [ 4.336787737229115, 50.843053499910987, 19.5 ], [ 4.336898366706412, 50.843028960382576, 19.5 ], [ 4.33698995835366, 50.842962102789897, 19.5 ], [ 4.337051750428234, 50.842903812248082, 20.098350524902344 ], [ 4.33704211865544, 50.842833874740947, 19.5 ], [ 4.337091285915655, 50.842713960160332, 19.692180633544922 ], [ 4.337160266504143, 50.842623589205544, 19.607852935791016 ], [ 4.337013543658739, 50.842563210527501, 19.443820953369141 ], [ 4.336947389346117, 50.842474523590198, 19.363042831420898 ], [ 4.33688191817841, 50.842415011639098, 20.0 ], [ 4.336905978098893, 50.842298848829557, 18.5 ], [ 4.337007812495624, 50.842277570338041, 20.322372436523438 ], [ 4.33692991800112, 50.842227025110496, 18.5 ], [ 4.336870727933727, 50.842135948173116, 20.0 ], [ 4.33681896854449, 50.842250336565392, 20.0 ], [ 4.336705349185652, 50.842232928600176, 19.914745330810547 ], [ 4.336545016036925, 50.842181913098841, 19.700197219848633 ], [ 4.336537576510645, 50.842122152678883, 18.408147811889648 ], [ 4.336607974646708, 50.84208206903859, 20.0 ], [ 4.336631269140629, 50.841963372642702, 20.0 ], [ 4.336663404693996, 50.841894817303199, 20.0 ], [ 4.336682854280676, 50.841830940565046, 20.067895889282227 ], [ 4.336680471768076, 50.841712918088511, 18.645248413085938 ], [ 4.336776882711825, 50.841651869552585, 20.44000244140625 ], [ 4.336903189484645, 50.841688778884652, 19.0 ], [ 4.336988374712172, 50.841758412484396, 20.5 ], [ 4.337107598581329, 50.841797577035663, 19.0 ], [ 4.337146159094735, 50.84188781933188, 20.5 ], [ 4.33724667638434, 50.841883880605977, 19.0 ], [ 4.337267248010925, 50.841982256876108, 20.5 ], [ 4.337361500355294, 50.841969088866371, 19.035947799682617 ], [ 4.337410098695927, 50.842041394772536, 19.290220260620117 ], [ 4.337512724922788, 50.842085584713907, 19.5 ], [ 4.33758065849646, 50.842162874456314, 19.5 ], [ 4.337721886446094, 50.842196787606468, 19.5 ], [ 4.337859657469483, 50.842157586242671, 19.5 ], [ 4.337793558305449, 50.842097661704926, 19.5 ], [ 4.337669985378033, 50.842080785930953, 19.5 ], [ 4.337627138400984, 50.841975980848098, 19.363174438476562 ], [ 4.337494423278915, 50.841915863168978, 19.23430061340332 ], [ 4.33745102461142, 50.84185509669399, 19.0 ], [ 4.337497921788827, 50.841795381657498, 20.858467102050781 ], [ 4.337449316134455, 50.841715638046203, 19.0 ], [ 4.337625080770712, 50.841726302721774, 21.0 ], [ 4.337610947411306, 50.841620595092714, 17.5 ], [ 4.337726339375694, 50.84156615851429, 20.123254776000977 ], [ 4.33758398188196, 50.841552854115896, 18.761417388916016 ], [ 4.337474184039253, 50.841559735108675, 20.488958358764648 ], [ 4.337506007812761, 50.841651669709691, 18.755039215087891 ], [ 4.33739212564678, 50.841638211246163, 19.0 ], [ 4.337344484743674, 50.841704906361961, 19.0 ], [ 4.337218095948914, 50.841719254772862, 19.0 ], [ 4.337156982209834, 50.841669298647268, 19.0 ], [ 4.337181417330903, 50.841608032650349, 20.5 ], [ 4.337051855849535, 50.841583365016483, 19.0 ], [ 4.337064629158884, 50.841521653772531, 20.5 ], [ 4.336934454825251, 50.841540792031843, 19.0 ], [ 4.336878251613944, 50.841454945039935, 19.0 ], [ 4.336797146057738, 50.841407545953018, 19.0 ], [ 4.336786338529897, 50.841337997373941, 19.0 ], [ 4.336785222826012, 50.841264518874368, 19.0 ], [ 4.33684047294869, 50.841200422295664, 19.0 ], [ 4.336861792829557, 50.841119046659905, 19.031158447265625 ], [ 4.336921440888867, 50.841054884845505, 20.697465896606445 ], [ 4.33686770460804, 50.840984904243662, 19.0 ], [ 4.336963243903052, 50.840997243196142, 20.670400619506836 ], [ 4.337055459318369, 50.840977181376893, 19.307214736938477 ], [ 4.337233425095861, 50.840961793508946, 19.299728393554688 ], [ 4.3373835950243, 50.84092320170226, 19.5 ], [ 4.337581248296429, 50.840884541967412, 19.5 ], [ 4.337728359745936, 50.84090943174148, 19.5 ], [ 4.337854282562944, 50.840849154739928, 19.5 ], [ 4.33796859961003, 50.840890919321893, 21.0 ], [ 4.337958595694238, 50.840818291221389, 19.5 ], [ 4.338097981253884, 50.84080273165435, 19.5 ], [ 4.338242616752191, 50.840845876552393, 19.5 ], [ 4.338321258009648, 50.840800292414784, 19.5 ], [ 4.338402473021532, 50.840844029903728, 21.025602340698242 ], [ 4.338438408246146, 50.840765179357774, 19.5 ], [ 4.338534156414389, 50.840673289521945, 19.5 ], [ 4.338421519843974, 50.84068609044779, 19.5 ], [ 4.338319312975236, 50.84073279574794, 19.5 ], [ 4.33813049133698, 50.84070361296051, 21.0 ], [ 4.337986455469929, 50.840747553899661, 19.5 ], [ 4.337881466336229, 50.840757419733585, 19.5 ], [ 4.337791244307655, 50.840792818099544, 19.5 ], [ 4.337691841987348, 50.840764434334588, 19.5 ], [ 4.337581859735285, 50.840770414901868, 19.5 ], [ 4.33751664079864, 50.840827870401597, 19.5 ], [ 4.337387614733086, 50.840818785080877, 19.487483978271484 ], [ 4.337141863663522, 50.840813627536861, 19.048532485961914 ], [ 4.337036910456059, 50.840789206068003, 20.653633117675781 ], [ 4.336946141572358, 50.840830550592528, 19.05018424987793 ], [ 4.336847082771344, 50.840861045696265, 19.005245208740234 ], [ 4.336748606283752, 50.840829803515248, 20.605249404907227 ], [ 4.336668561104904, 50.840860754965583, 19.072408676147461 ], [ 4.336656674125699, 50.840919662371462, 19.0 ], [ 4.33657795556652, 50.840887375209356, 19.046920776367188 ], [ 4.336488944592632, 50.840906092979928, 19.0 ], [ 4.336446054291646, 50.840818640676559, 19.090866088867188 ], [ 4.336429839432143, 50.840737208128196, 19.181396484375 ], [ 4.336417881055222, 50.840672899215278, 19.224128723144531 ], [ 4.3364927588502, 50.840551315101649, 19.364963531494141 ], [ 4.336526273842431, 50.840466827774982, 19.488168716430664 ], [ 4.336468486633319, 50.84038777313264, 19.5 ], [ 4.336565100404807, 50.840340335567696, 19.5 ], [ 4.336499834446654, 50.840257664574885, 19.5 ], [ 4.336634719042014, 50.840186884315848, 19.5 ], [ 4.336422441004379, 50.840199193699711, 19.508813858032227 ], [ 4.336408450626183, 50.840274968216093, 19.5 ], [ 4.336365568417639, 50.84032891494217, 19.5 ], [ 4.336330579576281, 50.840413885861487, 19.5 ], [ 4.33632841797658, 50.840526035616165, 19.401554107666016 ], [ 4.336227517830247, 50.84061197321644, 19.25721549987793 ], [ 4.336266119938401, 50.840681255219955, 19.104257583618164 ], [ 4.336112291091659, 50.840710720172545, 20.510404586791992 ], [ 4.336178612501556, 50.840752460155095, 19.0 ], [ 4.336055856516863, 50.840813704466974, 20.5 ], [ 4.335926388422997, 50.840828181933986, 19.0 ], [ 4.335849936425748, 50.840759115323529, 19.0 ], [ 4.335761692978901, 50.840679396361793, 20.5 ], [ 4.335699916194116, 50.840623586891908, 20.5 ], [ 4.335597964167022, 50.840625437017259, 19.0 ], [ 4.335658779953029, 50.840564928263611, 20.5 ], [ 4.335557435226262, 50.840566174245133, 19.0 ], [ 4.335462762027461, 50.840512897066169, 19.0 ], [ 4.335399794509874, 50.840401373354808, 20.5 ], [ 4.335274057166751, 50.840363834557031, 18.997915267944336 ], [ 4.335231249752778, 50.840297430964064, 20.5 ], [ 4.335121041680474, 50.840280859125549, 18.968503952026367 ], [ 4.335024814316601, 50.840202087084847, 19.0 ], [ 4.335043749522928, 50.840115636341622, 19.0 ], [ 4.335072413495052, 50.840025385050026, 19.100933074951172 ], [ 4.335188288629777, 50.840074123917752, 20.834663391113281 ], [ 4.335172264405056, 50.83999052368128, 19.317716598510742 ], [ 4.335280419536198, 50.840013388064619, 21.0 ], [ 4.335179389930623, 50.839918466384312, 19.177591323852539 ], [ 4.335347064371846, 50.839971148908816, 20.973016738891602 ], [ 4.335331982914789, 50.839912210888521, 19.301002502441406 ], [ 4.335430160607366, 50.839918482779474, 20.91802978515625 ], [ 4.335459567344736, 50.839858841075127, 19.413389205932617 ], [ 4.335569418435101, 50.839758102602048, 19.5 ], [ 4.335691453117979, 50.839708857288635, 19.586111068725586 ], [ 4.335525002825789, 50.839669013381375, 19.5 ], [ 4.335383708222877, 50.839746239314493, 19.373016357421875 ], [ 4.335251169378274, 50.839745117130079, 20.596817016601562 ], [ 4.335204761721607, 50.839823734331929, 19.120361328125 ], [ 4.335090272377196, 50.839840696787988, 20.653106689453125 ], [ 4.335029288597982, 50.839904351209242, 19.066982269287109 ], [ 4.334919311685542, 50.839914043230038, 20.61573600769043 ], [ 4.334918576810098, 50.839984348502021, 19.0 ], [ 4.334751943803178, 50.839990665078268, 20.5 ], [ 4.334676488053758, 50.839945441098621, 19.0 ], [ 4.334572671165693, 50.839942842553192, 19.0 ], [ 4.334580266835465, 50.83983993253748, 20.622106552124023 ], [ 4.334473210367347, 50.839839017732089, 19.0 ], [ 4.334427788485446, 50.839752677127876, 20.5 ], [ 4.334326499851747, 50.839688112337377, 20.5 ], [ 4.33421833427943, 50.839682495781041, 19.0 ], [ 4.334158840415488, 50.839625021880941, 19.0 ], [ 4.334243050179929, 50.83955504192933, 19.0 ], [ 4.33427805691264, 50.839488487523823, 19.0 ], [ 4.334425113311212, 50.839493428525792, 20.5 ], [ 4.334511148821727, 50.839411887464983, 20.5 ], [ 4.334608319435182, 50.839335526094949, 19.084373474121094 ], [ 4.334697805140993, 50.839283863106942, 19.231891632080078 ], [ 4.334826588776492, 50.839233198830456, 21.0 ], [ 4.334867500244244, 50.83917659153115, 19.5 ], [ 4.334895939911724, 50.83910355752446, 19.5 ], [ 4.33496263498412, 50.839160885707386, 21.0 ], [ 4.334986072823776, 50.839060980858861, 19.5 ], [ 4.335135479180308, 50.839096354796048, 19.566524505615234 ], [ 4.335235000602762, 50.839120536954532, 19.70697021484375 ], [ 4.335341397020816, 50.839116392707162, 19.843255996704102 ], [ 4.335503529441426, 50.839115655299146, 20.0 ], [ 4.335512852087809, 50.8389387934401, 19.935577392578125 ], [ 4.335745299561232, 50.839042754247721, 20.0 ], [ 4.335637848311104, 50.839097067394732, 20.0 ], [ 4.335691237346428, 50.839198237831354, 20.0 ], [ 4.335718068451546, 50.839267670574252, 21.5 ], [ 4.335805095700407, 50.839180596925623, 20.0 ], [ 4.336098447951151, 50.839193159934275, 20.0 ], [ 4.335919124807759, 50.838925026185173, 20.0 ], [ 4.336033673840411, 50.838860948644381, 20.125520706176758 ], [ 4.33588240252572, 50.838847088513567, 20.0 ], [ 4.335774672375943, 50.838891379625792, 20.0 ], [ 4.335541422472774, 50.838856895126433, 19.938314437866211 ], [ 4.33542847859035, 50.838813076829226, 19.817058563232422 ], [ 4.335441686446029, 50.8387378110966, 19.856052398681641 ], [ 4.335483420702666, 50.838666353434739, 19.958742141723633 ], [ 4.335485189002637, 50.838595804575689, 20.392108917236328 ], [ 4.335372997838135, 50.838675817854437, 19.871105194091797 ], [ 4.335333412787177, 50.838582020365294, 20.316371917724609 ], [ 4.335210870391816, 50.838629795798887, 19.891586303710938 ], [ 4.335149667910805, 50.83854732435428, 19.986869812011719 ], [ 4.335052240831918, 50.838484308846134, 19.968198776245117 ], [ 4.335015392610228, 50.838399781914035, 19.97871208190918 ], [ 4.33511107037731, 50.838339048471127, 20.199489593505859 ], [ 4.335179081561519, 50.838246590693672, 20.126430511474609 ], [ 4.335092529619118, 50.838024246240899, 20.070718765258789 ], [ 4.334912089002985, 50.838042609368124, 20.0 ], [ 4.334811476205032, 50.83805284843416, 20.0 ], [ 4.334702249381099, 50.838063964019618, 19.982336044311523 ], [ 4.334620377665251, 50.83800252003244, 19.926801681518555 ], [ 4.334651565496076, 50.837898840784533, 20.140752792358398 ], [ 4.334650182325716, 50.837793301067983, 20.086410522460938 ], [ 4.334820303550701, 50.837665651775247, 20.172397613525391 ], [ 4.334706867238467, 50.837618039991213, 20.223106384277344 ], [ 4.334528383381228, 50.837648422939502, 19.954814910888672 ], [ 4.334375204027665, 50.837646453276385, 21.241239547729492 ], [ 4.33427273877112, 50.837713916882507, 19.684076309204102 ], [ 4.334263001919705, 50.837618337145535, 21.061067581176758 ], [ 4.33416185329447, 50.837634014209769, 19.5 ], [ 4.334098025388808, 50.837581912889384, 19.5 ], [ 4.334132280052817, 50.837526588719825, 21.0 ], [ 4.334021701205434, 50.837532870097149, 19.5 ], [ 4.334083021402916, 50.837476008471548, 21.0 ], [ 4.333936114316908, 50.837443317031727, 19.5 ], [ 4.333853154132458, 50.837408656272821, 19.5 ], [ 4.333767772206499, 50.837323923172882, 19.762893676757812 ], [ 4.333677696744515, 50.837282179534455, 19.756914138793945 ], [ 4.333698140039614, 50.837212694073514, 21.661478042602539 ], [ 4.33356556009874, 50.837180915994473, 19.777830123901367 ], [ 4.333532391729264, 50.837091997154694, 21.362844467163086 ], [ 4.333431782067853, 50.837026507256979, 21.372198104858398 ], [ 4.333328763343231, 50.837015527806997, 19.790674209594727 ], [ 4.333277162047146, 50.836958009296275, 19.651100158691406 ], [ 4.333273875570923, 50.836898242878242, 21.43269157409668 ], [ 4.33318909540184, 50.836871893773605, 19.643571853637695 ], [ 4.333160138617216, 50.83680001392004, 21.601955413818359 ], [ 4.333031406680392, 50.836755079870997, 19.614921569824219 ], [ 4.332943993619676, 50.836724568288311, 19.5 ], [ 4.332912959565173, 50.83664281399205, 19.657258987426758 ], [ 4.332820924378897, 50.836578207524191, 19.571395874023438 ], [ 4.332758620528556, 50.836485741652133, 21.471786499023438 ], [ 4.332652347515271, 50.836495217175354, 19.5 ], [ 4.332683413572375, 50.836391225895795, 22.03691291809082 ], [ 4.332555706602259, 50.836359398238557, 19.878795623779297 ], [ 4.332537905226484, 50.83627322597598, 19.892120361328125 ], [ 4.332605177562192, 50.836205665608986, 20.014333724975586 ], [ 4.332720560786818, 50.836108368888048, 20.093410491943359 ], [ 4.332861578819675, 50.836162339417285, 20.446975708007812 ], [ 4.332954454522119, 50.836093736871334, 20.47270393371582 ], [ 4.333053022041077, 50.836037413905423, 20.500984191894531 ], [ 4.333120977250526, 50.835989803030671, 20.574008941650391 ], [ 4.3332215732808, 50.835982013899688, 20.634181976318359 ], [ 4.333372110635429, 50.83597101588294, 20.581335067749023 ], [ 4.333410542540354, 50.836063925365856, 20.785675048828125 ], [ 4.333521840717928, 50.836035414711702, 20.836597442626953 ], [ 4.33363883148701, 50.836052495225566, 21.035764694213867 ], [ 4.333735317757826, 50.836013612247207, 21.0 ], [ 4.333860901573911, 50.835944766021889, 22.252824783325195 ], [ 4.333708256447315, 50.835943246620069, 19.969644546508789 ], [ 4.333725336148393, 50.835876669360999, 20.614574432373047 ], [ 4.333644747704656, 50.835832564303637, 20.549219131469727 ], [ 4.333590208923131, 50.83573143773873, 20.569337844848633 ], [ 4.333470618903542, 50.835656043067857, 20.5 ], [ 4.333611988307878, 50.83562547033771, 22.108980178833008 ], [ 4.333613825825451, 50.835551084734682, 20.699405670166016 ], [ 4.333693346694353, 50.835496323522158, 20.806385040283203 ], [ 4.333644925845437, 50.835432172950938, 20.819183349609375 ], [ 4.333540071898793, 50.835457603537101, 20.688751220703125 ], [ 4.333642292767161, 50.83536109063342, 20.863479614257812 ], [ 4.333511052522048, 50.835310095341114, 20.796857833862305 ], [ 4.333476656033464, 50.835232858340298, 20.841066360473633 ], [ 4.33343241808933, 50.83515765713102, 21.0 ], [ 4.333356823698041, 50.835086215007593, 21.0 ], [ 4.333334193947414, 50.835023922167828, 21.0 ], [ 4.333247531208245, 50.834991150222997, 21.0 ], [ 4.333327669810568, 50.83493177329818, 22.5 ], [ 4.333184079172771, 50.834924168984685, 21.0 ], [ 4.333266000458591, 50.834849305650444, 22.5 ], [ 4.33313788628841, 50.834837912892041, 21.0 ], [ 4.333044234031195, 50.834776328296904, 22.5 ], [ 4.332951756746364, 50.834766190211489, 21.0 ], [ 4.332917559631669, 50.834710842948077, 21.0 ], [ 4.33279978885484, 50.834661717109995, 21.0 ], [ 4.33275587983496, 50.834550602414204, 22.5 ], [ 4.332649048220197, 50.834535360942844, 21.0 ], [ 4.332579399766897, 50.834488278368738, 21.0 ], [ 4.332673338354339, 50.834418033430346, 21.5 ], [ 4.33255593476966, 50.834386186425945, 21.291696548461914 ], [ 4.332484067657675, 50.834341158990533, 21.273164749145508 ], [ 4.332369503992764, 50.834281126394941, 21.188398361206055 ], [ 4.332375038237234, 50.834202942697537, 21.45703125 ], [ 4.332242703059314, 50.834172015857547, 21.216808319091797 ], [ 4.332229377686406, 50.834073658171775, 23.0 ], [ 4.332108302215816, 50.834070387520804, 21.25602912902832 ], [ 4.332155228957738, 50.834012957184726, 23.0 ], [ 4.332014956001692, 50.834044176214483, 21.147809982299805 ], [ 4.332077007741717, 50.833932883713928, 23.0 ], [ 4.331951580250395, 50.83396288946907, 21.259708404541016 ], [ 4.331879373330975, 50.833870275372057, 21.5 ], [ 4.33182277897381, 50.833923325726495, 21.098834991455078 ], [ 4.331836135837311, 50.833812404016982, 21.5 ], [ 4.331742088887293, 50.833779807919377, 21.405765533447266 ], [ 4.331638730058154, 50.833797844587323, 21.349016189575195 ], [ 4.331555179984773, 50.833706991724888, 21.445714950561523 ], [ 4.331455455836481, 50.833631908446378, 21.461492538452148 ], [ 4.331434419427348, 50.833534706390068, 22.798053741455078 ], [ 4.331337523843651, 50.833543115849523, 21.312692642211914 ], [ 4.331337844014952, 50.833441084017558, 22.649286270141602 ], [ 4.331231073205759, 50.833408674578145, 21.173725128173828 ], [ 4.331193095150765, 50.833309007115744, 22.558897018432617 ], [ 4.331041615708052, 50.833276964365815, 21.082590103149414 ], [ 4.33107334294843, 50.833211260830119, 22.5 ], [ 4.330981915905332, 50.833168387501402, 21.0 ], [ 4.331031129276952, 50.833090178411958, 21.0 ], [ 4.331068601050043, 50.833030091502373, 22.5 ], [ 4.331016717049316, 50.832955857866089, 21.0 ], [ 4.331134695312695, 50.832924107607283, 22.5 ], [ 4.331029750701539, 50.832871499140239, 21.0 ], [ 4.331183175978134, 50.832817038722943, 22.5 ], [ 4.331168831772591, 50.832747349469521, 20.995006561279297 ], [ 4.331271539307251, 50.83272073198119, 20.841341018676758 ], [ 4.331399988338861, 50.832732697911908, 21.5 ], [ 4.331529401404134, 50.832739293658051, 21.0 ], [ 4.331628223809548, 50.832750277729033, 21.0 ], [ 4.331707031446165, 50.832789602927889, 22.5 ], [ 4.331799714481828, 50.832820685616028, 22.5 ], [ 4.331832557371161, 50.832883761766105, 22.420564651489258 ], [ 4.33194718516956, 50.832889593799095, 20.827518463134766 ], [ 4.331900557759174, 50.83280244303716, 22.463039398193359 ], [ 4.331814349265033, 50.83273222552446, 20.511354446411133 ], [ 4.33181734990811, 50.832652571364669, 26.030988693237305 ], [ 4.331727496941673, 50.832596798643955, 20.5 ], [ 4.331607441783701, 50.832555989921268, 20.5 ], [ 4.3315749488008, 50.832483131233957, 20.5 ], [ 4.331679367315797, 50.832446266108988, 20.5 ], [ 4.331789019210012, 50.832448950215863, 26.034824371337891 ], [ 4.331878297193616, 50.832408542705814, 23.89112663269043 ], [ 4.331952811901324, 50.832352731025651, 20.5 ], [ 4.332091657207449, 50.832325933406118, 20.5 ], [ 4.332183597092719, 50.832264217988552, 20.5 ], [ 4.332309841885326, 50.832246447366799, 20.5 ], [ 4.332409320630538, 50.832241958966151, 24.83372688293457 ], [ 4.332491278406927, 50.83220597001359, 20.5 ], [ 4.332561301000069, 50.832141041788432, 20.5 ], [ 4.332675719610998, 50.832171563686693, 26.070152282714844 ], [ 4.332760080187128, 50.832121592458137, 23.714729309082031 ], [ 4.332865424413617, 50.832056329821079, 20.5 ], [ 4.332981311505411, 50.832025164188074, 20.5 ], [ 4.333106224989921, 50.832053202485788, 20.5 ], [ 4.333161726524481, 50.832104496145199, 20.5 ], [ 4.333145478748643, 50.832165820711602, 27.530797958374023 ], [ 4.333257605022153, 50.832091092627429, 20.5 ], [ 4.333200363256012, 50.832216419512001, 27.564329147338867 ], [ 4.333296530453606, 50.83222412505382, 20.5 ], [ 4.33335804588612, 50.832284191419454, 20.5 ], [ 4.33337467595037, 50.832355006490268, 25.093997955322266 ], [ 4.333471489152743, 50.832404515107577, 23.548587799072266 ], [ 4.333595002108913, 50.832394929395804, 20.5 ], [ 4.33352642929806, 50.832475222763826, 24.660999298095703 ], [ 4.333623192663161, 50.832455333425919, 20.5 ], [ 4.333613761866176, 50.832518037045972, 23.700605392456055 ], [ 4.333714757867824, 50.832546340542741, 20.5 ], [ 4.333725310763139, 50.832617557360493, 24.033720016479492 ], [ 4.333836638098255, 50.832629638111136, 20.5 ], [ 4.333765564743007, 50.832680545501191, 25.201013565063477 ], [ 4.333918076887434, 50.832664509459093, 20.5 ], [ 4.333883404171299, 50.832722765761773, 23.496257781982422 ], [ 4.334003867139362, 50.832783840200761, 20.532936096191406 ], [ 4.334114066054212, 50.832882796586588, 21.241352081298828 ], [ 4.334143783093442, 50.832944712067324, 24.282369613647461 ], [ 4.33423068356572, 50.832978757600813, 20.801464080810547 ], [ 4.334332839960982, 50.833034666197598, 20.5 ], [ 4.334382504580113, 50.83311317802189, 22.858066558837891 ], [ 4.334419287138802, 50.833171325330397, 25.064525604248047 ], [ 4.334537474190291, 50.833201850462437, 20.647266387939453 ], [ 4.334621655366863, 50.833270044012238, 20.792537689208984 ], [ 4.334694269793453, 50.833343376873358, 22.033973693847656 ], [ 4.334759305832363, 50.833421668813088, 23.876497268676758 ], [ 4.334825305660554, 50.833499636455926, 22.328100204467773 ], [ 4.334945372724634, 50.833557064412943, 22.120216369628906 ], [ 4.335012354213591, 50.833623118527512, 22.155860900878906 ], [ 4.335065387755337, 50.833680015205637, 22.201202392578125 ], [ 4.335167203709566, 50.833694432969622, 20.66571044921875 ], [ 4.335172755310938, 50.833790761715839, 22.236824035644531 ], [ 4.335328302482568, 50.833795653524753, 20.750885009765625 ], [ 4.335259475548915, 50.833872681858807, 22.313337326049805 ], [ 4.335397889351507, 50.833860433882926, 20.907337188720703 ], [ 4.335415010434099, 50.833938028241029, 22.5 ], [ 4.335484763990223, 50.833979780572072, 22.5 ], [ 4.335661985302324, 50.834035948973124, 21.0 ], [ 4.335576735436028, 50.83408392637093, 22.5 ], [ 4.335740600179497, 50.834145365084524, 21.0 ], [ 4.335783371299896, 50.834229992210467, 22.5 ], [ 4.33588087511199, 50.834293889239234, 22.5 ], [ 4.335971819223983, 50.834362732746108, 22.5 ], [ 4.335997759672836, 50.834449948397001, 22.5 ], [ 4.336192155534569, 50.834460896543504, 21.0 ], [ 4.336086674637558, 50.834517255427279, 22.5 ], [ 4.336217130502809, 50.834546849886628, 21.0 ], [ 4.336239580982387, 50.834631458778318, 22.5 ], [ 4.33642238135635, 50.834646516130817, 21.0 ], [ 4.336326512296191, 50.834697263530586, 22.5 ], [ 4.336459417457715, 50.834722086563929, 21.0 ], [ 4.336446021778251, 50.83483110354927, 22.5 ], [ 4.336549089727268, 50.834788982072972, 21.0 ], [ 4.336562189495563, 50.834873464723188, 22.5 ], [ 4.336634878149495, 50.834944790087086, 22.5 ], [ 4.336724468621063, 50.834975267146618, 22.5 ], [ 4.336822075657349, 50.83499335238821, 21.0 ], [ 4.33684717501957, 50.835057055447074, 21.0 ], [ 4.33691653315094, 50.83515041065516, 22.5 ], [ 4.337049058235595, 50.835121576969648, 21.0 ], [ 4.336980162964061, 50.835236054857312, 22.5 ], [ 4.337113327805904, 50.835202639595664, 21.0 ], [ 4.337085768559247, 50.835281709325798, 22.5 ], [ 4.337240201947341, 50.835261833065104, 21.0 ], [ 4.337251771509587, 50.835338915564527, 21.0 ], [ 4.33722857389763, 50.835443593279805, 22.5 ], [ 4.337350360738061, 50.835404306500592, 21.0 ], [ 4.337276589886662, 50.8355028249604, 22.5 ], [ 4.337379399614536, 50.835488881652864, 21.0 ], [ 4.337475078746345, 50.83554722155602, 22.5 ], [ 4.337576415363864, 50.835630401387469, 21.0 ], [ 4.33755619799101, 50.835726543366206, 22.5 ], [ 4.337662608189645, 50.835710576523475, 21.0 ], [ 4.337767537741472, 50.835691072819351, 21.0 ], [ 4.337689526942595, 50.835777695167749, 22.5 ], [ 4.337839241490531, 50.835750185429298, 21.0 ], [ 4.337826936665507, 50.835824315862986, 23.062837600708008 ], [ 4.33792392340009, 50.835819997037781, 21.20787239074707 ], [ 4.33798314974377, 50.835868822996666, 21.5 ], [ 4.337970428486403, 50.835930066542126, 23.717802047729492 ], [ 4.338040409428351, 50.835973099472412, 23.0 ], [ 4.338145051843447, 50.83602698622196, 21.5 ], [ 4.338243179302024, 50.836116559191055, 21.5 ], [ 4.338102574877221, 50.836198869632874, 21.287988662719727 ], [ 4.337993862717689, 50.836178496934259, 22.760280609130859 ], [ 4.337915449384471, 50.836227304427382, 21.032585144042969 ], [ 4.337901364080471, 50.836287307259298, 22.742198944091797 ], [ 4.337977916481896, 50.836323776092676, 21.0 ], [ 4.338020743034653, 50.836413313705911, 27.5 ], [ 4.338130071616829, 50.836412565250804, 21.0 ], [ 4.338121731939119, 50.836481598368913, 27.5 ], [ 4.338231233173024, 50.836514399388086, 20.749120712280273 ], [ 4.338419980400316, 50.836544489017172, 21.021507263183594 ], [ 4.33834133106046, 50.836648220560555, 29.0 ], [ 4.338465228899473, 50.836661528738119, 21.0 ], [ 4.3386144272103, 50.836722743084842, 21.184913635253906 ], [ 4.338659595443057, 50.83680930717162, 21.426719665527344 ], [ 4.338742912807228, 50.836869101113649, 21.0 ], [ 4.338847479303099, 50.836913536165362, 21.012592315673828 ], [ 4.338915751402035, 50.837000744860724, 21.0 ], [ 4.339009703442277, 50.837077678701988, 21.5 ], [ 4.339133375740556, 50.837116176581247, 21.5 ], [ 4.339165785059795, 50.83720511069972, 21.5 ], [ 4.339273980961972, 50.837265414359095, 21.096248626708984 ], [ 4.339390515115724, 50.837363078408025, 21.5 ], [ 4.339418274810575, 50.837437854477805, 21.5 ], [ 4.339469070909698, 50.837534717905591, 21.5 ], [ 4.339398281953239, 50.837606383082608, 21.630840301513672 ], [ 4.339471665636904, 50.837711417941605, 21.680419921875 ], [ 4.339622034230535, 50.837755591827573, 21.641017913818359 ], [ 4.339735216846586, 50.837745698465319, 21.5 ], [ 4.339856275221302, 50.837769251906856, 21.5 ], [ 4.339937391286675, 50.837824046887079, 21.5 ], [ 4.340106868623758, 50.837899592305888, 21.366653442382812 ], [ 4.340145564370969, 50.837963203876598, 21.259796142578125 ], [ 4.340199743732187, 50.838023650003286, 21.353803634643555 ], [ 4.34035855214399, 50.83802474054378, 21.072053909301758 ], [ 4.340354577367751, 50.838090985723689, 21.679882049560547 ], [ 4.340471889884278, 50.838099657673688, 21.0 ], [ 4.340528357678342, 50.838186257104816, 21.078025817871094 ], [ 4.340673888566013, 50.838203169695127, 21.0 ], [ 4.340693155578033, 50.838277968715303, 21.225971221923828 ], [ 4.340788864061427, 50.838323476480781, 21.0 ], [ 4.34100907778888, 50.838305304025035, 21.0 ], [ 4.341301919460616, 50.83851180989825, 20.566621780395508 ], [ 4.341022196290292, 50.838599279314955, 20.895990371704102 ], [ 4.341229423979897, 50.838827544286403, 20.5 ], [ 4.341029471593516, 50.839013629476725, 20.5 ], [ 4.341228803950528, 50.839128732525971, 20.040594100952148 ], [ 4.341176700549021, 50.839257432556359, 20.053030014038086 ], [ 4.341313760657515, 50.839365636795101, 20.0 ], [ 4.34153221558438, 50.839355326515914, 19.703556060791016 ], [ 4.341645776771127, 50.839460451004861, 19.638227462768555 ], [ 4.341680915083441, 50.839579788673355, 19.592422485351562 ], [ 4.34155127515732, 50.839669221764822, 19.694499969482422 ], [ 4.34158933796412, 50.839757044434215, 21.196052551269531 ], [ 4.341716416485276, 50.83977692197201, 19.553806304931641 ], [ 4.34181480766951, 50.839824176557514, 19.515935897827148 ], [ 4.341789152083829, 50.839906353400622, 21.312005996704102 ], [ 4.341898290187034, 50.839877319799328, 19.5 ], [ 4.341877931452496, 50.83996845722816, 19.711944580078125 ], [ 4.342007211473208, 50.839983860057586, 19.517465591430664 ], [ 4.342050798179053, 50.840046521202289, 19.550714492797852 ], [ 4.342105810807544, 50.840095853764858, 19.577524185180664 ], [ 4.342181430580538, 50.840141744134151, 19.543302536010742 ], [ 4.342304474070296, 50.840241915297895, 19.591438293457031 ], [ 4.342330576596103, 50.840329652185147, 21.284700393676758 ], [ 4.342461556068622, 50.840296592638673, 19.5 ], [ 4.342406955607503, 50.840404699118324, 21.0 ], [ 4.342477744876727, 50.840472186812313, 19.5 ], [ 4.342592496996537, 50.840508024881643, 19.5 ], [ 4.342715838012109, 50.840530965881655, 19.5 ], [ 4.342701398995886, 50.840611847422245, 19.615261077880859 ], [ 4.342844967767657, 50.84066492991483, 19.519502639770508 ], [ 4.342893871488215, 50.84074083601044, 19.601531982421875 ], [ 4.343002379026921, 50.840834788890952, 19.625520706176758 ], [ 4.343113562840563, 50.840911443294821, 19.501199722290039 ], [ 4.343156085439538, 50.840976793061351, 21.0 ], [ 4.343228487722472, 50.841033934776931, 19.5 ], [ 4.343329611673148, 50.841069530963772, 19.5 ], [ 4.343471840698359, 50.841151424248174, 19.5 ], [ 4.343558914712547, 50.841244610061032, 19.5 ], [ 4.343703175065584, 50.841326952614558, 19.5 ], [ 4.343698723894088, 50.841391462217345, 19.5 ], [ 4.343795686898501, 50.841411468369635, 19.5 ], [ 4.343866825655363, 50.841502420600193, 19.5 ], [ 4.343907899538642, 50.841554934146878, 19.5 ], [ 4.344000264051087, 50.841558659792433, 19.5 ], [ 4.34399779969567, 50.841651779311611, 20.960371017456055 ], [ 4.344114960640705, 50.84160644926493, 19.5 ], [ 4.344060686774407, 50.841735970647399, 19.354206085205078 ], [ 4.343966597511648, 50.841792962928373, 19.351367950439453 ], [ 4.343836404139427, 50.841791581816345, 20.906375885009766 ], [ 4.34379585270368, 50.841879440290427, 19.337394714355469 ], [ 4.343927425297414, 50.841850537787622, 19.466325759887695 ], [ 4.344057102580706, 50.841818384180094, 19.239351272583008 ], [ 4.344150514136696, 50.841778774768621, 19.305606842041016 ], [ 4.344262895929357, 50.841780734010428, 19.322988510131836 ], [ 4.344204093961046, 50.841839792153088, 20.724964141845703 ], [ 4.344353105987789, 50.841858005969442, 19.267837524414062 ], [ 4.344382215037186, 50.841952312347132, 20.711723327636719 ], [ 4.344483668146799, 50.84194978371287, 19.281831741333008 ], [ 4.344467986307761, 50.842032539199387, 20.714292526245117 ], [ 4.344584591302082, 50.842066044455628, 19.034633636474609 ], [ 4.344690900433377, 50.842124552942032, 19.393512725830078 ], [ 4.344750581595179, 50.842173241033841, 19.49700927734375 ], [ 4.344782933864143, 50.842268919504363, 21.0 ], [ 4.344881117439534, 50.842225614745068, 19.5 ], [ 4.344867010694964, 50.84232282677268, 21.0 ], [ 4.345012150312907, 50.842353230186298, 19.5 ], [ 4.345055905860097, 50.842431680136848, 19.5 ], [ 4.345182954752501, 50.842486471282761, 19.5 ], [ 4.345244180700289, 50.842542392525104, 19.5 ], [ 4.345329467893577, 50.842583792682511, 19.5 ], [ 4.345402403824424, 50.842653808019122, 19.5 ], [ 4.345450560054447, 50.84272534727517, 19.5 ], [ 4.34561274223469, 50.842739223053677, 19.5 ], [ 4.345828076132579, 50.84270757525794, 19.5 ], [ 4.345725997439316, 50.842591336151521, 19.5 ], [ 4.345648024866697, 50.842516865756615, 19.5 ], [ 4.345624548714863, 50.842413202169894, 19.5 ], [ 4.345555772031791, 50.842338732441576, 19.5 ], [ 4.345414339638884, 50.842306127520928, 19.5 ], [ 4.345433653990249, 50.842222436520167, 20.847843170166016 ], [ 4.345309146327893, 50.842191790829865, 19.393951416015625 ], [ 4.345290817978728, 50.842108389152031, 20.65220832824707 ], [ 4.345336754933429, 50.842024658420172, 19.100118637084961 ], [ 4.34520099436239, 50.842046291978846, 19.269626617431641 ], [ 4.344941638189774, 50.842045414143037, 19.5 ], [ 4.345071893460571, 50.84197749083657, 19.444524765014648 ], [ 4.345022814586221, 50.841916452575504, 19.5 ], [ 4.344929292897691, 50.841882028829595, 19.5 ], [ 4.344855284992732, 50.841836129877741, 19.5 ], [ 4.344808400483961, 50.841772506007246, 19.5 ], [ 4.344707992881255, 50.841742714371613, 19.5 ], [ 4.344666863358522, 50.841685698174061, 19.5 ], [ 4.344645181980058, 50.841617889748932, 21.0 ], [ 4.344592222333507, 50.841557374775, 19.5 ], [ 4.344493782634909, 50.84147344597416, 21.0 ], [ 4.344345807870149, 50.841464315863149, 19.5 ], [ 4.34427916867201, 50.841376070137308, 19.589691162109375 ], [ 4.344235946492959, 50.841318833744168, 19.565763473510742 ], [ 4.344160317620095, 50.841279879031575, 19.5 ], [ 4.344028038463388, 50.84117689906352, 19.5 ], [ 4.343926388458904, 50.84107484839506, 19.5 ], [ 4.343845514442444, 50.841001528455948, 19.5 ], [ 4.343788461028566, 50.840942924898187, 19.5 ], [ 4.343685549324608, 50.840965138202456, 19.5 ], [ 4.343634852557241, 50.840880750415522, 19.5 ], [ 4.343577591131887, 50.840823429907005, 19.5 ], [ 4.343465399194148, 50.840718484875296, 19.439498901367188 ], [ 4.343376335641617, 50.840660193904021, 19.375608444213867 ], [ 4.343337184498933, 50.840585528284677, 21.0 ], [ 4.343227374010184, 50.840579011964842, 19.5 ], [ 4.34325073465751, 50.840515514078533, 21.0 ], [ 4.34312427152408, 50.84047695971249, 19.5 ], [ 4.343129836383341, 50.840404234386405, 21.0 ], [ 4.342936431413013, 50.840434748763855, 19.5 ], [ 4.343071027877755, 50.840341665506621, 21.0 ], [ 4.342938844720829, 50.840350592009244, 19.5 ], [ 4.342890240395699, 50.840222458241868, 19.5 ], [ 4.342781935703401, 50.840162475936552, 19.5 ], [ 4.342673524142422, 50.840102571181603, 19.5 ], [ 4.342599493907071, 50.840035622367068, 19.5 ], [ 4.342488476065737, 50.840001136386867, 19.5 ], [ 4.342416177833785, 50.839931869352938, 19.5 ], [ 4.342400802648254, 50.839849414725492, 21.0 ], [ 4.342244926986953, 50.839778318173472, 19.5 ], [ 4.342272440282929, 50.839716424380512, 21.0 ], [ 4.342116214707384, 50.839721979828177, 19.5 ], [ 4.342234154725303, 50.839656870215926, 19.5 ], [ 4.342107087845489, 50.83963996988183, 19.5 ], [ 4.342021761713993, 50.839578001859522, 19.5 ], [ 4.341878368637432, 50.839498652090583, 19.5 ], [ 4.341807609132095, 50.839384811543994, 19.5 ], [ 4.341926683411867, 50.839302633733659, 19.5 ], [ 4.341799774065402, 50.839304582818997, 19.5 ], [ 4.341667839956074, 50.839333855211933, 19.5 ], [ 4.341623521220182, 50.839240164635399, 21.278606414794922 ], [ 4.341530820378622, 50.839223671829188, 19.870250701904297 ], [ 4.341422021763543, 50.839180538641138, 20.0 ], [ 4.341434387301501, 50.83910214947003, 20.149517059326172 ], [ 4.341299234501089, 50.839015098241163, 20.0 ], [ 4.341362199618011, 50.838933244484728, 20.219245910644531 ], [ 4.341444760848138, 50.838858701596379, 20.5 ], [ 4.341438991138078, 50.838783343815237, 20.832916259765625 ], [ 4.341487087253551, 50.838717208523981, 20.5 ], [ 4.341552563095189, 50.838657662278784, 20.5 ], [ 4.341600149902715, 50.838591657196659, 22.0 ], [ 4.341493894673984, 50.838536142921662, 20.5 ], [ 4.341646005168024, 50.838537404625576, 22.0 ], [ 4.34161220733165, 50.83847971208737, 20.5 ], [ 4.341705825082913, 50.838469902117524, 20.5 ], [ 4.341758340169961, 50.838419856942046, 20.5 ], [ 4.341866961147816, 50.838361609087976, 20.5 ], [ 4.34186374198648, 50.838291735764237, 22.347230911254883 ], [ 4.341680942803601, 50.838344215671086, 20.692987442016602 ], [ 4.341642368661082, 50.838411108302118, 20.58061408996582 ], [ 4.341537073184072, 50.83834885696853, 20.842498779296875 ], [ 4.341471684347764, 50.8384500567809, 20.507394790649414 ], [ 4.341428251125871, 50.838289086934417, 21.0 ], [ 4.341291886931179, 50.838052134482524, 21.052154541015625 ], [ 4.340996276730804, 50.837936400261391, 21.0 ], [ 4.341011632754942, 50.837816322297428, 21.0 ], [ 4.34116507668558, 50.837721285671833, 21.224721908569336 ], [ 4.340997275083501, 50.837696194813709, 21.0 ], [ 4.340870295038203, 50.837735677955997, 21.0 ], [ 4.340807615777824, 50.837815982152819, 21.0 ], [ 4.340766547408897, 50.837753169207822, 21.0 ], [ 4.340670299263178, 50.837723047242953, 21.032808303833008 ], [ 4.340534232182719, 50.837660144650613, 21.331056594848633 ], [ 4.340480712093084, 50.837560044277232, 21.5 ], [ 4.340183150370491, 50.837659985019897, 21.5 ], [ 4.340303600091437, 50.837526454552503, 21.5 ], [ 4.34030819956419, 50.837409417995218, 21.5 ], [ 4.340226500410207, 50.837355113380156, 21.5 ], [ 4.340341677260684, 50.837337614364891, 21.5 ], [ 4.340270459189045, 50.837277852972285, 21.5 ], [ 4.34045014048429, 50.837238641352052, 21.5 ], [ 4.340515177558876, 50.837177997225638, 21.5 ], [ 4.340625543468303, 50.837186993004323, 23.004457473754883 ], [ 4.340596701718312, 50.837108066968604, 21.609319686889648 ], [ 4.340510582594593, 50.83704815851916, 21.651304244995117 ], [ 4.340465330522632, 50.837113752597915, 21.5 ], [ 4.340355681726564, 50.837096350196724, 23.0 ], [ 4.340380878656379, 50.837179902890611, 21.5 ], [ 4.340281655066772, 50.837208982911086, 21.5 ], [ 4.340158368973683, 50.837234340914613, 21.5 ], [ 4.33997730200227, 50.837207183314547, 21.5 ], [ 4.340059775149698, 50.837179264239829, 23.0 ], [ 4.339908085289674, 50.837167361236432, 21.5 ], [ 4.339975798704963, 50.837098391968873, 23.0 ], [ 4.339817028633347, 50.837110171169563, 21.5 ], [ 4.339818508454071, 50.837047366743214, 21.5 ], [ 4.339820150935561, 50.836977650340415, 23.0 ], [ 4.339740677563658, 50.837008426927568, 21.5 ], [ 4.339645028639239, 50.836921795314552, 21.5 ], [ 4.339498704842485, 50.836870920285705, 21.5 ], [ 4.339501161742743, 50.836777359053428, 21.5 ], [ 4.339385771830543, 50.836733749871627, 21.5 ], [ 4.339278253336345, 50.836652494088305, 21.5 ], [ 4.339373759668177, 50.836565428663299, 21.5 ], [ 4.339492654647909, 50.836579448104693, 23.0 ], [ 4.339459185209446, 50.836511219130273, 21.5 ], [ 4.339590808320647, 50.836511889583512, 21.612695693969727 ], [ 4.339508358252374, 50.836446916845532, 21.505950927734375 ], [ 4.339361131552861, 50.836475876673852, 21.5 ], [ 4.33925621701572, 50.836547407389503, 21.5 ], [ 4.339108914697571, 50.836515121372599, 21.5 ], [ 4.339018843116944, 50.836446604724159, 21.5 ], [ 4.338917758751347, 50.836333890219677, 21.513986587524414 ], [ 4.338784017826381, 50.836270471091275, 21.5 ], [ 4.338682950004194, 50.836174473164554, 21.5 ], [ 4.338618886375381, 50.836112392719876, 21.5 ], [ 4.338514469563559, 50.836078810706681, 21.5 ], [ 4.338594346640153, 50.835981552083069, 21.724971771240234 ], [ 4.338477983183177, 50.835934164559333, 21.64410400390625 ], [ 4.338290538067133, 50.835888729976972, 21.5 ], [ 4.338363444630038, 50.835840488191273, 23.116794586181641 ], [ 4.338230723075958, 50.835833738692386, 21.5 ], [ 4.338211772495366, 50.835771675803784, 21.5 ], [ 4.338116919082093, 50.835751978771313, 21.488454818725586 ], [ 4.338100135095019, 50.835691428573668, 21.435579299926758 ], [ 4.338012076787731, 50.835665547298646, 21.327402114868164 ], [ 4.338058823160095, 50.835542390414844, 21.57697868347168 ], [ 4.337995677705741, 50.835426532931194, 21.986761093139648 ], [ 4.33791973612602, 50.835491330705025, 21.464824676513672 ], [ 4.337777698113413, 50.835411503065814, 21.468252182006836 ], [ 4.337767396666785, 50.835344355351452, 22.013465881347656 ], [ 4.337732622760324, 50.835261075472296, 21.667524337768555 ], [ 4.337585254004265, 50.835247489946347, 21.488496780395508 ], [ 4.337476098975961, 50.835145388218471, 21.680442810058594 ], [ 4.337418237375653, 50.835091265225216, 21.654073715209961 ], [ 4.337481261689557, 50.834948207118728, 21.857294082641602 ], [ 4.337367670632287, 50.834992357178756, 21.650701522827148 ], [ 4.337125965417905, 50.835047399100169, 21.0 ], [ 4.337247396720799, 50.834966749979962, 22.935989379882812 ], [ 4.33713016799745, 50.834935997274243, 21.22364616394043 ], [ 4.337115915321919, 50.834843540584693, 23.259523391723633 ], [ 4.336981974421522, 50.83480565277943, 21.300458908081055 ], [ 4.33688902613281, 50.834707542743736, 22.859472274780273 ], [ 4.336889367002478, 50.834632694515641, 21.359212875366211 ], [ 4.336980736338848, 50.834542333538586, 21.5 ], [ 4.336837479197333, 50.834554365251634, 21.5 ], [ 4.336726831126197, 50.834602380797477, 21.240165710449219 ], [ 4.336641209235815, 50.83455212523198, 21.140132904052734 ], [ 4.336576583325185, 50.834486066850005, 21.12244987487793 ], [ 4.336668510141167, 50.834413236435353, 22.822366714477539 ], [ 4.336531079783953, 50.834416417957307, 21.144660949707031 ], [ 4.336424881998177, 50.834382379558313, 21.070295333862305 ], [ 4.336441006048638, 50.834287634555174, 22.715696334838867 ], [ 4.336453859472198, 50.834217427196798, 22.848094940185547 ], [ 4.336371859016021, 50.834169481248786, 22.785490036010742 ], [ 4.336252630799566, 50.834247048596076, 21.015705108642578 ], [ 4.336271712530298, 50.834183280448414, 22.631229400634766 ], [ 4.336120782764943, 50.83416158116777, 21.0 ], [ 4.336212515758019, 50.834130298128748, 22.643360137939453 ], [ 4.33615575439511, 50.834030651143252, 22.711896896362305 ], [ 4.336039335337401, 50.834031238504771, 22.543630599975586 ], [ 4.335928709951371, 50.833959292117363, 21.0 ], [ 4.33596796641283, 50.83389133122607, 21.048061370849609 ], [ 4.336067853401659, 50.833856182135627, 21.202089309692383 ], [ 4.336240100779547, 50.833809960583494, 22.939802169799805 ], [ 4.336279290125755, 50.833734259853578, 21.5 ], [ 4.336339348945274, 50.833673703344751, 21.525976181030273 ], [ 4.336181896459212, 50.833684960927052, 21.5 ], [ 4.336174643525797, 50.833754452577772, 21.400798797607422 ], [ 4.336070784994807, 50.833776215957016, 21.215764999389648 ], [ 4.335955704162184, 50.833819384045526, 21.053804397583008 ], [ 4.335850711043898, 50.833871860713202, 21.0 ], [ 4.335780104151258, 50.833820769935684, 22.5 ], [ 4.33567592147243, 50.833804747094852, 21.0 ], [ 4.335686008725626, 50.833695263870894, 22.5 ], [ 4.335555815498895, 50.833745381069427, 20.892732620239258 ], [ 4.335576677488507, 50.833674239430003, 22.5 ], [ 4.335467152677779, 50.83359728937414, 22.392457962036133 ], [ 4.335370432401652, 50.833559882102143, 20.545927047729492 ], [ 4.335307921978798, 50.833434149781311, 22.0 ], [ 4.33530010783559, 50.833345119601383, 20.57795524597168 ], [ 4.335431839513332, 50.833301964173266, 22.176956176757812 ], [ 4.335530647769901, 50.833228931331135, 20.985759735107422 ], [ 4.335601722869853, 50.833166815258934, 21.0 ], [ 4.335754785836111, 50.833152953103934, 22.617725372314453 ], [ 4.335755026262912, 50.833089258521255, 21.366542816162109 ], [ 4.335854104828501, 50.83310021893292, 22.918634414672852 ], [ 4.335793551916979, 50.833011266698314, 21.5 ], [ 4.335693773838887, 50.833038737758287, 21.386852264404297 ], [ 4.335652552444095, 50.833102501886991, 21.200595855712891 ], [ 4.335549300481085, 50.833038507136294, 22.676658630371094 ], [ 4.335498564380475, 50.833136738569678, 21.0 ], [ 4.335409655195282, 50.833153940979841, 22.5 ], [ 4.33538441084384, 50.833210602070231, 20.89814567565918 ], [ 4.33530462817891, 50.833171675613634, 22.419378280639648 ], [ 4.335268634167322, 50.833285323922489, 20.707769393920898 ], [ 4.335190260353324, 50.833248785745269, 22.237226486206055 ], [ 4.335121416875666, 50.83329234842396, 22.123380661010742 ], [ 4.335032785346651, 50.833217577896242, 22.115610122680664 ], [ 4.334963733464214, 50.833132837668352, 22.0 ], [ 4.334833362949721, 50.833085121565276, 22.0 ], [ 4.334737334646335, 50.833002805060211, 22.0 ], [ 4.334666154745825, 50.832941147949057, 22.0 ], [ 4.334574419352856, 50.832927904571129, 20.5 ], [ 4.334657231619268, 50.832876385374369, 22.399860382080078 ], [ 4.334744938976468, 50.832842606062783, 22.43079948425293 ], [ 4.334618724506053, 50.832816123686065, 20.739046096801758 ], [ 4.33451777035161, 50.832757776252961, 22.0 ], [ 4.334708297615973, 50.832691825557461, 22.053630828857422 ], [ 4.334762326657123, 50.832632615432594, 22.271493911743164 ], [ 4.334885843488459, 50.832589871795584, 22.5 ], [ 4.3349250021035, 50.832511658269233, 21.0 ], [ 4.335006384200537, 50.832547202973181, 22.5 ], [ 4.33508790901219, 50.83244695478151, 21.0 ], [ 4.335201078058477, 50.832423587007476, 22.5 ], [ 4.335234109649046, 50.832349654063414, 21.143850326538086 ], [ 4.335360498153858, 50.832347620518902, 22.802665710449219 ], [ 4.335310781558301, 50.8322901058146, 21.326091766357422 ], [ 4.335144648933949, 50.832293025487559, 21.105213165283203 ], [ 4.33499932569676, 50.832344093154759, 22.5 ], [ 4.335002790353398, 50.832409624850634, 21.0 ], [ 4.334904705383702, 50.832430620744844, 21.0 ], [ 4.334815241948918, 50.83245891558326, 22.5 ], [ 4.334796299336983, 50.832521097278679, 20.958393096923828 ], [ 4.334593611479061, 50.832482418299534, 22.320451736450195 ], [ 4.33466581956997, 50.832562990087112, 20.584646224975586 ], [ 4.334558768631995, 50.832548203911415, 22.143215179443359 ], [ 4.334511254316411, 50.83261072763726, 22.0 ], [ 4.334383922394658, 50.832637545615221, 22.0 ], [ 4.334301256891777, 50.832704485635347, 20.5 ], [ 4.334251138874058, 50.832625277864871, 22.0 ], [ 4.334138214246473, 50.832578726244705, 20.5 ], [ 4.334163447928824, 50.832479070529054, 22.0 ], [ 4.334045103744959, 50.832496813412156, 20.5 ], [ 4.334076022562075, 50.832412365110073, 22.186004638671875 ], [ 4.333919414789555, 50.832397573019279, 20.5 ], [ 4.333979907242554, 50.832350640412216, 22.282899856567383 ], [ 4.333832115676763, 50.832372798030846, 20.5 ], [ 4.333903233485627, 50.832287812697189, 22.295787811279297 ], [ 4.333763505179292, 50.832286989755815, 20.5 ], [ 4.333811282690002, 50.832233829745249, 22.147872924804688 ], [ 4.333677809806083, 50.832180445446518, 22.0 ], [ 4.33364360769284, 50.832125524945482, 22.0 ], [ 4.333559571613868, 50.83208979606983, 22.0 ], [ 4.333575218897002, 50.832026466231191, 22.0 ], [ 4.333540702603253, 50.831948907486812, 20.55925178527832 ], [ 4.333646004666664, 50.831971972130717, 22.062480926513672 ], [ 4.333664328310372, 50.831886531415662, 20.730340957641602 ], [ 4.333757300541609, 50.831968608941231, 22.076011657714844 ], [ 4.333781048210659, 50.831868722593605, 20.846221923828125 ], [ 4.333898923958784, 50.831854287394989, 22.5 ], [ 4.333934635688161, 50.831783618682522, 21.0 ], [ 4.334025765902618, 50.83173698404849, 21.0 ], [ 4.334129620628569, 50.831724114104858, 22.5 ], [ 4.334135060368646, 50.831657184028238, 21.0 ], [ 4.334322782220843, 50.831617157474433, 21.276275634765625 ], [ 4.334397188793632, 50.831566071736511, 21.5 ], [ 4.334507304603971, 50.831498145798143, 21.609590530395508 ], [ 4.33438336401674, 50.83146483667209, 21.63499641418457 ], [ 4.334274975458699, 50.83150023272357, 21.5 ], [ 4.334237187279373, 50.831573662859981, 21.355293273925781 ], [ 4.334115636922663, 50.831552267137553, 22.822858810424805 ], [ 4.334003508544476, 50.831588884080965, 22.5 ], [ 4.333846978236989, 50.831662808366168, 22.5 ], [ 4.333766456770017, 50.831717565741741, 21.0 ], [ 4.333657002615576, 50.831711412891345, 22.5 ], [ 4.333701362717239, 50.831811850864341, 20.889673233032227 ], [ 4.3335971409361, 50.831769769686339, 22.409255981445312 ], [ 4.333407500420209, 50.831766889503022, 20.843135833740234 ], [ 4.333504875221066, 50.831700863501425, 22.496572494506836 ], [ 4.333482052995097, 50.831607117032327, 21.0 ], [ 4.333557564803058, 50.831551366586694, 22.615079879760742 ], [ 4.333486537455579, 50.831443388153538, 21.167072296142578 ], [ 4.333590887249139, 50.831413953118023, 22.818899154663086 ], [ 4.333516361561981, 50.831369600138885, 21.36817741394043 ], [ 4.333547574208171, 50.831307923301111, 21.5 ], [ 4.333571587285086, 50.831248048194304, 21.5 ], [ 4.333507728942976, 50.831201349592618, 21.5 ], [ 4.333657456760506, 50.831145458515465, 23.093936920166016 ], [ 4.333536369768172, 50.831119614674677, 21.5 ], [ 4.333637307574532, 50.831065547975285, 23.130443572998047 ], [ 4.33353528726602, 50.831053980655604, 21.508146286010742 ], [ 4.333577686897829, 50.830979429476614, 21.719200134277344 ], [ 4.33346442622387, 50.830904328112169, 21.843828201293945 ], [ 4.333461079905608, 50.831008158584488, 21.634197235107422 ], [ 4.333325256451683, 50.830870446643807, 21.773260116577148 ], [ 4.333187512527255, 50.830906589577737, 21.565217971801758 ], [ 4.333065918685919, 50.830888302522801, 21.479578018188477 ], [ 4.333070023781959, 50.830978728782334, 21.5 ], [ 4.333142817005839, 50.831050168571799, 21.5 ], [ 4.333221620352825, 50.831101789373882, 21.5 ], [ 4.333175057613268, 50.831167255737334, 22.964393615722656 ], [ 4.33324037371458, 50.831230135603896, 21.382705688476562 ], [ 4.333085735827626, 50.831244000489384, 22.85198974609375 ], [ 4.333205185750375, 50.831302026783767, 21.151933670043945 ], [ 4.333127954863744, 50.831344187615485, 22.51519775390625 ], [ 4.333132222100463, 50.831408704556765, 21.0 ], [ 4.333067262432202, 50.831465353442525, 22.5 ], [ 4.333153626255078, 50.831509057249534, 21.0 ], [ 4.333083068150694, 50.831591923968766, 20.816431045532227 ], [ 4.332952979862443, 50.831604523500829, 22.083059310913086 ], [ 4.332881649027191, 50.831560914083269, 20.552568435668945 ], [ 4.332773454669743, 50.831505055792462, 20.534881591796875 ], [ 4.332721198665573, 50.831449620603962, 20.536998748779297 ], [ 4.332756973758618, 50.831382651046262, 22.177360534667969 ], [ 4.332608702823267, 50.831388200573578, 20.5 ], [ 4.332649863793888, 50.831311155429894, 22.172216415405273 ], [ 4.332470124974273, 50.831309987112569, 20.5 ], [ 4.33254936776199, 50.831236446507582, 22.320659637451172 ], [ 4.332434997855308, 50.831223778721153, 20.530954360961914 ], [ 4.332358892903203, 50.831152513563104, 22.06791877746582 ], [ 4.332263784116468, 50.831091082786941, 20.545166015625 ], [ 4.332211324382304, 50.831006444478362, 22.163051605224609 ], [ 4.332097010656399, 50.83093338093564, 22.0 ], [ 4.332014715024285, 50.830830236347822, 22.0 ], [ 4.331868832318786, 50.83076081436716, 22.0 ], [ 4.331844233578914, 50.83068244734109, 22.0 ], [ 4.331724228109565, 50.830707103320897, 20.5 ], [ 4.331730998973432, 50.830640743051795, 22.0 ], [ 4.331632098959229, 50.830618405104076, 20.5 ], [ 4.331559005181722, 50.83052125921661, 22.0 ], [ 4.331476468572444, 50.830441080147402, 22.0 ], [ 4.331402727789582, 50.830366774128521, 22.0 ], [ 4.331326820264911, 50.830293348489526, 22.0 ], [ 4.331207538944102, 50.830237000728623, 22.0 ], [ 4.331166236817758, 50.830174081401154, 22.0 ], [ 4.331096844891619, 50.830097792900169, 22.0 ], [ 4.331007017347706, 50.83007627639207, 22.198266983032227 ], [ 4.330973737512632, 50.830019222423083, 22.316694259643555 ], [ 4.330831761709013, 50.830033467029956, 20.5 ], [ 4.330854234035543, 50.829943548757484, 22.010831832885742 ], [ 4.330760819965369, 50.829915023630768, 20.5 ], [ 4.330691410932721, 50.829866223983188, 20.5 ], [ 4.330864677955265, 50.829872245481397, 21.396488189697266 ], [ 4.330950275893708, 50.82991323268201, 21.772132873535156 ], [ 4.331055778350707, 50.82992565418153, 19.5 ], [ 4.331159929399256, 50.829943610860163, 22.0 ], [ 4.33121931816264, 50.829886526112837, 21.548273086547852 ], [ 4.331456522985841, 50.829933859139274, 22.0 ], [ 4.33133518343741, 50.829857546808526, 20.368106842041016 ], [ 4.331459333618901, 50.829864040563855, 22.0 ], [ 4.331530895757554, 50.829810901903315, 22.0 ], [ 4.331628100552371, 50.829764895240771, 20.5 ], [ 4.331610635784585, 50.829862155291686, 22.0 ], [ 4.331776988432744, 50.829916206069576, 20.5 ], [ 4.331687291873221, 50.830032065133977, 22.0 ], [ 4.331869745842032, 50.829946344483126, 20.5 ], [ 4.331888382881978, 50.83001130634181, 22.0 ], [ 4.331970794643284, 50.830089841144662, 22.276494979858398 ], [ 4.331989807029859, 50.830183365741767, 22.37367057800293 ], [ 4.332147978779484, 50.830214806266582, 20.920309066772461 ], [ 4.332150153458356, 50.830285632882308, 22.370977401733398 ], [ 4.332261659828791, 50.830291224136609, 20.920219421386719 ], [ 4.332280064482301, 50.830384036489995, 22.414104461669922 ], [ 4.332398902908206, 50.830416628805345, 21.0 ], [ 4.332467917106048, 50.830474069873596, 21.0 ], [ 4.332473202166924, 50.830546171637231, 22.5 ], [ 4.332639164119803, 50.830566371869828, 21.020645141601562 ], [ 4.332745005873226, 50.830481831426653, 23.0 ], [ 4.33257623440252, 50.830496520367845, 21.146011352539062 ], [ 4.332578964783009, 50.830375206460232, 22.737934112548828 ], [ 4.332474876746209, 50.830371408449722, 21.0 ], [ 4.332539103827131, 50.830316771843414, 22.753158569335938 ], [ 4.332439280695497, 50.830309345851987, 21.0 ], [ 4.332363721307146, 50.830254170249773, 21.0 ], [ 4.332439394409723, 50.830199057540248, 22.679018020629883 ], [ 4.33226356932889, 50.830217960533432, 20.966880798339844 ], [ 4.332282252480209, 50.830145648801235, 22.5 ], [ 4.332213920605943, 50.830088277243277, 22.5 ], [ 4.332061416631126, 50.830031710938172, 20.846200942993164 ], [ 4.332098835481376, 50.829953535583059, 22.443090438842773 ], [ 4.331982965940875, 50.829966869039289, 20.598814010620117 ], [ 4.332016593891476, 50.829875480128408, 22.34797477722168 ], [ 4.331871980410096, 50.82985505149135, 20.5 ], [ 4.331957109411037, 50.829828858071934, 22.32139778137207 ], [ 4.3318086057587, 50.829758560117185, 22.064506530761719 ], [ 4.331724780339653, 50.829690788482871, 20.5 ], [ 4.331669429561376, 50.829617911416712, 21.993396759033203 ], [ 4.331651896255737, 50.829540771610489, 21.962486267089844 ], [ 4.331534525871859, 50.829517355710699, 20.286914825439453 ], [ 4.331445405227179, 50.829428863785743, 21.806711196899414 ], [ 4.331456463651632, 50.829345238199956, 21.918203353881836 ], [ 4.33135435321373, 50.82930830331351, 21.844089508056641 ], [ 4.331250826980972, 50.829257918897284, 20.287876129150391 ], [ 4.331277284561698, 50.829177413816176, 22.319248199462891 ], [ 4.331162148939643, 50.829139405023341, 20.480766296386719 ], [ 4.331057056939271, 50.829054961050794, 20.5 ], [ 4.33109144344633, 50.828995386253595, 22.0 ], [ 4.331021835836548, 50.828949779408909, 22.0 ], [ 4.330954575535012, 50.828872453726966, 22.0 ], [ 4.330879570850165, 50.828826957373892, 22.0 ], [ 4.330771898164379, 50.828806428216303, 20.5 ], [ 4.330791012530872, 50.828736248615371, 22.824907302856445 ], [ 4.330648208384681, 50.828679734410919, 22.0 ], [ 4.330568930577712, 50.828642590780568, 20.5 ], [ 4.330601262181375, 50.828583587859931, 22.108476638793945 ], [ 4.330469148341548, 50.828527668220566, 20.457002639770508 ], [ 4.330587185807024, 50.828506367006071, 22.231945037841797 ], [ 4.330655383233497, 50.828441737400951, 21.241788864135742 ], [ 4.330725695887676, 50.828351075076021, 21.573020935058594 ], [ 4.330700104112912, 50.828281012988185, 21.773664474487305 ], [ 4.330585753514234, 50.828302627236639, 22.878509521484375 ], [ 4.330483987388788, 50.828364495803363, 20.818290710449219 ], [ 4.330340416414282, 50.828386471400847, 21.965549468994141 ], [ 4.330251303981797, 50.828357139595468, 21.946222305297852 ], [ 4.330202122976745, 50.828301682725936, 22.0 ], [ 4.330192980040157, 50.828227948635423, 22.0 ], [ 4.330081014382249, 50.828206934503349, 22.0 ], [ 4.330006256560964, 50.828143443840574, 22.0 ], [ 4.329904217351645, 50.828097658394285, 22.0 ], [ 4.329796522983106, 50.828050961524703, 20.5 ], [ 4.329796286277309, 50.827930657938538, 22.557777404785156 ], [ 4.329613766713488, 50.827963973274393, 20.5 ], [ 4.329500462681808, 50.827862627126954, 22.0 ], [ 4.329424172625203, 50.827811763351271, 22.0 ], [ 4.329323719969733, 50.827803439213653, 22.0 ], [ 4.329254472101916, 50.827756604579548, 22.0 ], [ 4.329188079259098, 50.827712670289543, 22.0 ], [ 4.329092248627406, 50.827716488567724, 20.5 ], [ 4.329053145922914, 50.827623380169342, 22.0 ], [ 4.328936192154613, 50.827629780156975, 20.5 ], [ 4.328944974517679, 50.827555639435715, 22.01727294921875 ], [ 4.328854153805127, 50.827588602726905, 20.5 ], [ 4.328813655397639, 50.827487410847745, 22.135549545288086 ], [ 4.328690238813238, 50.827526040424402, 20.635234832763672 ], [ 4.328654152420683, 50.827461100025118, 22.240570068359375 ], [ 4.328522997497022, 50.827441044319578, 20.874650955200195 ], [ 4.328605806027827, 50.82740586977139, 22.34480094909668 ], [ 4.328404194213787, 50.827357723513479, 21.0 ], [ 4.328346670738505, 50.827299736672686, 22.5 ], [ 4.328256293937881, 50.827262142578718, 21.0 ], [ 4.328183036551475, 50.827206736932474, 22.5 ], [ 4.328079035966629, 50.827227169864919, 21.0 ], [ 4.328107493327476, 50.827159832727602, 22.5 ], [ 4.328005057110296, 50.827176564115064, 21.0 ], [ 4.327874997165478, 50.827152070733142, 22.5 ], [ 4.327830423703738, 50.827213762424044, 21.063995361328125 ], [ 4.327736076627316, 50.827232415210915, 21.182624816894531 ], [ 4.327603341905163, 50.827258056721455, 21.375175476074219 ], [ 4.327663983301044, 50.827189593143409, 22.70442008972168 ], [ 4.32757308889738, 50.827169698589387, 21.292806625366211 ], [ 4.327546365514471, 50.827111187860623, 21.238397598266602 ], [ 4.327516051223857, 50.827043194729079, 22.699850082397461 ], [ 4.327404648926751, 50.827046838037631, 21.418861389160156 ], [ 4.327494574557782, 50.826967438900184, 22.76246452331543 ], [ 4.327359826949785, 50.826953337884291, 21.5 ], [ 4.327454202742575, 50.826884803129921, 21.5 ], [ 4.327586724876208, 50.826849804785425, 23.0 ], [ 4.327674694583089, 50.826731724996016, 21.5 ], [ 4.327769178635669, 50.82670214584541, 21.503671646118164 ], [ 4.327892826811108, 50.826652864897682, 21.742929458618164 ], [ 4.327780312429852, 50.826605172939857, 21.58935546875 ], [ 4.327665678398722, 50.826636842512407, 21.5 ], [ 4.327569337176292, 50.826733526322464, 21.5 ], [ 4.327446780518495, 50.826721400470674, 23.0 ], [ 4.327490935176503, 50.826796890066902, 21.5 ], [ 4.32734877758796, 50.826769561565023, 23.0 ], [ 4.327304864113823, 50.826862642002396, 21.5 ], [ 4.327223567174577, 50.8267289662896, 21.5 ], [ 4.327218366495465, 50.8266512790522, 21.5 ], [ 4.327119099871734, 50.826570487165796, 21.5 ], [ 4.327109297350781, 50.826468302641516, 23.0 ], [ 4.327053908862903, 50.826389013952323, 21.5 ], [ 4.327010438581624, 50.826309325523134, 21.5 ], [ 4.326892838620299, 50.826273135666327, 21.5 ], [ 4.32667423440742, 50.826341942966124, 21.299945831298828 ], [ 4.326805422278662, 50.826211555359954, 21.5 ], [ 4.326561275462534, 50.826138718252089, 21.284328460693359 ], [ 4.32653559272002, 50.826214686920075, 21.056428909301758 ], [ 4.326443614145196, 50.82616067483761, 22.108488082885742 ], [ 4.326408460528016, 50.826084415965902, 22.02796745300293 ], [ 4.326309521815019, 50.826032201620599, 20.447641372680664 ], [ 4.326303175756513, 50.82596973490876, 20.973304748535156 ], [ 4.326377605000098, 50.825928553846047, 22.560470581054688 ], [ 4.32643599217915, 50.82600473399394, 21.393344879150391 ], [ 4.326548298513341, 50.825958785811679, 21.5 ], [ 4.326482376918817, 50.825854578700699, 21.455270767211914 ], [ 4.326399226705773, 50.825789610422873, 21.265384674072266 ], [ 4.326370066790347, 50.825708041900576, 21.278709411621094 ], [ 4.326319365236756, 50.825624495536815, 21.273590087890625 ], [ 4.3263432357858, 50.825536276090062, 21.5 ], [ 4.326233311088885, 50.825476862428914, 21.5 ], [ 4.326217767243717, 50.8253609726737, 21.5 ], [ 4.326209100110398, 50.825296353158478, 21.506586074829102 ], [ 4.326122843594983, 50.825261410710525, 18.926883697509766 ], [ 4.326155869841387, 50.825190002221248, 21.524003982543945 ], [ 4.326141075590398, 50.825110308040777, 21.584226608276367 ], [ 4.326026678200618, 50.825075828939596, 21.830205917358398 ], [ 4.32592194346964, 50.825033692436214, 21.678947448730469 ], [ 4.325846343378147, 50.825073176660304, 21.213361740112305 ], [ 4.325748413715639, 50.825071055548911, 21.39532470703125 ], [ 4.325628887749018, 50.825118495766993, 20.788248062133789 ], [ 4.325642125003746, 50.825029547783643, 21.0 ], [ 4.325699252151245, 50.824959220695, 21.0 ], [ 4.325656536694562, 50.824900459804923, 21.313081741333008 ], [ 4.325652347909787, 50.824835823946096, 22.5 ], [ 4.325504023264427, 50.824821488848563, 20.849433898925781 ], [ 4.325698614301783, 50.82477104052434, 20.989076614379883 ], [ 4.325795369387879, 50.824807094716171, 22.5 ], [ 4.325909360395102, 50.824735539704648, 20.664339065551758 ], [ 4.326006172770988, 50.824769122843797, 22.0 ], [ 4.326064623773623, 50.824709815572113, 21.739404678344727 ], [ 4.325965212567842, 50.824640242396057, 20.669929504394531 ], [ 4.326091357113598, 50.824617519971426, 22.0 ], [ 4.325979964039425, 50.824573678193147, 20.789613723754883 ], [ 4.326067652628048, 50.824535820498774, 22.056991577148438 ], [ 4.32591211926267, 50.824521992134194, 21.345901489257812 ], [ 4.325779767586341, 50.824431004613409, 22.279130935668945 ], [ 4.325725437300004, 50.824485594246831, 20.5 ], [ 4.325575942207366, 50.824451945735149, 22.143510818481445 ], [ 4.32561582143332, 50.824530920026753, 20.5 ], [ 4.325476909380731, 50.824445110938804, 22.0 ], [ 4.325343834224776, 50.824385538941293, 22.071666717529297 ], [ 4.325237432627691, 50.824362344442669, 22.166053771972656 ], [ 4.325110441553623, 50.824365883735275, 22.094160079956055 ], [ 4.32500598555814, 50.824329076026736, 20.532695770263672 ], [ 4.325183238621008, 50.824299880669926, 20.872028350830078 ], [ 4.325279910715674, 50.824286943178926, 21.0 ], [ 4.325369561881398, 50.824313252937536, 22.5 ], [ 4.325506342425588, 50.824287303631017, 21.480922698974609 ], [ 4.325480215510572, 50.824188870383914, 21.561899185180664 ], [ 4.325317450067096, 50.824229052097415, 21.138141632080078 ], [ 4.325381416676933, 50.824126087469118, 21.5 ], [ 4.32523949993541, 50.824088478274568, 21.303266525268555 ], [ 4.325138523329747, 50.824014966468482, 22.819887161254883 ], [ 4.325008834687845, 50.823986852207689, 21.312570571899414 ], [ 4.32498013564802, 50.823911431144339, 21.5 ], [ 4.324890571252731, 50.824007038835568, 21.230035781860352 ], [ 4.324801081560127, 50.824045794150237, 21.0 ], [ 4.32461882780686, 50.824045844628166, 21.0 ], [ 4.324521785796717, 50.824025567602092, 21.0 ], [ 4.324387749038066, 50.824018671170485, 21.0 ], [ 4.324295403511643, 50.823991786574545, 21.0 ], [ 4.324287416465657, 50.823917794780968, 22.733634948730469 ], [ 4.324191486703559, 50.823875270245694, 21.39356803894043 ], [ 4.324090591917816, 50.823745707687472, 21.467451095581055 ], [ 4.323909644714396, 50.823733210202541, 21.394805908203125 ], [ 4.323721384511007, 50.823785580134917, 21.404035568237305 ], [ 4.323771071456612, 50.823897036261904, 21.0 ], [ 4.323589165281163, 50.82388532098205, 21.0 ], [ 4.323503035134904, 50.823825277452762, 22.532838821411133 ], [ 4.323450077303788, 50.823910560912978, 21.0 ], [ 4.323495090726651, 50.82401008073284, 22.585542678833008 ], [ 4.32354212817236, 50.823947700782988, 21.0 ], [ 4.32369441678823, 50.824016425792102, 22.5 ], [ 4.323831025748381, 50.824042100261636, 22.5 ], [ 4.323928714034752, 50.824077766933726, 21.0 ], [ 4.32392639539467, 50.824149171526898, 22.5 ], [ 4.324031318691126, 50.824107381909442, 20.971078872680664 ], [ 4.324031608114629, 50.824181413064657, 20.795373916625977 ], [ 4.324035241657366, 50.824255408814828, 22.083398818969727 ], [ 4.324184707372297, 50.82421186764774, 20.562250137329102 ], [ 4.324120186816576, 50.824307723866738, 22.0 ], [ 4.324091019642769, 50.824380459190095, 20.5 ], [ 4.324006862029224, 50.824459345678711, 20.5 ], [ 4.323898720271144, 50.824559489306814, 20.5 ], [ 4.323770071501056, 50.824542794798028, 20.5 ], [ 4.323867870823431, 50.824636562620476, 20.5 ], [ 4.323744578560007, 50.824621607727465, 22.0 ], [ 4.323787081180138, 50.824697419494072, 20.5 ], [ 4.323693855404389, 50.824741842579265, 20.623933792114258 ], [ 4.323536853524354, 50.824789847763448, 20.779867172241211 ], [ 4.323598429731803, 50.824842467658954, 20.973276138305664 ], [ 4.323690995002328, 50.824948248119718, 20.962867736816406 ], [ 4.323692669901036, 50.825010085491336, 23.862398147583008 ], [ 4.32378747103789, 50.825024898845406, 21.511178970336914 ], [ 4.323837566092254, 50.825097386480145, 22.922605514526367 ], [ 4.323997222120179, 50.825136454680667, 20.510883331298828 ], [ 4.323964258571221, 50.825234904454447, 24.07499885559082 ], [ 4.324104090813506, 50.825202750994009, 20.5 ], [ 4.324039219076655, 50.825316291186759, 25.019824981689453 ], [ 4.324150431846886, 50.82528128477022, 20.5 ], [ 4.324137105159825, 50.825364698708277, 23.267969131469727 ], [ 4.324283248172268, 50.825399353131637, 20.5 ], [ 4.324290196147042, 50.82546407275791, 21.647487640380859 ], [ 4.324384615313512, 50.82550213276145, 20.733657836914062 ], [ 4.324494005479715, 50.825586856487746, 20.5 ], [ 4.324459919759849, 50.825652465384962, 23.493839263916016 ], [ 4.324627726889481, 50.825641261148597, 20.5 ], [ 4.324715032277106, 50.825586278740438, 28.501863479614258 ], [ 4.324602294504817, 50.825578719276976, 20.5 ], [ 4.324640847526888, 50.825504060921986, 26.395107269287109 ], [ 4.324512437719014, 50.825518780989491, 20.5 ], [ 4.324573276534927, 50.825453763129175, 24.542207717895508 ], [ 4.324470309471639, 50.825443362156555, 20.54498291015625 ], [ 4.324520358816536, 50.825369911268368, 22.84526252746582 ], [ 4.324441733213223, 50.825280796355159, 21.009233474731445 ], [ 4.324433503787962, 50.825178843693912, 21.290899276733398 ], [ 4.324411121236138, 50.825091804446238, 20.5 ], [ 4.324470576335537, 50.825012063730213, 23.835517883300781 ], [ 4.324378164719056, 50.824952803247683, 20.5 ], [ 4.324376279077018, 50.824847073880456, 20.744054794311523 ], [ 4.324380924287177, 50.824740643375094, 20.651899337768555 ], [ 4.324380335868434, 50.824661275952963, 20.5 ], [ 4.324475014187835, 50.824609285543445, 23.758140563964844 ], [ 4.324388828561877, 50.824580068780286, 20.5 ], [ 4.324476967012277, 50.824539121030114, 24.264177322387695 ], [ 4.324349842760149, 50.824523717351887, 20.5 ], [ 4.324418912340185, 50.824480458870482, 22.16105842590332 ], [ 4.324419484811576, 50.824416323401465, 22.079652786254883 ], [ 4.324471441228704, 50.824361273720008, 22.796855926513672 ], [ 4.324487544131778, 50.824269523320751, 20.5 ], [ 4.324563285060126, 50.824327583399786, 23.690828323364258 ], [ 4.32461995159689, 50.824249074860539, 20.588109970092773 ], [ 4.324699360191166, 50.824309417610507, 22.447835922241211 ], [ 4.324755366215626, 50.824239327066884, 20.661319732666016 ], [ 4.324795263039887, 50.824359228654885, 25.259016036987305 ], [ 4.324878852418068, 50.824414874375584, 20.915792465209961 ], [ 4.324893393270422, 50.824495150404914, 20.932994842529297 ], [ 4.324846934730888, 50.824568319026319, 24.318443298339844 ], [ 4.324970654687639, 50.824559448357249, 20.814487457275391 ], [ 4.324842921724514, 50.824635372559229, 26.438526153564453 ], [ 4.324928620606779, 50.824674820759824, 20.925378799438477 ], [ 4.32488076305869, 50.82478902484565, 26.79541015625 ], [ 4.324991951698977, 50.824793644874738, 20.885015487670898 ], [ 4.324957870202104, 50.824917185432632, 20.964994430541992 ], [ 4.32494106014579, 50.825000348379618, 24.403696060180664 ], [ 4.324990873377583, 50.825078691581282, 21.373420715332031 ], [ 4.325080048511253, 50.825165916519879, 20.525163650512695 ], [ 4.325027606510354, 50.825247407261315, 20.937692642211914 ], [ 4.325146008339206, 50.825306879729283, 20.5 ], [ 4.325068066673004, 50.825377187093466, 23.945407867431641 ], [ 4.325163387512459, 50.825393007181169, 20.546947479248047 ], [ 4.32510209344268, 50.825464460373055, 23.888284683227539 ], [ 4.325162935538243, 50.82553625903919, 21.216249465942383 ], [ 4.325232721014283, 50.825596855026447, 20.552894592285156 ], [ 4.325171388799331, 50.825652270359946, 25.626192092895508 ], [ 4.325311745760425, 50.825673265539734, 20.5 ], [ 4.325176438709287, 50.825719869300734, 26.836708068847656 ], [ 4.325287341985662, 50.825746941601643, 20.5 ], [ 4.32521823981868, 50.825802332507919, 27.031217575073242 ], [ 4.32532694764851, 50.825817919056874, 20.5 ], [ 4.325304887095799, 50.825923604929059, 25.065546035766602 ], [ 4.325451408192418, 50.825980493272027, 20.5 ], [ 4.325419670628542, 50.826055863383687, 20.5 ], [ 4.325379608479259, 50.826129626491877, 26.404277801513672 ], [ 4.325489972081587, 50.826136868003204, 20.5 ], [ 4.325518054113557, 50.826204855054321, 20.5 ], [ 4.325535533385708, 50.826308313039803, 26.227014541625977 ], [ 4.325693010593744, 50.826331356720843, 20.5 ], [ 4.325695570862052, 50.82642196338157, 21.533174514770508 ], [ 4.325749607118658, 50.826472128465994, 20.980382919311523 ], [ 4.325740785200503, 50.826532599241979, 24.569812774658203 ], [ 4.325916776096284, 50.826522160197833, 18.992641448974609 ], [ 4.32582643331751, 50.826579470470712, 22.801885604858398 ], [ 4.325933659065886, 50.82660243612299, 20.413030624389648 ], [ 4.325860791768878, 50.826689711615707, 25.536533355712891 ], [ 4.326011054075199, 50.826684197719722, 20.5 ], [ 4.32595151426933, 50.826748923988049, 23.773979187011719 ], [ 4.326063168927766, 50.826773631302416, 21.461542129516602 ], [ 4.3261582370166, 50.826727009353419, 20.974124908447266 ], [ 4.326241694495276, 50.826672190586223, 20.895092010498047 ], [ 4.32636681475687, 50.826704783603525, 22.0 ], [ 4.326488165830628, 50.826666902477925, 22.094392776489258 ], [ 4.326641873386124, 50.82662140284576, 22.5 ], [ 4.326678093812312, 50.826552340592229, 21.0 ], [ 4.32681145337387, 50.826617971961639, 21.281911849975586 ], [ 4.326772276709339, 50.826690150703413, 22.689203262329102 ], [ 4.32689542582149, 50.826745592114314, 21.328969955444336 ], [ 4.326888157525076, 50.826824472877647, 22.786964416503906 ], [ 4.327000178842209, 50.826859249230445, 21.348163604736328 ], [ 4.326905161452785, 50.826956941120457, 21.110130310058594 ], [ 4.326827241941718, 50.82689342782318, 22.620994567871094 ], [ 4.326762977506529, 50.826975984722523, 21.0 ], [ 4.326623587277805, 50.826971838186772, 22.5 ], [ 4.326606734135675, 50.827053398670714, 20.517124176025391 ], [ 4.326496823017946, 50.826989725624074, 22.464239120483398 ], [ 4.326505673735457, 50.827053487356622, 20.5 ], [ 4.32635590063432, 50.827020284075402, 20.551652908325195 ], [ 4.326363570329366, 50.826947566428622, 22.169143676757812 ], [ 4.32633420724154, 50.826855167172781, 22.026535034179688 ], [ 4.326191453523147, 50.826881785986885, 20.5 ], [ 4.32618268859338, 50.826948355297368, 20.5 ], [ 4.326236225884668, 50.827005909637641, 20.5 ], [ 4.326283604194177, 50.827076983029961, 20.5 ], [ 4.32636548045438, 50.827142832634806, 20.5 ], [ 4.326402545492187, 50.827206786206737, 20.629938125610352 ], [ 4.326496289414477, 50.827288722786946, 22.299766540527344 ], [ 4.326608774047762, 50.827355897543264, 21.709760665893555 ], [ 4.326657463074111, 50.827416604965961, 20.5 ], [ 4.326708505180691, 50.827494155342563, 22.98405647277832 ], [ 4.326777002109035, 50.827538620799004, 20.571496963500977 ], [ 4.326828465570735, 50.82762740355075, 26.065896987915039 ], [ 4.326925910181926, 50.827598280840228, 20.5 ], [ 4.327008789766905, 50.827537534395539, 22.094884872436523 ], [ 4.326874704187686, 50.827545174415143, 20.5 ], [ 4.326910121904546, 50.827487132365349, 22.000022888183594 ], [ 4.326758099192108, 50.827440558047982, 20.5 ], [ 4.326726455634076, 50.827348433376585, 22.12141227722168 ], [ 4.326635713906396, 50.827273696395153, 22.056489944458008 ], [ 4.326764679798406, 50.827257314915869, 20.932823181152344 ], [ 4.326892059111352, 50.827278087091216, 21.0 ], [ 4.326862247733081, 50.827201444171742, 21.0 ], [ 4.326988932540225, 50.827181890485157, 22.618812561035156 ], [ 4.327053537906288, 50.827137220372606, 21.253725051879883 ], [ 4.327148772374422, 50.827142831478717, 21.35380744934082 ], [ 4.32724745010607, 50.827181938937549, 21.434629440307617 ], [ 4.327205781925627, 50.827265203780705, 22.796871185302734 ], [ 4.327309764694717, 50.827322627339427, 21.364837646484375 ], [ 4.327281252856165, 50.827419373904938, 22.658323287963867 ], [ 4.327411758459646, 50.827456200381803, 21.246330261230469 ], [ 4.32737864444903, 50.827538119899558, 22.645114898681641 ], [ 4.327509729390712, 50.827522064118718, 21.341882705688477 ], [ 4.327464924162502, 50.827598008026882, 22.704885482788086 ], [ 4.32757181733441, 50.827626202527156, 21.284578323364258 ], [ 4.327604184346105, 50.827699378873845, 21.136266708374023 ], [ 4.32768828404693, 50.827753581121549, 21.195098876953125 ], [ 4.327599350768156, 50.827787156687279, 22.775217056274414 ], [ 4.327777685886313, 50.827814361050791, 21.12641716003418 ], [ 4.327722022198638, 50.827889577299175, 22.5 ], [ 4.327836476178859, 50.827955371142693, 22.5 ], [ 4.327945728600944, 50.827974714657898, 21.0 ], [ 4.327944019163213, 50.828085317315512, 22.5 ], [ 4.328038874410382, 50.828085328071637, 21.0 ], [ 4.328044847567792, 50.828173362480143, 22.5 ], [ 4.328170790575674, 50.828169934385379, 21.0 ], [ 4.328126533038567, 50.828244691386026, 22.5 ], [ 4.328237851892101, 50.828228493088815, 21.0 ], [ 4.32822469123249, 50.82835374730228, 22.5 ], [ 4.328321928419706, 50.82832175853423, 21.0 ], [ 4.328419990549467, 50.828352720281131, 21.0 ], [ 4.328488587677608, 50.828394361782536, 21.0 ], [ 4.328484670641346, 50.828454489958446, 22.5 ], [ 4.328554534238765, 50.82849627198803, 22.5 ], [ 4.328669362971706, 50.828556927941285, 21.0 ], [ 4.328778489654248, 50.828610015922948, 21.0 ], [ 4.328796389070324, 50.828672189399171, 21.0 ], [ 4.328732930193802, 50.828720961707276, 21.0 ], [ 4.328580477019775, 50.828718941757927, 22.5 ], [ 4.328629911919975, 50.828792164656498, 20.593395233154297 ], [ 4.328504173957564, 50.828791700890079, 22.448440551757812 ], [ 4.328391535994369, 50.828793993092518, 21.0 ], [ 4.328314193516471, 50.828845906855157, 25.718643188476562 ], [ 4.328452243450601, 50.828879337512838, 20.354984283447266 ], [ 4.328470657117616, 50.828955828093065, 26.0 ], [ 4.328611311478399, 50.828903111044418, 20.839662551879883 ], [ 4.328691331684653, 50.828942514151393, 22.081541061401367 ], [ 4.328838274288988, 50.828962306738802, 21.149282455444336 ], [ 4.328819497413112, 50.829030514785273, 22.267124176025391 ], [ 4.328952775688891, 50.829048530715532, 21.182146072387695 ], [ 4.328888944580513, 50.829104778161572, 23.05180549621582 ], [ 4.329029734436242, 50.829097748482233, 21.240373611450195 ], [ 4.32906482652332, 50.829186488153965, 23.236873626708984 ], [ 4.329160114871086, 50.829226090075046, 22.315610885620117 ], [ 4.329279150401392, 50.82925062880679, 21.5 ], [ 4.329309772328666, 50.829317304275001, 22.879844665527344 ], [ 4.329454048379464, 50.829313352608317, 21.5 ], [ 4.329517221857509, 50.829397245813759, 21.928728103637695 ], [ 4.329657176483797, 50.829425214550874, 21.57036018371582 ], [ 4.329666056645629, 50.829508479857267, 22.750045776367188 ], [ 4.329794791882305, 50.829461149966228, 20.737850189208984 ], [ 4.329759739127604, 50.829558951972494, 23.451736450195312 ], [ 4.329877399488058, 50.829536261269553, 20.660930633544922 ], [ 4.329887139600434, 50.82962758969223, 24.898532867431641 ], [ 4.33001205960093, 50.829663420833903, 20.893823623657227 ], [ 4.330084947382336, 50.82973698821565, 22.023506164550781 ], [ 4.330197231966133, 50.829774747676552, 20.810258865356445 ], [ 4.33027143462058, 50.829840126067005, 24.757095336914062 ], [ 4.330348252473309, 50.829881886775169, 21.586122512817383 ], [ 4.330447250746232, 50.829937360275402, 20.5 ], [ 4.330499323835663, 50.830035788645439, 26.5 ], [ 4.330613004938355, 50.830029029895243, 20.5 ], [ 4.330662098929505, 50.830121824555469, 21.233259201049805 ], [ 4.33077647715, 50.830181067494252, 20.5 ], [ 4.330733827442272, 50.830241039099505, 26.467180252075195 ], [ 4.330878711078143, 50.830192640780048, 20.5 ], [ 4.330855274322498, 50.830275679756767, 20.5 ], [ 4.330917414092339, 50.830350292666175, 26.5 ], [ 4.331062246099871, 50.830357648589896, 20.5 ], [ 4.33111130833481, 50.830435532498697, 20.5 ], [ 4.33113203314662, 50.830539423887181, 26.492691040039062 ], [ 4.331247579811176, 50.830532480832936, 20.5 ], [ 4.331352878314429, 50.83056339827521, 20.5 ], [ 4.331202384696305, 50.830619920795918, 26.467639923095703 ], [ 4.331374752682049, 50.830632514155056, 20.5 ], [ 4.331399155854614, 50.830709622103512, 24.494285583496094 ], [ 4.331562880518106, 50.830735872591418, 20.5 ], [ 4.331431032811467, 50.830771673284787, 26.499183654785156 ], [ 4.331597575226406, 50.830824026582178, 20.5 ], [ 4.331681949892749, 50.830873104050802, 20.5 ], [ 4.331770015145763, 50.830979013452264, 20.5 ], [ 4.331865188828615, 50.831058302953451, 20.5 ], [ 4.331951207541217, 50.831119946347656, 20.5 ], [ 4.332104311485091, 50.831226412546769, 20.5 ], [ 4.332145333107362, 50.831305953827183, 26.5 ], [ 4.33226641530013, 50.831339444048268, 20.5 ], [ 4.332275697640173, 50.83142623804585, 26.5 ], [ 4.332425884747228, 50.831466322002477, 20.5 ], [ 4.332537980598726, 50.831554584869941, 20.5 ], [ 4.332578288747154, 50.831629880462991, 24.060035705566406 ], [ 4.332728156288164, 50.83167084091744, 20.5 ], [ 4.332692560287085, 50.831771725241751, 20.5 ], [ 4.332812096225553, 50.831840492774816, 20.5 ], [ 4.332944005372034, 50.831892941621554, 20.5 ], [ 4.3327736964315, 50.83190586719217, 26.490156173706055 ], [ 4.332719416236428, 50.831976507557123, 20.5 ], [ 4.33262529088034, 50.832003068887595, 20.5 ], [ 4.332498009098368, 50.832017180525753, 26.0 ], [ 4.332473776611588, 50.832079384508596, 20.5 ], [ 4.332339807710221, 50.832080783784605, 20.928516387939453 ], [ 4.332233454240916, 50.832142417860332, 20.5 ], [ 4.332148804540219, 50.832174980080765, 20.789384841918945 ], [ 4.332046171023678, 50.832182109861449, 20.5 ], [ 4.331871836410403, 50.832217854820023, 26.0 ], [ 4.33175691728214, 50.832259308781943, 26.0 ], [ 4.331627430685865, 50.832298766327469, 26.5 ], [ 4.331497601813345, 50.832348348699902, 20.5 ], [ 4.33141125501723, 50.832304968050245, 20.5 ], [ 4.331284937241158, 50.832331475232728, 22.982931137084961 ], [ 4.331177353850602, 50.832300965135872, 22.518234252929688 ], [ 4.331113047309025, 50.832238401086421, 23.268108367919922 ], [ 4.330943743951866, 50.832234713981137, 20.744586944580078 ], [ 4.331004407774397, 50.832185264427075, 22.438220977783203 ], [ 4.330963751092379, 50.832128182958819, 21.199905395507812 ], [ 4.330940820739051, 50.832044733484054, 23.753982543945312 ], [ 4.330825977965884, 50.832100377406313, 21.229459762573242 ], [ 4.330778681160159, 50.832031001065715, 21.453920364379883 ], [ 4.330620454680954, 50.832062567499328, 21.223001480102539 ], [ 4.330622673215332, 50.83200316255293, 21.345319747924805 ], [ 4.330544641754582, 50.831970164174614, 21.292398452758789 ], [ 4.330519330784836, 50.83189075429032, 22.880184173583984 ], [ 4.330521425314333, 50.831809753320869, 21.454456329345703 ], [ 4.330511011114751, 50.831730818868991, 23.0 ], [ 4.330383825792921, 50.83176384423318, 21.377145767211914 ], [ 4.330405479521827, 50.831688303886942, 23.806642532348633 ], [ 4.330297624393458, 50.831723359548832, 21.679695129394531 ], [ 4.33020960847993, 50.831813890820889, 20.474525451660156 ], [ 4.330165035417022, 50.831701968000978, 22.901811599731445 ], [ 4.330030446383666, 50.83171756296111, 19.285327911376953 ], [ 4.330143215319004, 50.831620147108929, 24.279026031494141 ], [ 4.329962910671539, 50.83165448823668, 19.880449295043945 ], [ 4.330020052647128, 50.831576376699154, 23.959346771240234 ], [ 4.329887391767296, 50.83159515541972, 20.70121955871582 ], [ 4.329933650903017, 50.831528899232744, 24.118009567260742 ], [ 4.329819002346206, 50.831481932010512, 21.546567916870117 ], [ 4.329747993591938, 50.831423851558533, 22.463855743408203 ], [ 4.329641610359742, 50.831394584815186, 20.414712905883789 ], [ 4.329627993460011, 50.831321566906027, 25.231266021728516 ], [ 4.329468165640352, 50.831312003815121, 21.801906585693359 ], [ 4.329373470724805, 50.831265735790268, 22.36235237121582 ], [ 4.329221121295374, 50.831249336865135, 21.510879516601562 ], [ 4.329072349932511, 50.831212965136423, 22.386333465576172 ], [ 4.328958951367704, 50.831180552001079, 23.210454940795898 ], [ 4.328836935598283, 50.831165158508796, 21.80926513671875 ], [ 4.328703189407949, 50.831147347745969, 20.899171829223633 ], [ 4.328588040934251, 50.83111139185953, 21.179750442504883 ], [ 4.328514283916187, 50.831056878040364, 22.021661758422852 ], [ 4.328374813990778, 50.831049938141611, 21.429708480834961 ], [ 4.328204368661257, 50.831014781736918, 21.448818206787109 ], [ 4.328116921156304, 50.830923020725415, 21.488155364990234 ], [ 4.328001299561943, 50.830914098242189, 21.406749725341797 ], [ 4.327935801649787, 50.830824835642034, 23.072544097900391 ], [ 4.327881727683612, 50.830895018687272, 21.340652465820312 ], [ 4.327827622105908, 50.830783837030864, 24.042251586914062 ], [ 4.327744531897791, 50.830837075352541, 21.418832778930664 ], [ 4.327692959631219, 50.830771507473578, 22.691946029663086 ], [ 4.327588600319627, 50.830803094732183, 21.437725067138672 ], [ 4.327581324954366, 50.830741037294935, 22.700849533081055 ], [ 4.327480823039838, 50.830786379708215, 21.416360855102539 ], [ 4.327370027987773, 50.830790231390935, 21.363693237304688 ], [ 4.327292322477784, 50.830750498003226, 21.429052352905273 ], [ 4.327183326066013, 50.830714209333912, 21.471244812011719 ], [ 4.327068306876438, 50.830734450695047, 21.472143173217773 ], [ 4.326970887176772, 50.830711617468602, 21.506011962890625 ], [ 4.32688127186001, 50.83074488631194, 21.5 ], [ 4.32672463388641, 50.830731940870621, 21.663093566894531 ], [ 4.326588194524177, 50.830706801273479, 21.684942245483398 ], [ 4.326444563922093, 50.830717225160335, 21.57960319519043 ], [ 4.326381931823769, 50.830643975219047, 22.886165618896484 ], [ 4.326296088217688, 50.830720779139405, 19.024303436279297 ], [ 4.326278813129527, 50.830611425525547, 24.105329513549805 ], [ 4.326180796504937, 50.830684747850391, 17.674970626831055 ], [ 4.326164193051724, 50.830604008135886, 22.425439834594727 ], [ 4.325982790681642, 50.830594395460203, 21.939178466796875 ], [ 4.325875838601656, 50.830579597115516, 23.487995147705078 ], [ 4.325853495422844, 50.830644576853082, 19.474887847900391 ], [ 4.325749196909955, 50.830636855811406, 22.828519821166992 ], [ 4.32583614548212, 50.830754483141156, 21.62559700012207 ], [ 4.325896103879048, 50.830806355659483, 21.679779052734375 ], [ 4.325955241337119, 50.830884264943478, 21.751535415649414 ], [ 4.326067530921951, 50.830836711088473, 21.5 ], [ 4.326014249808555, 50.830981011473256, 21.587751388549805 ], [ 4.325960395087588, 50.831128404473404, 21.5 ], [ 4.32576227922624, 50.83107115691287, 21.707334518432617 ], [ 4.325747375390048, 50.83115703519119, 21.633760452270508 ], [ 4.325797300946806, 50.831237437073241, 21.594295501708984 ], [ 4.32570660155383, 50.831303123934298, 21.647397994995117 ], [ 4.325684674944296, 50.831389271051336, 21.621553421020508 ], [ 4.325575034809579, 50.831459672395262, 21.670005798339844 ], [ 4.32552928189339, 50.831554213599851, 21.54705810546875 ], [ 4.325573530887171, 50.831641332976524, 21.5 ], [ 4.325546179692363, 50.831724240613809, 21.5 ], [ 4.325471071230302, 50.831813542827128, 21.5 ], [ 4.325405439473309, 50.831877053174431, 21.5 ], [ 4.325405025044986, 50.831952955028427, 21.5 ], [ 4.325354968075209, 50.832049149291414, 21.320499420166016 ], [ 4.325237467627756, 50.832038611071965, 21.180761337280273 ], [ 4.32512499796997, 50.832014630832838, 21.181570053100586 ], [ 4.325076114431524, 50.83195884959629, 22.657278060913086 ], [ 4.325005209948961, 50.832023699844541, 21.0 ], [ 4.324976465694534, 50.831949499037485, 22.5 ], [ 4.324797754185044, 50.83193272924143, 21.0 ], [ 4.324898523902707, 50.831892330309245, 21.0 ], [ 4.324916004510891, 50.831817616646205, 21.032207489013672 ], [ 4.324865036526462, 50.831735882670898, 21.064199447631836 ], [ 4.324998464228429, 50.831711755739803, 22.5 ], [ 4.325019829238879, 50.831645286084189, 22.5 ], [ 4.324969166621742, 50.831576328549467, 21.0 ], [ 4.325061500814471, 50.831582797489773, 22.5 ], [ 4.325005095669145, 50.831484702232316, 21.648778915405273 ], [ 4.324924490910401, 50.831524746463906, 21.298145294189453 ], [ 4.324774413876211, 50.831513939339473, 21.60835075378418 ], [ 4.324823659152397, 50.831572273950378, 21.364234924316406 ], [ 4.324706515772255, 50.83162319126815, 21.372383117675781 ], [ 4.324648977111478, 50.831691075712364, 21.299064636230469 ], [ 4.324505284896465, 50.831671532772518, 21.537084579467773 ], [ 4.324538829383993, 50.83179425159345, 21.327985763549805 ], [ 4.324443346202798, 50.8317941435634, 22.800928115844727 ], [ 4.324532909947743, 50.831857990240117, 21.203691482543945 ], [ 4.324394165860845, 50.831845974680775, 22.686187744140625 ], [ 4.32437064674952, 50.831960053652409, 21.0 ], [ 4.324281284700626, 50.831896022538544, 22.569608688354492 ], [ 4.324117946385559, 50.831896893881748, 21.137252807617188 ], [ 4.323994476643543, 50.831823479193339, 21.301103591918945 ], [ 4.323791092421677, 50.831792873059477, 21.422441482543945 ], [ 4.323585807523656, 50.831817877182289, 21.45893669128418 ], [ 4.323406042602614, 50.831829435643797, 21.5 ], [ 4.323302690177087, 50.831962383571842, 21.403926849365234 ], [ 4.323422506230177, 50.832011751122529, 21.138547897338867 ], [ 4.323535030199667, 50.832067578196678, 21.143081665039062 ], [ 4.323611585446759, 50.832114107895443, 22.56187629699707 ], [ 4.32361940359897, 50.832180641936127, 22.380638122558594 ], [ 4.323512357224683, 50.832137910764558, 22.532915115356445 ], [ 4.323408047536122, 50.832166000533498, 19.5 ], [ 4.323332939154175, 50.832210930509788, 21.065763473510742 ], [ 4.323299478101599, 50.832272834365781, 19.520906448364258 ], [ 4.323152767690019, 50.832251090727077, 20.0 ], [ 4.323079372420182, 50.832180558391116, 20.913421630859375 ], [ 4.32304106110021, 50.832297250528022, 20.0 ], [ 4.322921359140175, 50.832327462975016, 20.361824035644531 ], [ 4.322838156074026, 50.832389776150812, 20.103958129882812 ], [ 4.322800401043145, 50.832462711928891, 19.959714889526367 ], [ 4.322682923385957, 50.832505384838981, 20.381050109863281 ], [ 4.322650585097126, 50.83259685877151, 19.5 ], [ 4.322512897650578, 50.832623770249036, 22.590057373046875 ], [ 4.322611572214354, 50.832671524355398, 19.5 ], [ 4.322467030470441, 50.832710277046083, 19.496517181396484 ], [ 4.322369091434259, 50.832629549485084, 22.48345947265625 ], [ 4.322262062622726, 50.832655035147383, 19.5 ], [ 4.32215684932136, 50.832626678399848, 19.5 ], [ 4.322169366464846, 50.832565864145742, 22.934070587158203 ], [ 4.322006049540852, 50.83260116279822, 19.5 ], [ 4.321975565378327, 50.832524253172792, 21.0 ], [ 4.321914285473408, 50.832574871904541, 19.5 ], [ 4.321818874808516, 50.832482912995268, 21.0 ], [ 4.3217527173252, 50.832536104109934, 19.5 ], [ 4.321683392180588, 50.832444070740124, 21.0 ], [ 4.321551287888329, 50.832470889814672, 19.5 ], [ 4.321473413830832, 50.832380936442839, 21.03236198425293 ], [ 4.321324231539876, 50.832362287342789, 21.0 ], [ 4.321206892457621, 50.832347618599897, 19.508951187133789 ], [ 4.321128753268971, 50.832274477256405, 21.131576538085938 ], [ 4.320989769010323, 50.832267313432773, 19.556894302368164 ], [ 4.32090403312359, 50.832243802380333, 19.541242599487305 ], [ 4.320816123197722, 50.832263836513668, 19.641647338867188 ], [ 4.320762335942237, 50.832170163594306, 19.706571578979492 ], [ 4.320736460881876, 50.832349800336743, 20.110492706298828 ], [ 4.320466800996988, 50.832355175948663, 20.0 ], [ 4.320229481752339, 50.832533696697254, 20.303451538085938 ], [ 4.320444417816772, 50.832525444356676, 20.319416046142578 ], [ 4.32070816618246, 50.832516126079263, 19.961122512817383 ], [ 4.320748496339796, 50.83275377669802, 20.106790542602539 ], [ 4.3208207751495, 50.832842662424206, 20.027187347412109 ], [ 4.320883105613289, 50.832780656336062, 20.0 ], [ 4.320950416200709, 50.832711466229831, 19.983360290527344 ] ], [ [ 4.322929752367249, 50.835227611447038, 20.101219177246094 ], [ 4.322870377944441, 50.835176921503844, 20.935537338256836 ], [ 4.322771976621033, 50.83519742887033, 19.82562255859375 ], [ 4.322719058074389, 50.835141033206256, 20.611413955688477 ], [ 4.322560482597397, 50.835160687451477, 19.5 ], [ 4.322630220763427, 50.835119963690701, 20.475986480712891 ], [ 4.322479068132357, 50.835066639724936, 20.547115325927734 ], [ 4.322365792537142, 50.835013280859101, 20.61170768737793 ], [ 4.322353119914916, 50.834940814880028, 20.66337776184082 ], [ 4.322255530125751, 50.834902129246636, 19.5 ], [ 4.322157814459929, 50.83483843666113, 19.5 ], [ 4.322147560229101, 50.834764801172007, 19.5 ], [ 4.322108038300817, 50.834686146308016, 19.630117416381836 ], [ 4.322111903690975, 50.83460364190362, 19.588136672973633 ], [ 4.322171314949289, 50.834557992685085, 20.982620239257812 ], [ 4.322146979591755, 50.83450088003341, 21.137260437011719 ], [ 4.322004884472271, 50.834462340468114, 20.604742050170898 ], [ 4.321868650623481, 50.834445303373769, 19.107919692993164 ], [ 4.321962850702097, 50.834381303645905, 20.940069198608398 ], [ 4.321894170428076, 50.834309338222518, 19.0 ], [ 4.321955316620703, 50.834258478777848, 19.027143478393555 ], [ 4.3220266552111, 50.834303702348514, 20.840476989746094 ], [ 4.322054087571582, 50.834188322452363, 19.0 ], [ 4.322163015693851, 50.834162043494473, 21.075916290283203 ], [ 4.322080236710934, 50.834123260438979, 19.0 ], [ 4.322223514300083, 50.834055337113902, 21.002323150634766 ], [ 4.322099038496101, 50.834044602420981, 19.0 ], [ 4.322047659756779, 50.833972386321854, 21.0 ], [ 4.321870570468302, 50.833977917518503, 19.451498031616211 ], [ 4.321794161466274, 50.833904571752257, 19.5 ], [ 4.321868023321518, 50.833839176327473, 21.0 ], [ 4.321866547656694, 50.833758779856019, 19.5 ], [ 4.321980159736843, 50.833714960259357, 21.0 ], [ 4.322000668080895, 50.833631725961411, 19.5 ], [ 4.322102368976879, 50.833589369268694, 21.0 ], [ 4.322102362412943, 50.833513636584698, 19.41551399230957 ], [ 4.322175149079337, 50.833464312676995, 20.807245254516602 ], [ 4.322196588656587, 50.833398182613884, 20.684791564941406 ], [ 4.32222282257545, 50.833330651911616, 19.193368911743164 ], [ 4.322325489926564, 50.833355333537384, 20.555866241455078 ], [ 4.322457113934153, 50.833358965052177, 20.536334991455078 ], [ 4.322563656745048, 50.833408044568444, 20.570329666137695 ], [ 4.322624259825811, 50.833466727735548, 20.558124542236328 ], [ 4.322720076698703, 50.833501866797249, 20.590303421020508 ], [ 4.322739609192372, 50.833590423526125, 20.533714294433594 ], [ 4.322659776228535, 50.833552342829641, 20.524635314941406 ], [ 4.322522744912774, 50.83349472465116, 20.618471145629883 ], [ 4.322386403395241, 50.833521739966045, 20.759462356567383 ], [ 4.322362115511507, 50.833613442122996, 19.399837493896484 ], [ 4.322263723104359, 50.833584877217803, 20.919498443603516 ], [ 4.322194563747543, 50.833637604882888, 19.5 ], [ 4.322219371666851, 50.833708536186705, 19.5 ], [ 4.322266706085827, 50.833785822766998, 21.0 ], [ 4.322333567581094, 50.833701585418751, 19.5 ], [ 4.322397464603217, 50.833781951736526, 21.0 ], [ 4.322506780631532, 50.833831905554099, 21.0 ], [ 4.322597931290622, 50.83387233907029, 20.120428085327148 ], [ 4.322684095385976, 50.833970185944992, 21.876609802246094 ], [ 4.322709046741867, 50.833868409893761, 19.701833724975586 ], [ 4.322846189078827, 50.833813043759477, 19.361597061157227 ], [ 4.32286441887923, 50.833898855246275, 21.0 ], [ 4.323035989620833, 50.833913967977743, 19.5 ], [ 4.322940743616428, 50.833970693116697, 21.0 ], [ 4.322912021291869, 50.834031281554495, 20.414815902709961 ], [ 4.322965008339713, 50.834084908716243, 20.5 ], [ 4.323074168746255, 50.834230351223781, 20.134063720703125 ], [ 4.323130011817886, 50.834330436787255, 19.5 ], [ 4.323047000023473, 50.834384023408447, 20.660411834716797 ], [ 4.323189496519056, 50.834395367036727, 19.5 ], [ 4.323103402654106, 50.834456708219385, 20.949234008789062 ], [ 4.323224006889006, 50.834483650017695, 19.5 ], [ 4.323177275741453, 50.834551906160215, 20.343156814575195 ], [ 4.323229088170119, 50.834618675059481, 20.275285720825195 ], [ 4.323089112891667, 50.834620787446774, 20.638298034667969 ], [ 4.323165883951248, 50.834799988515918, 20.216720581054688 ], [ 4.323321378790022, 50.8350109853641, 20.019092559814453 ], [ 4.323056206110828, 50.835071549743837, 20.5 ], [ 4.323029404223976, 50.835228593548436, 20.0 ], [ 4.322929752367249, 50.835227611447038, 20.101219177246094 ] ], [ [ 4.322783539422305, 50.833440546125949, 19.168951034545898 ], [ 4.322869494004816, 50.833555354352235, 19.134420394897461 ], [ 4.322720076698703, 50.833501866797249, 20.590303421020508 ], [ 4.322783539422305, 50.833440546125949, 19.168951034545898 ] ], [ [ 4.322644523471296, 50.833672235456326, 20.944313049316406 ], [ 4.322505197042029, 50.833643347087765, 20.867982864379883 ], [ 4.322578636610753, 50.833589299128299, 19.34440803527832 ], [ 4.322739609192372, 50.833590423526125, 20.533714294433594 ], [ 4.322644523471296, 50.833672235456326, 20.944313049316406 ] ], [ [ 4.323714670143651, 50.835839977338388, 19.20556640625 ], [ 4.323824363022861, 50.835891959682989, 20.776199340820312 ], [ 4.323814038785023, 50.835819436652933, 19.644954681396484 ], [ 4.323921855322909, 50.835791833575414, 19.5 ], [ 4.323920238145936, 50.835860298059927, 20.670194625854492 ], [ 4.323970837236567, 50.835920810481227, 19.306379318237305 ], [ 4.323833854607432, 50.835964528076261, 19.515956878662109 ], [ 4.323720309845958, 50.835922955305904, 21.0 ], [ 4.323714670143651, 50.835839977338388, 19.20556640625 ] ], [ [ 4.329087818368431, 50.841661982795657, 19.51594352722168 ], [ 4.329034491140863, 50.841557521415233, 19.657016754150391 ], [ 4.329178677635874, 50.841618494507181, 19.643182754516602 ], [ 4.329271022896868, 50.841641967733025, 19.658563613891602 ], [ 4.329316050939448, 50.84169815371223, 19.801534652709961 ], [ 4.329175563698546, 50.841707963258123, 19.865230560302734 ], [ 4.329087818368431, 50.841661982795657, 19.51594352722168 ] ], [ [ 4.328952794498138, 50.84159682443569, 19.771249771118164 ], [ 4.328905242098229, 50.841539257717265, 19.5 ], [ 4.329034491140863, 50.841557521415233, 19.657016754150391 ], [ 4.328952794498138, 50.84159682443569, 19.771249771118164 ] ], [ [ 4.329441262687622, 50.841685240466553, 18.0 ], [ 4.329376007073535, 50.841776412289242, 19.563806533813477 ], [ 4.329255510344756, 50.84175876745018, 19.918804168701172 ], [ 4.329316050939448, 50.84169815371223, 19.801534652709961 ], [ 4.329441262687622, 50.841685240466553, 18.0 ] ], [ [ 4.334333115257086, 50.843645781964142, 18.5 ], [ 4.33437906978186, 50.843724003237604, 18.5 ], [ 4.334227906417699, 50.843693664660037, 20.0 ], [ 4.334333115257086, 50.843645781964142, 18.5 ] ], [ [ 4.335794994415838, 50.845584131897645, 19.0 ], [ 4.335705934123052, 50.845493361623085, 20.5 ], [ 4.335574327605964, 50.845526161135986, 19.0 ], [ 4.335562614079041, 50.845436923800612, 19.0 ], [ 4.335423629048124, 50.845402204879925, 19.0 ], [ 4.335420013017693, 50.84532292303448, 19.0 ], [ 4.335510612790861, 50.845268144676886, 20.218147277832031 ], [ 4.335675291940736, 50.845217192956753, 18.5 ], [ 4.335748412394745, 50.845177659040388, 20.023189544677734 ], [ 4.335753237235962, 50.845071615180345, 20.0 ], [ 4.335749989008508, 50.845002610157799, 18.5 ], [ 4.335840320831305, 50.844894756010234, 20.0 ], [ 4.335707253292918, 50.844919210942273, 20.0 ], [ 4.33557622802712, 50.844903526927688, 18.5 ], [ 4.335644420392243, 50.844850721712611, 20.0 ], [ 4.335624094537207, 50.844774593483542, 18.5 ], [ 4.335728615482804, 50.84476261736009, 20.0 ], [ 4.335647528372112, 50.844709001033628, 18.5 ], [ 4.335701267921272, 50.844624460554314, 18.5 ], [ 4.335785159652775, 50.844550409257593, 20.0 ], [ 4.335902023461466, 50.844570621883591, 18.5 ], [ 4.335802504292353, 50.844614359485483, 20.0 ], [ 4.335885783764835, 50.844652177243134, 18.5 ], [ 4.335982859097346, 50.844629677808378, 18.5 ], [ 4.336142452624921, 50.844648868770761, 20.0 ], [ 4.336148989341719, 50.844539314400976, 20.122402191162109 ], [ 4.336190908569284, 50.844458392923748, 20.487916946411133 ], [ 4.336166343387171, 50.84438015798505, 18.926849365234375 ], [ 4.336019249460175, 50.844359579048636, 18.747461318969727 ], [ 4.33590578074095, 50.844398851966176, 20.0 ], [ 4.335851229339752, 50.844500599599186, 18.5 ], [ 4.335792885374069, 50.84439861562079, 20.0 ], [ 4.335876091231639, 50.844329890598758, 20.0 ], [ 4.335838140709839, 50.844246698127399, 18.5 ], [ 4.33589405188689, 50.844134235736185, 20.0 ], [ 4.335994792457617, 50.844068004534392, 18.5 ], [ 4.335990281011392, 50.844129081058561, 20.0 ], [ 4.3360969828136, 50.844103003266596, 18.510551452636719 ], [ 4.336184975630496, 50.844160411981257, 20.157638549804688 ], [ 4.33631129190507, 50.844162298005848, 18.742536544799805 ], [ 4.336437248633703, 50.844170745376566, 18.856714248657227 ], [ 4.336383170098, 50.844243261988197, 20.425437927246094 ], [ 4.336456105905796, 50.84429361649611, 19.0 ], [ 4.336375512968048, 50.844375679728266, 20.5 ], [ 4.336471498746589, 50.844397059289733, 19.0 ], [ 4.336372368663088, 50.844458405334287, 20.5 ], [ 4.336421837934598, 50.844535853771788, 18.800098419189453 ], [ 4.336325765697544, 50.844595756807564, 20.466875076293945 ], [ 4.336293043917825, 50.844702989760293, 20.0 ], [ 4.336316983291136, 50.844792221926639, 18.5 ], [ 4.336266182375257, 50.844876825102823, 20.0 ], [ 4.33614991369492, 50.844872379686933, 20.0 ], [ 4.336046404112421, 50.844870154943386, 18.5 ], [ 4.335966854023847, 50.844912144018807, 20.0 ], [ 4.336045407401601, 50.845004771132231, 20.0 ], [ 4.336089729072341, 50.84493799114297, 18.5 ], [ 4.336140006959143, 50.845003058010995, 20.040359497070312 ], [ 4.336270052952307, 50.845000702716611, 18.728456497192383 ], [ 4.336204281037114, 50.845047036850865, 20.301321029663086 ], [ 4.336266398590374, 50.845100303776256, 19.0 ], [ 4.336198210271831, 50.845150506544286, 20.461215972900391 ], [ 4.336280435291051, 50.845198757777418, 19.001987457275391 ], [ 4.336209636343422, 50.845253794416095, 19.0 ], [ 4.336190601551727, 50.845327276330401, 19.0 ], [ 4.336077087945696, 50.845307783209122, 20.5 ], [ 4.336093811953157, 50.84541097131028, 19.0 ], [ 4.336012307402698, 50.845364128870052, 20.5 ], [ 4.335976919534604, 50.845432233628998, 19.0 ], [ 4.335863733735343, 50.845434519439742, 20.5 ], [ 4.335916265685158, 50.845543167249772, 19.0 ], [ 4.335794994415838, 50.845584131897645, 19.0 ] ], [ [ 4.336068356270526, 50.844439893868653, 18.806808471679688 ], [ 4.335939297495994, 50.844467106543995, 18.5 ], [ 4.33590578074095, 50.844398851966176, 20.0 ], [ 4.336068356270526, 50.844439893868653, 18.806808471679688 ] ], [ [ 4.336829807495352, 50.845946278789832, 18.211906433105469 ], [ 4.336896467570099, 50.845888080151155, 19.579721450805664 ], [ 4.336995586511889, 50.845913887365313, 19.617132186889648 ], [ 4.336829807495352, 50.845946278789832, 18.211906433105469 ] ], [ [ 4.336599214000578, 50.845131717008904, 19.246271133422852 ], [ 4.336581916872847, 50.845069156835621, 20.74102783203125 ], [ 4.336492649212778, 50.845040181619829, 19.144866943359375 ], [ 4.336650331139675, 50.845022706597405, 19.256591796875 ], [ 4.336762227075426, 50.845103047654788, 19.371503829956055 ], [ 4.336599214000578, 50.845131717008904, 19.246271133422852 ] ], [ [ 4.336701010949308, 50.842423638211322, 19.5 ], [ 4.336800522830918, 50.842363981086805, 19.849834442138672 ], [ 4.33688191817841, 50.842415011639098, 20.0 ], [ 4.336701010949308, 50.842423638211322, 19.5 ] ], [ [ 4.336623484792506, 50.842345707880114, 19.5 ], [ 4.336727122869721, 50.842296123695178, 18.355812072753906 ], [ 4.336800522830918, 50.842363981086805, 19.849834442138672 ], [ 4.336623484792506, 50.842345707880114, 19.5 ] ], [ [ 4.334149643791688, 50.839442842316004, 20.5 ], [ 4.334142736025587, 50.839525271584804, 19.0 ], [ 4.334048402414801, 50.839494844775928, 20.5 ], [ 4.333919595802533, 50.839482124758078, 19.0 ], [ 4.333928151053062, 50.839396953293821, 20.5 ], [ 4.333828022752999, 50.839419862830319, 19.0 ], [ 4.333811806754789, 50.839335103709949, 20.5 ], [ 4.333706470122179, 50.839310275482219, 19.0 ], [ 4.333645706615048, 50.839250402174891, 19.0 ], [ 4.333547816283477, 50.839209644542557, 19.0 ], [ 4.333657161766216, 50.83918301072103, 20.5 ], [ 4.333725817871172, 50.839101964665275, 19.0 ], [ 4.333843349086129, 50.839128665283766, 19.0 ], [ 4.333923102555493, 50.83908020231037, 19.0 ], [ 4.333998938569432, 50.839124783613435, 19.0 ], [ 4.334083212153217, 50.839162807988274, 20.5 ], [ 4.334226487742866, 50.839125076327797, 19.0 ], [ 4.334334429155196, 50.839086741579607, 19.0 ], [ 4.334439117167533, 50.839124831203435, 19.005216598510742 ], [ 4.334559840574024, 50.83912356477046, 19.121358871459961 ], [ 4.334673354786212, 50.839135295209751, 20.789306640625 ], [ 4.334680292921782, 50.839207990334998, 19.213691711425781 ], [ 4.334585244260008, 50.8391856970647, 20.547414779663086 ], [ 4.334544920194002, 50.839282805508951, 19.0 ], [ 4.334502046987001, 50.839222356958444, 20.5 ], [ 4.334464148081096, 50.839324939198953, 19.0 ], [ 4.334322043525385, 50.839343629754886, 20.5 ], [ 4.334357277937462, 50.839423025746079, 19.0 ], [ 4.334245634726921, 50.839400057394514, 20.5 ], [ 4.33427805691264, 50.839488487523823, 19.0 ], [ 4.334149643791688, 50.839442842316004, 20.5 ] ], [ [ 4.340476733956341, 50.837759356586687, 21.344013214111328 ], [ 4.340655160532939, 50.837819159612039, 21.136384963989258 ], [ 4.340739732032967, 50.8379780923228, 21.054819107055664 ], [ 4.340565110567367, 50.838053734951004, 21.00343132019043 ], [ 4.340431848478883, 50.83794967944111, 21.258342742919922 ], [ 4.340278499842674, 50.837783541849063, 21.430389404296875 ], [ 4.340183150370491, 50.837659985019897, 21.5 ], [ 4.340476733956341, 50.837759356586687, 21.344013214111328 ] ], [ [ 4.326562250717984, 50.827209486669986, 22.0 ], [ 4.326484937703563, 50.827147886921864, 20.5 ], [ 4.326661808376351, 50.827161405971864, 22.259832382202148 ], [ 4.326676358707632, 50.827098793226099, 20.525793075561523 ], [ 4.326763681164389, 50.827068029247492, 20.927543640136719 ], [ 4.326914641289658, 50.827037149942839, 21.087312698364258 ], [ 4.327025532823475, 50.82698257612158, 21.313329696655273 ], [ 4.327039989790017, 50.827077253123967, 22.752685546875 ], [ 4.326894192568314, 50.827125147033684, 22.541099548339844 ], [ 4.326778000503807, 50.827143276571007, 22.5 ], [ 4.326686114879499, 50.827221033114384, 20.808420181274414 ], [ 4.326635713906396, 50.827273696395153, 22.056489944458008 ], [ 4.326562250717984, 50.827209486669986, 22.0 ] ], [ [ 4.329319574201296, 50.82917559412585, 21.360157012939453 ], [ 4.329419372899758, 50.829239044713468, 21.5 ], [ 4.329279150401392, 50.82925062880679, 21.5 ], [ 4.329319574201296, 50.82917559412585, 21.360157012939453 ] ], [ [ 4.324629762891346, 50.831875724138378, 21.171396255493164 ], [ 4.324586569166423, 50.831940054101437, 21.064401626586914 ], [ 4.324484207278952, 50.831913895201573, 21.088863372802734 ], [ 4.324532909947743, 50.831857990240117, 21.203691482543945 ], [ 4.324629762891346, 50.831875724138378, 21.171396255493164 ] ], [ [ 4.330380928816187, 50.842740580526161, 20.0 ], [ 4.330256017802825, 50.842732120933327, 18.5 ], [ 4.330254759296185, 50.842661615738606, 20.0 ], [ 4.330352886405041, 50.842678652776371, 18.5 ], [ 4.330437277463919, 50.842642663118859, 20.0 ], [ 4.33045230761194, 50.842563599261155, 20.0 ], [ 4.330521057135929, 50.842496913961391, 18.5 ], [ 4.330630991684296, 50.84248574438633, 20.0 ], [ 4.330728285265399, 50.842402645208814, 19.807180404663086 ], [ 4.330823312899406, 50.842355175320201, 19.578876495361328 ], [ 4.330856914193652, 50.842420266699747, 18.260183334350586 ], [ 4.330981092139537, 50.842378976471728, 19.535537719726562 ], [ 4.330980005126825, 50.842449751206239, 19.720769882202148 ], [ 4.331092783456102, 50.842381902642693, 18.0 ], [ 4.331090666339416, 50.842480393335578, 19.628732681274414 ], [ 4.331202603747014, 50.842451669001846, 18.0 ], [ 4.331221618691377, 50.842516653898961, 19.5 ], [ 4.331133349455349, 50.84255193176201, 19.571836471557617 ], [ 4.33119575657128, 50.842611498200306, 19.5 ], [ 4.33114257462931, 50.842674550599739, 18.050777435302734 ], [ 4.331015795277423, 50.842705233598643, 18.124067306518555 ], [ 4.330831112401079, 50.84269254940078, 19.864816665649414 ], [ 4.330982493108486, 50.842773078415476, 19.551145553588867 ], [ 4.331066290891561, 50.842829496242054, 19.906604766845703 ], [ 4.331090389222885, 50.842753567481388, 18.114395141601562 ], [ 4.33121040152254, 50.842830035906765, 20.0 ], [ 4.331311284120021, 50.842797141492355, 19.918079376220703 ], [ 4.331225406068472, 50.842758820407951, 18.013986587524414 ], [ 4.331310209115149, 50.84271554546509, 19.655525207519531 ], [ 4.331414826139437, 50.842676541405822, 19.674860000610352 ], [ 4.331467395618433, 50.842601345631508, 19.547580718994141 ], [ 4.331547358167255, 50.842641367615265, 19.555364608764648 ], [ 4.331646166567434, 50.842625518719217, 18.0 ], [ 4.331707349226331, 50.842699792301509, 19.567770004272461 ], [ 4.33186371502209, 50.842720789931811, 19.5 ], [ 4.331774642028612, 50.842771916262208, 19.572620391845703 ], [ 4.331967120238384, 50.84291004006414, 19.5 ], [ 4.331770704456112, 50.843010869762487, 19.628448486328125 ], [ 4.331646043108043, 50.842943082203561, 19.733909606933594 ], [ 4.331583864504586, 50.842988664561581, 19.773183822631836 ], [ 4.331405244927536, 50.842980280971261, 18.388296127319336 ], [ 4.331291608876567, 50.842910220621626, 20.0 ], [ 4.331297344709609, 50.842978464488532, 18.430696487426758 ], [ 4.331189406624241, 50.842978665974627, 19.982749938964844 ], [ 4.331051498736783, 50.843006815212142, 19.876194000244141 ], [ 4.330932231868105, 50.843000541040297, 19.681983947753906 ], [ 4.330786368983897, 50.842926109435162, 19.5 ], [ 4.3306681264639, 50.842879578108203, 19.959503173828125 ], [ 4.330569059288768, 50.842920822501767, 18.5 ], [ 4.330553398356049, 50.842860633351393, 20.0 ], [ 4.330492074925992, 50.842806968889967, 20.0 ], [ 4.330389482775184, 50.842819934187517, 18.5 ], [ 4.330380928816187, 50.842740580526161, 20.0 ] ], [ [ 4.331835100671872, 50.843106590743034, 18.042690277099609 ], [ 4.331700167793545, 50.843086436180599, 19.632144927978516 ], [ 4.331677334908455, 50.842999857929748, 19.706539154052734 ], [ 4.331770704456112, 50.843010869762487, 19.628448486328125 ], [ 4.331835100671872, 50.843106590743034, 18.042690277099609 ] ], [ [ 4.331576882709907, 50.843161825144094, 19.63481330871582 ], [ 4.331563538086709, 50.84307497274213, 19.730058670043945 ], [ 4.331700167793545, 50.843086436180599, 19.632144927978516 ], [ 4.331576882709907, 50.843161825144094, 19.63481330871582 ] ], [ [ 4.331487254549531, 50.843228831989535, 19.64301872253418 ], [ 4.331357416339043, 50.843197971685996, 19.77362060546875 ], [ 4.331465144020302, 50.84312487004415, 18.217872619628906 ], [ 4.331576882709907, 50.843161825144094, 19.63481330871582 ], [ 4.331487254549531, 50.843228831989535, 19.64301872253418 ] ], [ [ 4.330253309529666, 50.84236687201814, 20.0 ], [ 4.33021347404333, 50.842470598824598, 18.5 ], [ 4.330071569441674, 50.842473851103648, 20.258876800537109 ], [ 4.329995058707428, 50.842549589512508, 18.705022811889648 ], [ 4.329890901326367, 50.842544016140018, 20.447845458984375 ], [ 4.329973241430529, 50.842647529180127, 18.83062744140625 ], [ 4.329835965812363, 50.842600321097535, 19.0 ], [ 4.329712344219291, 50.842543733455955, 19.124704360961914 ], [ 4.32971929268319, 50.842466882767056, 19.07069206237793 ], [ 4.329637279061189, 50.842410058831163, 19.146455764770508 ], [ 4.329675224643134, 50.842336918644833, 19.039180755615234 ], [ 4.329768697374539, 50.842287683269369, 19.0 ], [ 4.329896486830751, 50.842276187042849, 20.388706207275391 ], [ 4.329999914877789, 50.842306934031669, 20.351999282836914 ], [ 4.330004806802571, 50.842246604380584, 18.5 ], [ 4.330112585011563, 50.842174293981429, 18.5 ], [ 4.330207749768208, 50.842176728652888, 20.0 ], [ 4.330262695508853, 50.842259669744585, 20.0 ], [ 4.33042083037456, 50.842265785009808, 18.328327178955078 ], [ 4.33036663323486, 50.842344504145323, 20.0 ], [ 4.330253309529666, 50.84236687201814, 20.0 ] ], [ [ 4.330164462839459, 50.842108197627653, 19.872528076171875 ], [ 4.330242916437316, 50.842032346528299, 18.0 ], [ 4.330268813313151, 50.842121520342452, 19.794942855834961 ], [ 4.330358853358625, 50.842085565983979, 18.0 ], [ 4.33034962566509, 50.84218122000599, 19.840496063232422 ], [ 4.330207749768208, 50.842176728652888, 20.0 ], [ 4.330164462839459, 50.842108197627653, 19.872528076171875 ] ], [ [ 4.330437405867025, 50.842136609111854, 18.071783065795898 ], [ 4.330487271188869, 50.842204188634, 19.689624786376953 ], [ 4.33034962566509, 50.84218122000599, 19.840496063232422 ], [ 4.330437405867025, 50.842136609111854, 18.071783065795898 ] ], [ [ 4.330389879586934, 50.841408155827857, 19.930551528930664 ], [ 4.330539890734222, 50.841423227733344, 18.952882766723633 ], [ 4.330399166105393, 50.841470844214662, 18.092832565307617 ], [ 4.330389879586934, 50.841408155827857, 19.930551528930664 ] ], [ [ 4.3302962625445, 50.841386921744039, 19.873805999755859 ], [ 4.330436756788417, 50.841352626673313, 18.561435699462891 ], [ 4.330389879586934, 50.841408155827857, 19.930551528930664 ], [ 4.3302962625445, 50.841386921744039, 19.873805999755859 ] ], [ [ 4.330196543614335, 50.841466400867603, 19.5 ], [ 4.330048127573359, 50.841443467310491, 18.04878044128418 ], [ 4.330177465336004, 50.841391986230811, 19.60859489440918 ], [ 4.330242932138892, 50.841328591252086, 20.0 ], [ 4.330327075219305, 50.841287308349585, 18.868534088134766 ], [ 4.3302962625445, 50.841386921744039, 19.873805999755859 ], [ 4.330196543614335, 50.841466400867603, 19.5 ] ], [ [ 4.330346773795882, 50.841081854190882, 18.5 ], [ 4.330230258342338, 50.841151239656483, 18.5 ], [ 4.33010193430344, 50.84114268657796, 20.0 ], [ 4.330152412817996, 50.841229266217361, 18.5 ], [ 4.330017212141455, 50.841179778046971, 19.995412826538086 ], [ 4.330077020434801, 50.841270641375111, 18.325448989868164 ], [ 4.329987860522772, 50.841242292157126, 19.887710571289062 ], [ 4.329944719263598, 50.84130719645713, 19.78306770324707 ], [ 4.329834094492165, 50.841358307844651, 19.624696731567383 ], [ 4.329836589758775, 50.841290722774147, 19.689706802368164 ], [ 4.3297105487562, 50.84125833543407, 19.724630355834961 ], [ 4.329575354141767, 50.841267835963365, 18.5 ], [ 4.32950687356655, 50.841311206838071, 19.962131500244141 ], [ 4.329413900078405, 50.841294012280329, 19.767135620117188 ], [ 4.32951405653506, 50.841209667421616, 19.981754302978516 ], [ 4.329523657743279, 50.841140003900207, 18.331369400024414 ], [ 4.329661238020603, 50.841147605604881, 19.605510711669922 ], [ 4.329695658801968, 50.841030366521075, 19.685867309570312 ], [ 4.329811476519006, 50.840977782626418, 20.0 ], [ 4.329891398068197, 50.840928119045685, 20.0 ], [ 4.329959635001979, 50.840848639647753, 20.0 ], [ 4.330110823216313, 50.840814146024655, 20.002790451049805 ], [ 4.330146279096298, 50.840714899918929, 18.5 ], [ 4.330236419715352, 50.840673384516265, 20.0 ], [ 4.33031493100118, 50.840603731148214, 20.0 ], [ 4.330345024239629, 50.840541824464154, 18.5 ], [ 4.330461431517064, 50.840496242658183, 20.0 ], [ 4.330557114657857, 50.840442641599118, 20.051353454589844 ], [ 4.330559952588879, 50.840351768686922, 18.5 ], [ 4.330662279576331, 50.840410253342256, 20.409946441650391 ], [ 4.330699309596735, 50.840353238409136, 20.0 ], [ 4.330650352107209, 50.840299951289616, 18.5 ], [ 4.330793308448023, 50.840337175534465, 20.356529235839844 ], [ 4.330753033195161, 50.840242683618904, 18.882560729980469 ], [ 4.330885140478779, 50.840220108582933, 20.5 ], [ 4.330805075437202, 50.840162553765033, 19.0 ], [ 4.330957219623422, 50.840174568062146, 20.5 ], [ 4.330905012991118, 50.840119213143119, 19.0 ], [ 4.331021396527722, 50.840112309015446, 20.5 ], [ 4.331153622417689, 50.840142948694854, 19.0 ], [ 4.331195426485662, 50.840210128858281, 20.495195388793945 ], [ 4.331158862616677, 50.84029826340069, 19.135913848876953 ], [ 4.331245531824463, 50.840357843394663, 20.492502212524414 ], [ 4.331272325309709, 50.840287154201654, 18.960264205932617 ], [ 4.331356773092261, 50.840237903543503, 18.82281494140625 ], [ 4.331349109152948, 50.840322941589754, 20.43133544921875 ], [ 4.33144134889127, 50.840307664262141, 18.868747711181641 ], [ 4.331367554852382, 50.840382170216422, 18.948375701904297 ], [ 4.331258997481729, 50.840465620465942, 18.618686676025391 ], [ 4.331214057762401, 50.84051932509017, 18.5 ], [ 4.331118932490551, 50.840527454516952, 20.362585067749023 ], [ 4.331060912705006, 50.840589890617331, 18.638469696044922 ], [ 4.330969726745245, 50.840633644276679, 20.272970199584961 ], [ 4.330900498682604, 50.840726122984279, 18.5 ], [ 4.330757607636429, 50.840733238185763, 20.536941528320312 ], [ 4.330825355427222, 50.840803405508893, 18.5 ], [ 4.330660618252378, 50.840770781080558, 20.691604614257812 ], [ 4.330729670081364, 50.840844255645585, 18.5 ], [ 4.330614888146465, 50.840836678004329, 20.467128753662109 ], [ 4.330551375822901, 50.840928979975367, 18.5 ], [ 4.330444970683791, 50.84099453974563, 20.015876770019531 ], [ 4.330358914770625, 50.841021534005911, 20.292465209960938 ], [ 4.330346773795882, 50.841081854190882, 18.5 ] ], [ [ 4.330324282774267, 50.840380846067177, 18.5 ], [ 4.33035262394927, 50.840293009020684, 20.0 ], [ 4.330259705132578, 50.840268358267991, 20.111122131347656 ], [ 4.330137662540965, 50.840252570543967, 18.5 ], [ 4.330074629013867, 50.840148587900394, 20.0 ], [ 4.329934101429373, 50.840144693944879, 18.5 ], [ 4.329923922064887, 50.840069673306097, 20.051530838012695 ], [ 4.329867693196017, 50.840003325204293, 20.026340484619141 ], [ 4.329756903944118, 50.839941415649356, 20.5 ], [ 4.329665316826782, 50.839915270294604, 18.803501129150391 ], [ 4.329667737210228, 50.839851675837728, 20.328369140625 ], [ 4.329563581745729, 50.83989165940239, 18.596260070800781 ], [ 4.329586102821818, 50.839794437180352, 20.033443450927734 ], [ 4.329481036068557, 50.839775957961727, 20.056301116943359 ], [ 4.329427982173254, 50.83971563526287, 20.169662475585938 ], [ 4.329327894016789, 50.839740757160044, 18.603181838989258 ], [ 4.329367441298672, 50.839654762664139, 20.245597839355469 ], [ 4.329253934216195, 50.839651693346411, 18.738046646118164 ], [ 4.329317521339443, 50.839551902828497, 18.902189254760742 ], [ 4.329433840087492, 50.839475900455454, 19.0 ], [ 4.329574038019114, 50.839418276946503, 19.0 ], [ 4.329720324248908, 50.839450139649912, 20.5 ], [ 4.329771307467253, 50.839395665823176, 19.0 ], [ 4.329870209678115, 50.839449791432592, 20.5 ], [ 4.330015600086012, 50.839418309415777, 19.0 ], [ 4.330091092716917, 50.83949652479231, 20.5 ], [ 4.330226921750406, 50.839528236144666, 19.0 ], [ 4.330304505967903, 50.839584290145865, 19.0 ], [ 4.330352538328966, 50.83969755216912, 20.5 ], [ 4.330450445302775, 50.839648274417009, 19.0 ], [ 4.330475590839095, 50.839715450277261, 20.5 ], [ 4.330584570504122, 50.839717559274888, 19.0 ], [ 4.330656278003373, 50.839835522496166, 19.0 ], [ 4.330671381291999, 50.839899401546397, 20.5 ], [ 4.330807886673997, 50.839924852475512, 19.0 ], [ 4.33077900207128, 50.839983265385726, 20.5 ], [ 4.33087684007205, 50.839965544627837, 19.0 ], [ 4.330993362392991, 50.840034308846946, 19.0 ], [ 4.330852302607972, 50.840023170201981, 20.5 ], [ 4.330820552062997, 50.840083976797963, 19.0 ], [ 4.330725010190054, 50.84010499921083, 20.5 ], [ 4.330700500847403, 50.840169773168832, 19.0 ], [ 4.330624451995268, 50.840215793329861, 20.228464126586914 ], [ 4.330502767223142, 50.840274484070697, 20.226129531860352 ], [ 4.330442349027891, 50.840331361469033, 20.0 ], [ 4.330324282774267, 50.840380846067177, 18.5 ] ], [ [ 4.330387597427533, 50.839402231941804, 20.5 ], [ 4.330260522837834, 50.839349424142718, 19.0 ], [ 4.330163299933949, 50.839276410366821, 19.0 ], [ 4.330257826974226, 50.839272314905593, 20.5 ], [ 4.330129491108405, 50.839220365621777, 19.0 ], [ 4.330256085738369, 50.839166731176462, 20.5 ], [ 4.33040113313071, 50.839129844690113, 19.0 ], [ 4.330418457069534, 50.839190786023003, 20.5 ], [ 4.330494914226831, 50.839112296345256, 19.0 ], [ 4.330590702817515, 50.839150457622523, 19.0 ], [ 4.330731593084003, 50.839118126405637, 18.814424514770508 ], [ 4.330786126905479, 50.839179868487967, 20.281379699707031 ], [ 4.330883840466311, 50.839184541049221, 20.185802459716797 ], [ 4.330953783570522, 50.839141083196779, 18.528980255126953 ], [ 4.331037052550959, 50.839191867338798, 20.144079208374023 ], [ 4.331150360430352, 50.839156001686177, 20.0 ], [ 4.331308500019956, 50.839160070713767, 20.217937469482422 ], [ 4.331426778596677, 50.839131031151872, 18.945301055908203 ], [ 4.331517849084106, 50.839150645352795, 20.5 ], [ 4.33159825087742, 50.839117205565749, 19.0 ], [ 4.331696646411993, 50.839176833836845, 20.5 ], [ 4.331765502397066, 50.839102426758757, 18.924285888671875 ], [ 4.331829314821054, 50.839176080135147, 20.5 ], [ 4.331928800811475, 50.839110660176416, 19.0 ], [ 4.332069476622356, 50.83916381022658, 20.5 ], [ 4.332191228487285, 50.839113926848803, 19.0 ], [ 4.332271468425818, 50.839177378190676, 20.5 ], [ 4.332317886138275, 50.839100677016958, 19.0 ], [ 4.332417379194954, 50.839168799746908, 20.5 ], [ 4.33247674899794, 50.839106006950466, 19.0 ], [ 4.332627986516571, 50.83911802278373, 19.0 ], [ 4.332748201399274, 50.839130070781628, 19.0 ], [ 4.332852359679545, 50.839114533110262, 19.0 ], [ 4.332958644134346, 50.839128308100996, 19.0 ], [ 4.333061644243272, 50.839106736357742, 19.0 ], [ 4.333151740377284, 50.8391255472959, 19.0 ], [ 4.333198029871577, 50.839177981068154, 19.0 ], [ 4.33309014676807, 50.83921118316897, 20.5 ], [ 4.333035754632692, 50.839278877816739, 19.0 ], [ 4.332934255168285, 50.839309337284725, 20.5 ], [ 4.332910711457354, 50.839378878520485, 19.0 ], [ 4.332822046494424, 50.839432067211163, 19.0 ], [ 4.332705427183376, 50.839455051497197, 20.5 ], [ 4.332757429789332, 50.839519089099134, 19.0 ], [ 4.332650691618321, 50.83951035150897, 20.5 ], [ 4.33257516664653, 50.839596191014472, 19.0 ], [ 4.332504420311134, 50.839651632667938, 19.0 ], [ 4.332411024367556, 50.839697868701968, 19.0 ], [ 4.332285711664182, 50.839722485720017, 20.373449325561523 ], [ 4.332265147129323, 50.839794962231529, 18.797222137451172 ], [ 4.332141230788316, 50.839799551406244, 20.35389518737793 ], [ 4.332117201441126, 50.839894220636296, 18.81947135925293 ], [ 4.332007729415341, 50.839888956692306, 18.898101806640625 ], [ 4.332021369076248, 50.839819979446503, 18.917295455932617 ], [ 4.33199280679369, 50.839751423322213, 18.982034683227539 ], [ 4.331906099006778, 50.839706559685972, 19.466123580932617 ], [ 4.331819846777373, 50.839640768864697, 19.490158081054688 ], [ 4.331688840302582, 50.839620030380729, 19.5 ], [ 4.331562800794724, 50.839692008013337, 19.644006729125977 ], [ 4.331729755527877, 50.839743685929527, 19.371000289916992 ], [ 4.33159620759243, 50.839782701661626, 20.787490844726562 ], [ 4.3317012926689, 50.839815769660731, 19.18903923034668 ], [ 4.331555617936152, 50.83988464113952, 19.0 ], [ 4.331469244874921, 50.839860933683916, 19.0 ], [ 4.331381641174453, 50.839882756266981, 20.5 ], [ 4.33146713631626, 50.839938949147736, 20.5 ], [ 4.331573900049916, 50.840023678814518, 20.495250701904297 ], [ 4.331618346190854, 50.840076581741663, 18.0 ], [ 4.33164759180387, 50.840158778173873, 20.028446197509766 ], [ 4.331532646213685, 50.84024138740812, 18.70513916015625 ], [ 4.331516961431741, 50.840142725098417, 20.057790756225586 ], [ 4.331406180517877, 50.840103610103611, 18.814065933227539 ], [ 4.331310785792079, 50.840052682049979, 19.0 ], [ 4.33116443005175, 50.839993431076778, 19.0 ], [ 4.331123918552481, 50.839912556077259, 19.0 ], [ 4.331007472610191, 50.839843836994199, 19.0 ], [ 4.33088689572749, 50.839808505532091, 19.0 ], [ 4.330956487489547, 50.839736842664728, 20.5 ], [ 4.330800173664066, 50.839742061993448, 19.0 ], [ 4.330703933038298, 50.839676127229936, 19.0 ], [ 4.330716205126162, 50.839609670868654, 20.5 ], [ 4.330589462529296, 50.83962948782672, 19.0 ], [ 4.330659341718015, 50.83955327526332, 20.5 ], [ 4.330528211959424, 50.839550354832234, 19.0 ], [ 4.330490752384375, 50.839470731003821, 20.5 ], [ 4.330374124897953, 50.839471577592874, 19.0 ], [ 4.330387597427533, 50.839402231941804, 20.5 ] ], [ [ 4.332052073662187, 50.839978233482405, 19.0 ], [ 4.331948693825411, 50.839999916150447, 19.0 ], [ 4.331833752072064, 50.840046026492097, 20.5 ], [ 4.331774574402158, 50.840096616185093, 20.1201171875 ], [ 4.331709201253857, 50.84000456497845, 19.0 ], [ 4.331592765352998, 50.839964958496736, 19.0 ], [ 4.331721510249738, 50.839888961129944, 19.0 ], [ 4.331819471932576, 50.839915805445798, 20.5 ], [ 4.331856638825776, 50.839810831812926, 19.0 ], [ 4.332007729415341, 50.839888956692306, 18.898101806640625 ], [ 4.332052073662187, 50.839978233482405, 19.0 ] ], [ [ 4.330335622337658, 50.838976941761977, 19.0 ], [ 4.330193138544885, 50.839009168216705, 19.0 ], [ 4.330250203163336, 50.838920440265973, 20.5 ], [ 4.330182993816448, 50.838854814188743, 19.0 ], [ 4.330306547449143, 50.838760600072142, 19.0 ], [ 4.330434574729817, 50.838680576566972, 19.0 ], [ 4.330505961873896, 50.838635955823072, 19.0 ], [ 4.330605315390808, 50.83864470081447, 20.5 ], [ 4.330751252715682, 50.838536625312351, 20.5 ], [ 4.330827282712371, 50.83850085701323, 20.5 ], [ 4.33094198697438, 50.838440909447222, 19.115257263183594 ], [ 4.330993219590654, 50.838363885619032, 19.127737045288086 ], [ 4.331140516841133, 50.838352825621335, 20.798604965209961 ], [ 4.331234153111462, 50.838272792966443, 19.384975433349609 ], [ 4.331378870039158, 50.838215826186129, 19.5 ], [ 4.331447820710464, 50.838153744562639, 19.5 ], [ 4.331549638716468, 50.838136377790903, 21.0 ], [ 4.331631958664262, 50.838074583809266, 19.5 ], [ 4.331732458784561, 50.838134425063707, 19.5 ], [ 4.33188000865342, 50.838249458816307, 19.188014984130859 ], [ 4.331951726240622, 50.838290089627918, 19.0 ], [ 4.331908435200424, 50.838344511353661, 20.431465148925781 ], [ 4.332101233966947, 50.838333085634389, 19.0 ], [ 4.332077550516789, 50.838395840836178, 20.5 ], [ 4.332208005608453, 50.838439353983858, 19.0 ], [ 4.332274559373015, 50.838522666731642, 19.0 ], [ 4.332400960254018, 50.838593252796265, 19.0 ], [ 4.332371263573569, 50.838650864452198, 20.5 ], [ 4.332491322695423, 50.838637150729333, 19.0 ], [ 4.332524837583473, 50.838727542376716, 20.706289291381836 ], [ 4.332639007049314, 50.83870795244183, 19.0 ], [ 4.33259413060027, 50.838777252536993, 20.70689582824707 ], [ 4.33270704335987, 50.83879479176727, 19.0 ], [ 4.332788859708212, 50.838879334700792, 19.0 ], [ 4.332896502048853, 50.838945401743104, 19.0 ], [ 4.332754642168807, 50.838976091876233, 19.0 ], [ 4.332631727742811, 50.838927711733113, 20.597511291503906 ], [ 4.332651319308372, 50.839023070074674, 19.0 ], [ 4.332529237267611, 50.838965873024598, 20.5 ], [ 4.332440038953226, 50.838987046446938, 19.0 ], [ 4.332359686588757, 50.838954647627766, 20.536233901977539 ], [ 4.332305893102768, 50.839018889281284, 19.0 ], [ 4.332264275600406, 50.838948594920637, 20.5 ], [ 4.332198661408576, 50.838992870698092, 19.0 ], [ 4.332078133926119, 50.838995918492984, 19.0 ], [ 4.331966038920007, 50.838933478260167, 20.429056167602539 ], [ 4.331829381909045, 50.838964432209146, 20.161598205566406 ], [ 4.3316847426645, 50.83895682333219, 20.289283752441406 ], [ 4.331576053302483, 50.839007748706656, 18.991998672485352 ], [ 4.331441116134792, 50.838952588276072, 20.496738433837891 ], [ 4.331393466102952, 50.839008086064752, 18.903522491455078 ], [ 4.331257948112171, 50.838929962496231, 20.360456466674805 ], [ 4.331178342361705, 50.838994937156741, 18.699384689331055 ], [ 4.331128297777446, 50.838925164582349, 20.33294677734375 ], [ 4.331048657324768, 50.839017900301606, 18.698123931884766 ], [ 4.331014013057352, 50.838947814574873, 20.330263137817383 ], [ 4.330934602965676, 50.839004571693103, 18.735172271728516 ], [ 4.330897669026895, 50.838929853468819, 20.380199432373047 ], [ 4.330833567734627, 50.838988999711006, 18.780384063720703 ], [ 4.330774280567135, 50.838934906889037, 20.443872451782227 ], [ 4.330747570163886, 50.839026015225805, 18.779870986938477 ], [ 4.330673808019607, 50.838944808132915, 20.5 ], [ 4.330619596272048, 50.838999279017337, 19.0 ], [ 4.33047020523876, 50.838982455745118, 19.0 ], [ 4.330335622337658, 50.838976941761977, 19.0 ] ], [ [ 4.330314413886394, 50.838565599518901, 19.0 ], [ 4.330242601209236, 50.838631632081274, 19.0 ], [ 4.330119657342722, 50.838612458478529, 20.5 ], [ 4.33018227500093, 50.838702122262298, 19.0 ], [ 4.330036364059891, 50.838669326251505, 20.5 ], [ 4.329907558711133, 50.838701981957072, 19.0 ], [ 4.329794905690237, 50.838699146828539, 19.0 ], [ 4.329703349326334, 50.838740804607873, 19.0 ], [ 4.329608587934134, 50.838683221494001, 20.5 ], [ 4.329464211664848, 50.838735353479144, 19.0 ], [ 4.329347597359171, 50.8387278635862, 19.0 ], [ 4.329204501151685, 50.838697911766026, 19.0 ], [ 4.329153680883742, 50.838626233904471, 20.5 ], [ 4.328977055408735, 50.838575086907866, 19.0 ], [ 4.329022761058342, 50.838484725142408, 20.5 ], [ 4.328930990832541, 50.838505685888627, 19.0 ], [ 4.328887851810757, 50.838411680341629, 20.5 ], [ 4.328823663275401, 50.838474462021289, 19.104959487915039 ], [ 4.328745497228828, 50.83838075853199, 19.168792724609375 ], [ 4.328564338460953, 50.838318418257749, 19.5 ], [ 4.328527886459935, 50.838244608549239, 19.5 ], [ 4.328395433205409, 50.838189348113609, 19.5 ], [ 4.328495166804514, 50.83811124699384, 19.5 ], [ 4.328553909079159, 50.838040251714034, 19.5 ], [ 4.328688745316133, 50.838014977327141, 19.5 ], [ 4.328783379779573, 50.837995299709796, 21.0 ], [ 4.328869087869623, 50.837924990837593, 19.5 ], [ 4.328964825805001, 50.837873008024069, 19.5 ], [ 4.329020377477746, 50.837779422762921, 19.5 ], [ 4.329130490087644, 50.837825504713585, 21.0 ], [ 4.329145685467247, 50.837752064368942, 19.5 ], [ 4.329262593886194, 50.837749644770483, 19.5 ], [ 4.329362386858437, 50.837699714126586, 19.5 ], [ 4.329510350088558, 50.837772258016038, 19.5 ], [ 4.329610519994583, 50.837806417384002, 19.5 ], [ 4.329714435861905, 50.837737197819813, 21.0 ], [ 4.329620602433957, 50.837746600722198, 19.5 ], [ 4.329551747711148, 50.837705153901261, 19.5 ], [ 4.329549448412034, 50.837628392354276, 19.5 ], [ 4.329622326119983, 50.837576135752293, 19.5 ], [ 4.329653612882452, 50.837509293760114, 19.5 ], [ 4.329778967694534, 50.837482367725926, 19.5 ], [ 4.329862575934952, 50.837439630723907, 19.5 ], [ 4.32997000290084, 50.83743823752306, 21.0 ], [ 4.330018873776535, 50.837371316126102, 19.5 ], [ 4.33016160110233, 50.837383705254304, 19.5 ], [ 4.330110565190111, 50.837283610301355, 19.5 ], [ 4.330190375638776, 50.83732255808259, 21.0 ], [ 4.330274944188845, 50.837268478168021, 19.5 ], [ 4.330345187401349, 50.837184624880784, 19.5 ], [ 4.330416004340179, 50.837268284537998, 20.976177215576172 ], [ 4.330528880613085, 50.837321854865174, 19.5 ], [ 4.330617856877137, 50.837408005688296, 20.915708541870117 ], [ 4.330718640593604, 50.837426951856656, 19.5 ], [ 4.330777561065217, 50.837483924571359, 19.5 ], [ 4.330797550483235, 50.837558626768903, 21.0 ], [ 4.330913576404697, 50.837513188040624, 19.5 ], [ 4.330896495500757, 50.837577815549409, 19.5 ], [ 4.330950926582444, 50.837633544747185, 19.5 ], [ 4.33094175177249, 50.837694926952651, 19.5 ], [ 4.331114046761925, 50.837704521214597, 19.5 ], [ 4.331189913540062, 50.837786906851889, 19.5 ], [ 4.331286085604237, 50.837845715318458, 19.5 ], [ 4.33141572346066, 50.837874180127564, 19.5 ], [ 4.331351341848212, 50.837922144059306, 21.0 ], [ 4.331480980155669, 50.837950608636007, 19.5 ], [ 4.33139210000751, 50.838036616150802, 19.5 ], [ 4.331265463710725, 50.838051419096097, 21.0 ], [ 4.331249510780466, 50.838165332181809, 19.5 ], [ 4.331170619549677, 50.838107355275028, 21.0 ], [ 4.331133102993832, 50.838185912606448, 19.44019889831543 ], [ 4.330978573379046, 50.838213966816106, 19.227041244506836 ], [ 4.330958270937504, 50.838290008317486, 19.057855606079102 ], [ 4.330875290883891, 50.838233557147433, 20.684463500976562 ], [ 4.330843980300349, 50.838306334968848, 19.0 ], [ 4.330747240420552, 50.838348187004897, 19.0 ], [ 4.330615933674158, 50.838368775702108, 20.5 ], [ 4.330512581619598, 50.838424038798209, 19.0 ], [ 4.330489723639396, 50.838340517883843, 20.5 ], [ 4.330338880446594, 50.838347281989712, 19.0 ], [ 4.330350111546307, 50.838454274026205, 19.0 ], [ 4.3304089831413, 50.838519800575668, 19.0 ], [ 4.330314413886394, 50.838565599518901, 19.0 ] ], [ [ 4.330259667935653, 50.836872150157298, 19.5 ], [ 4.330176926283673, 50.836782023617992, 19.5 ], [ 4.330021062325691, 50.83668994196676, 19.5 ], [ 4.329960551748201, 50.836632045282428, 19.5 ], [ 4.329781273363145, 50.836598416533086, 19.5 ], [ 4.329803586915363, 50.836476798906183, 21.0 ], [ 4.329688151315142, 50.836491116375505, 19.5 ], [ 4.329704686415618, 50.836417369185533, 19.5 ], [ 4.329760781211941, 50.836338678276562, 21.0 ], [ 4.329823161398949, 50.836278958932184, 19.5 ], [ 4.329874561156133, 50.836343411711923, 21.0 ], [ 4.330003635753311, 50.836307369569774, 19.5 ], [ 4.33012797818582, 50.836311870287687, 19.5 ], [ 4.330240158724987, 50.836344473533664, 21.056217193603516 ], [ 4.330316770599843, 50.836282677435648, 19.5 ], [ 4.330359691518025, 50.836363963448726, 21.229928970336914 ], [ 4.330437278154757, 50.836313437473763, 19.5 ], [ 4.330547947567414, 50.836356543973096, 21.036846160888672 ], [ 4.330607918172877, 50.836300929930623, 19.501998901367188 ], [ 4.330735679690897, 50.836372270609736, 21.0 ], [ 4.330741790928863, 50.836289826955252, 19.533056259155273 ], [ 4.330860998226595, 50.83634316886203, 19.5 ], [ 4.3309748796869, 50.836306074307906, 19.566272735595703 ], [ 4.331054654339431, 50.836371357974848, 21.269588470458984 ], [ 4.331100000644792, 50.836282916984374, 19.671501159667969 ], [ 4.331005361728582, 50.836211819496995, 19.772750854492188 ], [ 4.330847118635309, 50.836190900166386, 19.746803283691406 ], [ 4.330736339034615, 50.836207364939469, 19.699893951416016 ], [ 4.330583103396298, 50.836194215913892, 19.645444869995117 ], [ 4.330431914046914, 50.836174339139546, 19.632539749145508 ], [ 4.330310234807766, 50.836114139491897, 21.238449096679688 ], [ 4.330152332823964, 50.836061234346396, 19.757724761962891 ], [ 4.330050205341626, 50.836042764012767, 19.731992721557617 ], [ 4.330006900735452, 50.835981351233102, 19.836841583251953 ], [ 4.329962213487133, 50.836080430979656, 19.606174468994141 ], [ 4.329898523746555, 50.836145080070274, 19.5 ], [ 4.32982943905419, 50.836207468192384, 19.5 ], [ 4.329778215859895, 50.836143606767784, 21.0 ], [ 4.32971651608342, 50.836203325213681, 19.5 ], [ 4.329622436776514, 50.836164035142097, 19.5 ], [ 4.329473082418922, 50.836133328447048, 21.0 ], [ 4.329410628095375, 50.836191793284101, 19.5 ], [ 4.329307663679115, 50.836164754721288, 19.5 ], [ 4.329113484531362, 50.836133732097167, 19.5 ], [ 4.329015654124723, 50.836018738541448, 19.613985061645508 ], [ 4.328757267129306, 50.836076906329723, 19.764577865600586 ], [ 4.328643598167689, 50.836008807033451, 19.781747817993164 ], [ 4.328557904832525, 50.835936589519271, 19.726995468139648 ], [ 4.328509396696982, 50.835766788653991, 20.0 ], [ 4.328356920630734, 50.835820065468837, 19.816509246826172 ], [ 4.328341563875437, 50.835688309428647, 20.0 ], [ 4.328245047165316, 50.8356262751036, 20.0 ], [ 4.328091290706081, 50.835649868625673, 19.887489318847656 ], [ 4.328120892783965, 50.835764859771565, 19.622098922729492 ], [ 4.328230171576097, 50.835807438334378, 19.702871322631836 ], [ 4.328280929914011, 50.835864533718194, 19.677915573120117 ], [ 4.328414656709736, 50.835907899534668, 19.656038284301758 ], [ 4.328454684845422, 50.835985504217881, 19.647293090820312 ], [ 4.328521363865253, 50.836055376548188, 21.192440032958984 ], [ 4.328631874670513, 50.836098834177413, 19.688915252685547 ], [ 4.328605734241481, 50.836181354912114, 19.601198196411133 ], [ 4.328512794994694, 50.836131995701209, 19.619466781616211 ], [ 4.328390688373742, 50.836143684687407, 19.553937911987305 ], [ 4.328232221060865, 50.836121522595057, 19.5 ], [ 4.328083716226049, 50.836141743126916, 19.5 ], [ 4.327985607763547, 50.836132279541779, 19.5 ], [ 4.327838158739697, 50.836121291148793, 19.5 ], [ 4.327728441780197, 50.836154424136843, 19.5 ], [ 4.32765442731372, 50.836103277164376, 21.0 ], [ 4.327545297872442, 50.836109375174956, 19.5 ], [ 4.327443668946116, 50.836087781007855, 21.0 ], [ 4.327349582810376, 50.836120311484713, 19.5 ], [ 4.327232241709313, 50.836146507607836, 19.5 ], [ 4.327186470070809, 50.836074217412502, 20.840471267700195 ], [ 4.327111389898039, 50.836160980173609, 19.5 ], [ 4.327030233199362, 50.83607437729983, 20.85914421081543 ], [ 4.32692554263831, 50.836152145428215, 19.5 ], [ 4.326871982108043, 50.836064429021086, 21.0 ], [ 4.326777872789471, 50.836142126635949, 19.5 ], [ 4.326746446973035, 50.836065160676732, 21.0 ], [ 4.326686295784496, 50.836116064520645, 19.5 ], [ 4.326606879014721, 50.836048551758921, 21.0 ], [ 4.326538525419286, 50.835972484836844, 21.0 ], [ 4.326416353564557, 50.835944607597042, 19.5 ], [ 4.326329693579535, 50.835883362870369, 19.5 ], [ 4.326336393953632, 50.835814362184003, 19.5 ], [ 4.326232928491635, 50.835792307856494, 19.5 ], [ 4.326175891419991, 50.835734196448072, 19.5 ], [ 4.326214048609382, 50.835670183916932, 20.873937606811523 ], [ 4.326084697376784, 50.835672374506153, 19.397958755493164 ], [ 4.32614629694819, 50.835598451213379, 20.998712539672852 ], [ 4.326014517474692, 50.835571307726873, 19.36766242980957 ], [ 4.325944930465128, 50.835528158171158, 19.600534439086914 ], [ 4.325875411258027, 50.835437975738749, 19.609674453735352 ], [ 4.325810886324619, 50.835383135425076, 19.635643005371094 ], [ 4.325740010878824, 50.835331534570081, 19.737771987915039 ], [ 4.325637020566606, 50.835262941618332, 20.0 ], [ 4.325547651381218, 50.83520690177879, 20.0 ], [ 4.325668840160631, 50.835185600594421, 21.5 ], [ 4.325648140543025, 50.835106759755526, 20.0 ], [ 4.325771623519501, 50.835139218814703, 21.5 ], [ 4.325748244720334, 50.835064465002297, 20.0 ], [ 4.325840085418626, 50.835029661530157, 20.186079025268555 ], [ 4.325919315066169, 50.834992567106312, 20.484769821166992 ], [ 4.325977691197267, 50.834894701524199, 20.5 ], [ 4.326103831657571, 50.834891881501662, 20.5 ], [ 4.326179955079494, 50.834843158657996, 20.5 ], [ 4.326223499096971, 50.834780410447443, 20.5 ], [ 4.326425807879366, 50.834728207810777, 20.5 ], [ 4.32652077871331, 50.834716535695833, 20.5 ], [ 4.326625717327365, 50.834744998487615, 20.5 ], [ 4.326730656068465, 50.834773461185286, 20.5 ], [ 4.326744201539579, 50.834653914858862, 20.5 ], [ 4.326829620108096, 50.834595387248555, 20.5 ], [ 4.326850170272344, 50.834696906410258, 22.0 ], [ 4.326970912259801, 50.834737397036619, 20.5 ], [ 4.327071843631511, 50.834834901669993, 20.5 ], [ 4.327221878198272, 50.83484217585999, 20.414966583251953 ], [ 4.327190801620042, 50.834755868015819, 20.5 ], [ 4.327096074879733, 50.834690768415093, 20.5 ], [ 4.326975309918394, 50.834639700654904, 20.5 ], [ 4.326937275667472, 50.834571648540937, 20.5 ], [ 4.326954415040422, 50.834470791692212, 20.532127380371094 ], [ 4.326907193474534, 50.834402406734121, 20.671535491943359 ], [ 4.327023836760257, 50.834391703397117, 22.102317810058594 ], [ 4.327124697009157, 50.834306744270499, 20.733915328979492 ], [ 4.327194173237431, 50.834256698641937, 20.894611358642578 ], [ 4.327262251916295, 50.834189145702958, 21.0 ], [ 4.327378588392584, 50.8342539001722, 21.0 ], [ 4.327421558677883, 50.834327486128615, 20.712408065795898 ], [ 4.327433688136182, 50.834394206048898, 22.0 ], [ 4.32748339142571, 50.834453534324076, 22.0 ], [ 4.327601497015013, 50.834424716105794, 19.842668533325195 ], [ 4.327683660532173, 50.834356251448277, 21.0 ], [ 4.327802214755233, 50.834279892858042, 21.0 ], [ 4.327684333789696, 50.834201855986684, 21.0 ], [ 4.327541292044144, 50.834163133485653, 21.0 ], [ 4.327452154499171, 50.834112600811977, 21.0 ], [ 4.327506806404043, 50.834045687494566, 21.0 ], [ 4.327673519870848, 50.833982048591196, 21.0 ], [ 4.327698514702442, 50.833905676114149, 21.0 ], [ 4.327817676637331, 50.833925395327341, 22.5 ], [ 4.327898057647577, 50.833893805601228, 22.5 ], [ 4.32790734547378, 50.83383418658422, 21.0 ], [ 4.327988445052122, 50.833752736534073, 21.304803848266602 ], [ 4.328122643130882, 50.833719563759267, 21.5 ], [ 4.328199300989911, 50.833642323682824, 21.5 ], [ 4.328307420420927, 50.833626050201381, 21.5 ], [ 4.328383043640836, 50.833574481117687, 21.5 ], [ 4.328504955871616, 50.833586892767691, 21.5 ], [ 4.328685378795107, 50.833637406315738, 21.5 ], [ 4.328654344283996, 50.833731270121326, 23.0 ], [ 4.328745238099848, 50.833749321299372, 21.462182998657227 ], [ 4.328796695046524, 50.83369855542432, 21.5 ], [ 4.328832671414044, 50.833634565945822, 21.5 ], [ 4.328790613395139, 50.833572081306421, 21.5 ], [ 4.32871869876837, 50.833515781297869, 21.5 ], [ 4.32867006959266, 50.833408324331124, 21.5 ], [ 4.328761328324776, 50.833448588240337, 23.0 ], [ 4.328766588819811, 50.833373323877332, 21.5 ], [ 4.328869641303037, 50.833410964894547, 23.0 ], [ 4.328952279104842, 50.833352812463964, 21.5 ], [ 4.329043081952576, 50.833307267978512, 21.5 ], [ 4.329131927940461, 50.833285328807634, 21.5 ], [ 4.329247080006705, 50.833231532590858, 21.5 ], [ 4.329340376472827, 50.833271120017244, 23.0 ], [ 4.329372325477617, 50.833177040365968, 21.5 ], [ 4.329527719675625, 50.83321361388159, 23.0 ], [ 4.329558288940253, 50.833136255088306, 21.5 ], [ 4.329684751911975, 50.833121100270809, 21.5 ], [ 4.329772689906906, 50.833061583962213, 21.449396133422852 ], [ 4.329876546782379, 50.833075439995824, 21.48158073425293 ], [ 4.329975894901052, 50.833051788315437, 22.997875213623047 ], [ 4.330161925345347, 50.833047655638616, 23.0 ], [ 4.330283994722532, 50.833005543345799, 21.457605361938477 ], [ 4.330348988502291, 50.833067887493819, 22.899412155151367 ], [ 4.330462442551653, 50.833088350337817, 21.05061149597168 ], [ 4.330464728331174, 50.833156039091833, 22.5 ], [ 4.330550965246204, 50.833196056269259, 22.5 ], [ 4.330705624576828, 50.833267823461455, 21.116792678833008 ], [ 4.330824733419225, 50.833372130473784, 21.284271240234375 ], [ 4.330966890845803, 50.833427995414773, 21.296594619750977 ], [ 4.330893843453372, 50.833487585821821, 22.905256271362305 ], [ 4.331020471508298, 50.8334769257117, 21.350780487060547 ], [ 4.330988937113375, 50.833533021445589, 22.899662017822266 ], [ 4.331106681478257, 50.833544372299379, 21.317653656005859 ], [ 4.331025663708663, 50.833593900153552, 22.901145935058594 ], [ 4.331120442391753, 50.833619290473592, 21.445928573608398 ], [ 4.331161719407826, 50.833678798473187, 21.5 ], [ 4.331090981091455, 50.83372589172221, 22.923778533935547 ], [ 4.331098541908237, 50.833794396682144, 21.27623176574707 ], [ 4.330970214475728, 50.833739567533136, 22.901037216186523 ], [ 4.330995401455571, 50.833815603560843, 21.228780746459961 ], [ 4.331101029040678, 50.833908551224489, 22.511369705200195 ], [ 4.331188435865346, 50.83383280476572, 21.193029403686523 ], [ 4.331275518750765, 50.83386728099336, 21.109827041625977 ], [ 4.331377870269406, 50.833861926408268, 21.158910751342773 ], [ 4.331506550852578, 50.833902288285572, 21.013027191162109 ], [ 4.331577767762893, 50.83397805769345, 21.0 ], [ 4.331703523176935, 50.834023765935349, 21.0 ], [ 4.33173861527224, 50.834091889688004, 21.0 ], [ 4.331806802012097, 50.834155819002987, 21.0 ], [ 4.331854252669829, 50.834226872359785, 22.5 ], [ 4.331955716105837, 50.834265672068561, 21.0 ], [ 4.332058705382233, 50.834302824676442, 21.0 ], [ 4.332079204110202, 50.834397722038403, 22.5 ], [ 4.332188869510608, 50.834408580154459, 21.0 ], [ 4.332163914701031, 50.834477071387106, 22.5 ], [ 4.332285949288365, 50.83445883311007, 21.0 ], [ 4.33231226332907, 50.834563202292621, 21.0 ], [ 4.332416787874275, 50.834583432539148, 21.0 ], [ 4.332511162466608, 50.83469528626788, 21.0 ], [ 4.332544967710367, 50.834803274814824, 21.0 ], [ 4.332642379822949, 50.834851510513104, 21.0 ], [ 4.332655439914714, 50.834919451101655, 22.662906646728516 ], [ 4.332753617583434, 50.834955652929523, 21.083246231079102 ], [ 4.332917753682444, 50.835002989569595, 21.0 ], [ 4.333005124801663, 50.835142029697572, 21.0 ], [ 4.332949587231657, 50.835316429686912, 21.0 ], [ 4.333142362501899, 50.835486901664765, 20.899688720703125 ], [ 4.333248947008278, 50.835574231864015, 20.641639709472656 ], [ 4.333077954842791, 50.835552843387568, 20.869113922119141 ], [ 4.33319182564866, 50.835630899224689, 20.616737365722656 ], [ 4.33308566659683, 50.83563022541351, 22.371599197387695 ], [ 4.333049637511796, 50.835718171958341, 20.613283157348633 ], [ 4.332814767798533, 50.835749166291166, 20.687833786010742 ], [ 4.332805434172638, 50.835843859726197, 20.5 ], [ 4.332653989956796, 50.835876718741467, 20.411491394042969 ], [ 4.332565892683496, 50.835895833192154, 20.376432418823242 ], [ 4.332550339256355, 50.835953975494533, 20.175067901611328 ], [ 4.332431847974072, 50.836007665267431, 20.0 ], [ 4.332379820918582, 50.836066913001922, 20.0 ], [ 4.33226823239639, 50.83612684406522, 19.961349487304688 ], [ 4.332143895266465, 50.836149830457487, 20.0 ], [ 4.332016535732259, 50.836131636098798, 20.0 ], [ 4.331979388019487, 50.83604845616135, 20.0 ], [ 4.331910662723113, 50.835973768165552, 20.0 ], [ 4.331822072569221, 50.835938210106242, 19.699043273925781 ], [ 4.331844879947609, 50.835869195560093, 21.124290466308594 ], [ 4.331733757970856, 50.835873676756364, 19.894990921020508 ], [ 4.331651624743921, 50.835821835416255, 20.0 ], [ 4.331541739428061, 50.835798369554333, 20.0 ], [ 4.331614210999075, 50.835752328153859, 21.538852691650391 ], [ 4.331463923564975, 50.83575596949084, 20.0 ], [ 4.331426149987375, 50.835692783054839, 20.0 ], [ 4.331343136490084, 50.835632289020417, 20.0 ], [ 4.33135130564209, 50.835531167788197, 20.0 ], [ 4.331273788934435, 50.835440468842918, 20.0 ], [ 4.331431047480681, 50.835496817280912, 20.548345565795898 ], [ 4.331436484290029, 50.835435841953561, 20.0 ], [ 4.33158265713837, 50.835455986638387, 22.67814826965332 ], [ 4.331530725048717, 50.835384360090671, 20.0 ], [ 4.33161421084934, 50.835344480757264, 22.0 ], [ 4.331446234591177, 50.835326487846352, 20.0 ], [ 4.331620105960359, 50.835278363941327, 20.248313903808594 ], [ 4.33173426256806, 50.835226557538796, 20.0 ], [ 4.33185538258167, 50.835217102643327, 20.0 ], [ 4.331800416337696, 50.835148105481792, 21.5 ], [ 4.331861510362661, 50.835068191930439, 19.91169548034668 ], [ 4.331897855899573, 50.835128655876929, 20.0 ], [ 4.332000008222948, 50.835127622243206, 19.611318588256836 ], [ 4.331950059016684, 50.835186857513776, 21.5 ], [ 4.332122791130018, 50.835207203027878, 21.920829772949219 ], [ 4.332196820100859, 50.835133584889654, 20.146289825439453 ], [ 4.332181391584664, 50.835046856765864, 20.137174606323242 ], [ 4.33215935355763, 50.834974887631695, 20.358930587768555 ], [ 4.332051583840848, 50.834934485816262, 19.833133697509766 ], [ 4.332023639413801, 50.834857177184972, 19.953702926635742 ], [ 4.332098481465474, 50.834800179736156, 20.128524780273438 ], [ 4.332116808346941, 50.834688259252189, 20.493326187133789 ], [ 4.331951350443473, 50.834641464840971, 20.482284545898438 ], [ 4.331715773469064, 50.834654523047007, 20.0 ], [ 4.331670326690584, 50.834780583032249, 20.0 ], [ 4.331515492417756, 50.834785816050314, 20.0 ], [ 4.331513339158048, 50.834863265422939, 20.0 ], [ 4.33142465829604, 50.834908091162667, 20.0 ], [ 4.331284209551059, 50.834925639765309, 20.0 ], [ 4.331229653259997, 50.834841826418398, 20.0 ], [ 4.331081002889294, 50.834866887888722, 20.0 ], [ 4.330985615810177, 50.83480649070804, 20.064750671386719 ], [ 4.330947112095528, 50.834888356425374, 20.0 ], [ 4.330958896530428, 50.834955532222743, 20.402616500854492 ], [ 4.331056274194506, 50.834983203999592, 20.150279998779297 ], [ 4.331176265200108, 50.835065488177051, 20.290210723876953 ], [ 4.331320155440969, 50.835158558998963, 20.0 ], [ 4.331153019695249, 50.835234473232546, 20.654245376586914 ], [ 4.331123935885254, 50.835400083675196, 20.0 ], [ 4.331075972182367, 50.835312876600348, 20.242708206176758 ], [ 4.330870945541374, 50.835247741100929, 20.0 ], [ 4.330814731128368, 50.83518924895828, 20.0 ], [ 4.330755025269791, 50.835132161057906, 20.0 ], [ 4.330706967967831, 50.835082143322786, 20.028224945068359 ], [ 4.3305998035541, 50.834997991010304, 20.142341613769531 ], [ 4.330463930441777, 50.834995624049078, 20.0 ], [ 4.330419580556925, 50.834873730654451, 20.105817794799805 ], [ 4.330317543111253, 50.834819975572863, 20.129690170288086 ], [ 4.330225738888814, 50.834849670706767, 20.195903778076172 ], [ 4.330242871702127, 50.834929630186402, 20.120841979980469 ], [ 4.330325708042584, 50.834990945359245, 20.030759811401367 ], [ 4.330412958302569, 50.835058758422413, 20.0 ], [ 4.330452320279563, 50.835125140105852, 20.097949981689453 ], [ 4.330522477875782, 50.835177807602562, 21.621734619140625 ], [ 4.330615759813216, 50.835267620200682, 21.584693908691406 ], [ 4.330749490881682, 50.8352892775738, 20.0 ], [ 4.330824345240791, 50.835363230118901, 20.0 ], [ 4.330829530353973, 50.835451008959488, 21.644521713256836 ], [ 4.330941239206264, 50.835479699368101, 20.0 ], [ 4.331044402188685, 50.835519189652551, 20.0 ], [ 4.331072978890242, 50.835613932081124, 21.5 ], [ 4.331218695795568, 50.835646891833626, 20.0 ], [ 4.331178440141816, 50.835740064602909, 21.5 ], [ 4.331326614187697, 50.835717111030952, 20.0 ], [ 4.331331704449148, 50.835801358353258, 20.0 ], [ 4.331403979769472, 50.835850476750274, 20.0 ], [ 4.331508935174127, 50.835859968288737, 20.0 ], [ 4.331522181822775, 50.835921220839502, 20.0 ], [ 4.331608723088365, 50.835949839705521, 20.0 ], [ 4.331681450600384, 50.836040844782275, 19.929178237915039 ], [ 4.331777967538242, 50.836092765212854, 20.0 ], [ 4.331776339283413, 50.836166253857449, 20.0 ], [ 4.331752360772096, 50.836238164130783, 20.0 ], [ 4.331650813661879, 50.836206232509568, 21.5 ], [ 4.331602516320777, 50.836282320101411, 20.0 ], [ 4.331542616432736, 50.83618477772616, 21.5 ], [ 4.331442632426148, 50.836255808204733, 20.0 ], [ 4.331394136334572, 50.836199393677539, 21.5 ], [ 4.331252620305452, 50.836267859432795, 19.903396606445312 ], [ 4.331240524149895, 50.836386249640562, 21.5 ], [ 4.331358668576195, 50.836331646874726, 20.0 ], [ 4.331419124879046, 50.836376518952974, 21.5 ], [ 4.331511227543748, 50.836367710925906, 20.0 ], [ 4.331621083959293, 50.836352542095675, 20.0 ], [ 4.331667755661193, 50.836417318052163, 20.0 ], [ 4.331596413510493, 50.836472128438494, 19.999555587768555 ], [ 4.331475548774383, 50.836511607037508, 19.979398727416992 ], [ 4.331404726116773, 50.836565128573987, 19.980337142944336 ], [ 4.331333903298563, 50.836618650066406, 19.976505279541016 ], [ 4.331219157035867, 50.836676577523271, 19.835651397705078 ], [ 4.331117650603098, 50.836682214877513, 19.634075164794922 ], [ 4.331018903000252, 50.836725372701437, 19.559782028198242 ], [ 4.330929043403291, 50.836764645864655, 19.5 ], [ 4.330845580373774, 50.836804569512012, 19.5 ], [ 4.33080337349585, 50.836865173458499, 19.5 ], [ 4.330651900468925, 50.836898219883871, 19.5 ], [ 4.330574481669917, 50.836951826838501, 19.5 ], [ 4.330470228819476, 50.836974855517909, 19.5 ], [ 4.330379852164609, 50.836934690336427, 19.5 ], [ 4.330259667935653, 50.836872150157298, 19.5 ] ], [ [ 4.33027326392173, 50.832754330638849, 21.0 ], [ 4.330133858968373, 50.832737659757534, 21.0 ], [ 4.330052531843394, 50.832671238066737, 22.5 ], [ 4.329986952191763, 50.832756618993997, 21.0 ], [ 4.329960066622425, 50.832695546222524, 22.5 ], [ 4.329861079500636, 50.832705038637151, 21.0 ], [ 4.329730460228015, 50.832666733435914, 22.5 ], [ 4.329587511846346, 50.832677437119379, 21.0 ], [ 4.32947889282224, 50.832631594189742, 22.5 ], [ 4.329317281931937, 50.832628417824139, 21.0 ], [ 4.329267148808313, 50.832542554763165, 21.0 ], [ 4.329411236698447, 50.83253520386279, 22.5 ], [ 4.329314513605869, 50.832469811976082, 21.0 ], [ 4.32941627294107, 50.832424664278605, 22.5 ], [ 4.329304780282923, 50.83239136933183, 21.132961273193359 ], [ 4.329246196452311, 50.832318546153338, 21.408176422119141 ], [ 4.329363486980903, 50.832284453593587, 21.489442825317383 ], [ 4.329509740152149, 50.832246210672118, 21.5 ], [ 4.329573380049859, 50.832197843502541, 21.5 ], [ 4.329647400575832, 50.832141586747895, 21.5 ], [ 4.329730629283283, 50.832106871130748, 21.5 ], [ 4.329832728386992, 50.832090043085415, 21.5 ], [ 4.329872688400388, 50.832028208548614, 21.5 ], [ 4.330059282983789, 50.832017258884349, 22.290018081665039 ], [ 4.330133139594714, 50.832082978340928, 21.747837066650391 ], [ 4.330242301441404, 50.832124542825021, 20.183568954467773 ], [ 4.330379049593766, 50.832172733109964, 20.789798736572266 ], [ 4.330323663556056, 50.832239582276415, 22.466846466064453 ], [ 4.33034837624432, 50.832313434270787, 21.0 ], [ 4.330246643220403, 50.832320708318761, 22.687461853027344 ], [ 4.330323162166679, 50.832396153024533, 21.0 ], [ 4.330238234506481, 50.832460996759288, 22.532188415527344 ], [ 4.330256331111914, 50.832528545158027, 21.0 ], [ 4.330359023837817, 50.832506988261663, 22.5 ], [ 4.330432070559541, 50.832439764806502, 21.0 ], [ 4.330510564254947, 50.832489416547453, 21.0 ], [ 4.330621430483777, 50.832486805739158, 21.0 ], [ 4.330605788001426, 50.832552059318452, 22.493492126464844 ], [ 4.330678068110169, 50.832599607966777, 20.912939071655273 ], [ 4.33049818542707, 50.83267336260338, 21.0 ], [ 4.330502228425645, 50.832559476865256, 22.5 ], [ 4.330408519278296, 50.832557421653583, 22.5 ], [ 4.330353632855119, 50.832605565696113, 22.5 ], [ 4.3303734055598, 50.832685852031474, 22.5 ], [ 4.33027326392173, 50.832754330638849, 21.0 ] ], [ [ 4.325704873695747, 50.839929527963072, 20.051914215087891 ], [ 4.325573794338824, 50.839942081504198, 18.526487350463867 ], [ 4.325563973893936, 50.839875509680738, 20.112804412841797 ], [ 4.325470446979296, 50.839928357555799, 18.530187606811523 ], [ 4.325478262149515, 50.839828521777989, 20.171274185180664 ], [ 4.325369314331804, 50.839881460319241, 18.617902755737305 ], [ 4.32529931307956, 50.839834992971447, 20.191665649414062 ], [ 4.32527590102212, 50.83975240188083, 18.854789733886719 ], [ 4.325387861389377, 50.839721352933665, 18.860439300537109 ], [ 4.325583389377417, 50.839703860680785, 18.861873626708984 ], [ 4.32570031261926, 50.839727732057888, 20.337385177612305 ], [ 4.325805629888141, 50.839687682042303, 18.837959289550781 ], [ 4.325951054455168, 50.83966840078071, 18.789257049560547 ], [ 4.326101941565871, 50.839680130524485, 20.329999923706055 ], [ 4.326231021452719, 50.839668176434877, 20.5 ], [ 4.326292253158424, 50.839621714671097, 19.0 ], [ 4.326383457870262, 50.839639793104787, 19.0 ], [ 4.326542753087452, 50.839620664758428, 19.0 ], [ 4.326569824911105, 50.839678035659013, 20.5 ], [ 4.326704113412022, 50.83961064497386, 19.0 ], [ 4.326785567386558, 50.839659883039232, 20.5 ], [ 4.326809422804909, 50.839585384191842, 19.0 ], [ 4.326890876845964, 50.839634622184413, 20.5 ], [ 4.327018299848779, 50.839575586087065, 19.0 ], [ 4.327122050742989, 50.839597800405471, 19.0 ], [ 4.327281074402219, 50.839622770689857, 20.5 ], [ 4.327319660771019, 50.839556856882375, 19.0 ], [ 4.327473375703694, 50.839587017330921, 20.5 ], [ 4.327530704123774, 50.839527405753664, 19.0 ], [ 4.327564773113055, 50.839604950209001, 20.5 ], [ 4.327628414336722, 50.83955970721086, 19.0 ], [ 4.327719171176759, 50.839601465065506, 20.650871276855469 ], [ 4.327769140350654, 50.839499357209668, 19.0 ], [ 4.327831316337815, 50.839599517985874, 20.657794952392578 ], [ 4.32792773823939, 50.839538052713245, 19.0 ], [ 4.328029572975237, 50.839544103560655, 20.5 ], [ 4.328100290749865, 50.839497312777027, 19.0 ], [ 4.328212145863166, 50.839536277952426, 20.5 ], [ 4.328306017438772, 50.839481490661058, 19.0 ], [ 4.328441397068871, 50.839523937139596, 20.5 ], [ 4.32859854973719, 50.839510112206057, 20.5 ], [ 4.328704502082427, 50.839483108333795, 19.0 ], [ 4.328776921031342, 50.839539030829165, 20.5 ], [ 4.328822080197854, 50.839426004889702, 19.0 ], [ 4.328888997098688, 50.839526084737813, 20.5 ], [ 4.328915506900354, 50.839437163183348, 19.0 ], [ 4.328979081426004, 50.839481924993493, 20.5 ], [ 4.329088607322139, 50.839487848937175, 20.5 ], [ 4.329147791775888, 50.839546502616599, 18.921049118041992 ], [ 4.329040504834133, 50.839590217955006, 20.44456672668457 ], [ 4.329038004618829, 50.839670985377232, 18.826135635375977 ], [ 4.328917548047746, 50.839700294702773, 18.819211959838867 ], [ 4.328806055835043, 50.839744394055032, 20.200197219848633 ], [ 4.328806596331288, 50.839824514605382, 18.5 ], [ 4.328696060840217, 50.839850638259612, 20.0 ], [ 4.328613824100552, 50.839895203712011, 20.0 ], [ 4.328529642036331, 50.839925737093608, 20.0 ], [ 4.328496401933287, 50.839983447650134, 20.0 ], [ 4.328390214657872, 50.840059389859199, 20.0 ], [ 4.328270529273402, 50.840075600929069, 20.0 ], [ 4.328344762541045, 50.840158128701326, 18.5 ], [ 4.328227015180167, 50.840145942266687, 20.0 ], [ 4.328228325069275, 50.840229837201491, 18.5 ], [ 4.32811395690789, 50.840221448457136, 20.0 ], [ 4.328058158613605, 50.840285215013878, 20.0 ], [ 4.328037333042174, 50.840350610522833, 18.5 ], [ 4.327935853435401, 50.840303626877862, 20.0 ], [ 4.327945228633144, 50.840383005065711, 18.5 ], [ 4.32785248753088, 50.840408340300272, 20.0 ], [ 4.327814659642073, 50.840467639418129, 18.5 ], [ 4.327698833839485, 50.84049747685139, 20.0 ], [ 4.327701814544243, 50.840609230991767, 18.5 ], [ 4.32759401115856, 50.840595935078333, 20.0 ], [ 4.327507117014877, 50.840674517775241, 18.404474258422852 ], [ 4.327487327582618, 50.840579410599744, 19.988714218139648 ], [ 4.327366707490255, 50.840603536208022, 18.5 ], [ 4.327395795849647, 50.840524128031703, 20.0 ], [ 4.327249363266109, 50.840576400456136, 18.5 ], [ 4.3272766415892, 50.84050662882219, 20.0 ], [ 4.327160777733327, 50.840531452718103, 18.5 ], [ 4.327079476538108, 50.840443975179184, 20.0 ], [ 4.326974887362778, 50.840466383297624, 18.5 ], [ 4.326935290969888, 50.840403650287804, 20.0 ], [ 4.326842476616809, 50.840370328674972, 20.0 ], [ 4.326752781780195, 50.840308794070857, 20.0 ], [ 4.326637272629133, 50.840322882915089, 20.0 ], [ 4.32657401684347, 50.840260085636174, 20.0 ], [ 4.326469834295867, 50.840282522826328, 18.5 ], [ 4.326410314261546, 50.840223916450412, 20.0 ], [ 4.326310290972089, 50.840235309274405, 18.5 ], [ 4.326332217828578, 50.840100242952929, 20.140810012817383 ], [ 4.326226747083139, 50.840198667392855, 18.5 ], [ 4.326186518474001, 50.84010951569195, 20.007888793945312 ], [ 4.326102735622398, 50.840148171919552, 18.5 ], [ 4.326041882924702, 50.840095030747044, 20.0 ], [ 4.325934620493067, 50.840059418206096, 20.0 ], [ 4.325877120281199, 50.839995716743672, 20.0 ], [ 4.325758518197909, 50.839993537088198, 20.0 ], [ 4.325704873695747, 50.839929527963072, 20.051914215087891 ] ], [ [ 4.325597369411555, 50.839462848702901, 19.0 ], [ 4.325785096925179, 50.839433827027293, 20.5 ], [ 4.325876865613065, 50.839411871749064, 20.54277229309082 ], [ 4.325936097435487, 50.839312638739791, 19.206933975219727 ], [ 4.326081090355876, 50.83929747211392, 20.863325119018555 ], [ 4.326018562592222, 50.839230853993179, 19.273849487304688 ], [ 4.326200504675275, 50.839243235220962, 21.0 ], [ 4.326241148793089, 50.839164336637033, 19.5 ], [ 4.326337817660234, 50.839108295911593, 19.5 ], [ 4.326458285818627, 50.839105207541934, 21.0 ], [ 4.326453302262852, 50.839027269445509, 19.463388442993164 ], [ 4.326560956655653, 50.839065185051609, 20.72149658203125 ], [ 4.32666325616655, 50.838981801073146, 19.5 ], [ 4.326776957253966, 50.83888096004533, 19.5 ], [ 4.326874997257296, 50.838902977680284, 21.0 ], [ 4.326932464998408, 50.838848073405799, 19.5 ], [ 4.326965690851412, 50.838757184348779, 19.5 ], [ 4.327075717328469, 50.838826266111703, 21.0 ], [ 4.327057549328738, 50.838768196306845, 19.5 ], [ 4.327157746270165, 50.838780207972412, 21.0 ], [ 4.327107983237965, 50.83871835061732, 19.5 ], [ 4.327305036016752, 50.838708972925225, 21.0 ], [ 4.327368095946068, 50.838635192531264, 19.5 ], [ 4.327486679131906, 50.838619419312124, 19.5 ], [ 4.327596930176205, 50.838559434553154, 21.0 ], [ 4.327570804515656, 50.838470730161589, 19.5 ], [ 4.327684987012409, 50.838524717890181, 21.0 ], [ 4.327712542664926, 50.838461395032596, 19.5 ], [ 4.327803511891774, 50.838405540352412, 19.5 ], [ 4.32793785791159, 50.838409759450151, 21.0 ], [ 4.327891717272287, 50.838358199639657, 19.5 ], [ 4.328038823525152, 50.838313921864952, 19.5 ], [ 4.328101582343768, 50.8382677725535, 19.5 ], [ 4.328189094734681, 50.838293037280906, 21.0 ], [ 4.328218148122809, 50.838182056293377, 19.5 ], [ 4.328287340967838, 50.838246334203703, 19.5 ], [ 4.328373258890517, 50.838301935330087, 19.5 ], [ 4.328420721946843, 50.838369816850694, 19.5 ], [ 4.328532093733085, 50.838393008874107, 19.5 ], [ 4.328582251643541, 50.838464785628645, 19.420467376708984 ], [ 4.328705584941317, 50.838472642534363, 19.254707336425781 ], [ 4.32858086943236, 50.838543270529911, 20.869426727294922 ], [ 4.328747822338466, 50.83853627808481, 19.174127578735352 ], [ 4.328719189219612, 50.838602882020609, 20.751842498779297 ], [ 4.328831629042501, 50.83866254210259, 19.114404678344727 ], [ 4.328778657004769, 50.838716554110064, 19.256889343261719 ], [ 4.328819124183732, 50.838774741562574, 19.299686431884766 ], [ 4.328814468536729, 50.838857779626807, 20.954952239990234 ], [ 4.328883761698264, 50.838904929353859, 19.472671508789062 ], [ 4.329025152378198, 50.838932836165789, 19.349197387695312 ], [ 4.329191112407864, 50.838887413293236, 19.0 ], [ 4.329107810128684, 50.838989020841019, 20.987461090087891 ], [ 4.329171677722315, 50.839054294121688, 20.761159896850586 ], [ 4.329294752728829, 50.839077551060669, 19.0 ], [ 4.329178563570427, 50.839118826631079, 19.345073699951172 ], [ 4.329144835296331, 50.839234540175489, 19.0 ], [ 4.329084111895266, 50.839333885019393, 19.0 ], [ 4.328924162265345, 50.839321859776057, 19.090574264526367 ], [ 4.328814337293418, 50.839356180079506, 19.0 ], [ 4.328707613845796, 50.839337933559996, 19.021139144897461 ], [ 4.328583239047235, 50.839366126762044, 19.0 ], [ 4.328477353868241, 50.839357402019004, 19.0 ], [ 4.328359385792497, 50.839392003656457, 19.0 ], [ 4.328279360974761, 50.839323238123413, 20.5 ], [ 4.328234396293893, 50.839397269333524, 19.0 ], [ 4.32811886102143, 50.839366618924764, 20.5 ], [ 4.328015848788067, 50.839367560165805, 20.5 ], [ 4.327963183992579, 50.839423625855247, 19.0 ], [ 4.32780527830962, 50.839384889245693, 20.5 ], [ 4.32767666519092, 50.8394496003989, 19.0 ], [ 4.327636381661572, 50.839377117701069, 20.5 ], [ 4.32755826570139, 50.839432750476192, 19.0 ], [ 4.327415774640051, 50.83939528814475, 20.5 ], [ 4.32730112793939, 50.839469576838539, 19.0 ], [ 4.327171158548669, 50.839447620614379, 19.0 ], [ 4.327034057871713, 50.839420742715483, 20.5 ], [ 4.326930862726511, 50.839464649226429, 19.0 ], [ 4.326750308638381, 50.839472944987619, 19.0 ], [ 4.326630309414511, 50.839528761335096, 19.0 ], [ 4.326582615358317, 50.839439448507989, 20.629379272460938 ], [ 4.326509577800584, 50.839504847902049, 19.0 ], [ 4.326408828323726, 50.839456409925695, 20.533805847167969 ], [ 4.326379406352239, 50.839547173074621, 19.0 ], [ 4.326305976935746, 50.839490336149481, 20.5 ], [ 4.326159061278916, 50.839493747517913, 20.5 ], [ 4.326015843760554, 50.839526353698481, 18.997940063476562 ], [ 4.325892708023328, 50.839547266814449, 18.971376419067383 ], [ 4.325794693212559, 50.839495645747107, 19.0 ], [ 4.325788977146889, 50.839594196467729, 18.97297477722168 ], [ 4.325666599395801, 50.839542008905511, 20.5 ], [ 4.325597369411555, 50.839462848702901, 19.0 ] ], [ [ 4.32560705762869, 50.839282746190001, 20.5 ], [ 4.325552306675846, 50.839342277199037, 19.0 ], [ 4.325465926262504, 50.839382996849231, 19.0 ], [ 4.325294918082074, 50.839353555922344, 19.081926345825195 ], [ 4.325437221601184, 50.839317275282596, 20.5 ], [ 4.325350745488912, 50.839263080643491, 19.014389038085938 ], [ 4.325290501214363, 50.839192580210799, 19.0 ], [ 4.325221074070436, 50.839111333292735, 19.0 ], [ 4.32526873737768, 50.839014029850453, 20.493013381958008 ], [ 4.325169347039768, 50.839059407777071, 19.0 ], [ 4.325188796743306, 50.838955228197122, 20.435953140258789 ], [ 4.325293872127454, 50.838927962153093, 18.853353500366211 ], [ 4.325403996318432, 50.838910419076448, 20.278039932250977 ], [ 4.325537146624343, 50.838839895696616, 18.623781204223633 ], [ 4.325644678474736, 50.838836674469391, 18.567899703979492 ], [ 4.325746602813964, 50.838814736060499, 18.513555526733398 ], [ 4.325805496864057, 50.838867394737264, 20.250484466552734 ], [ 4.325794939970856, 50.838931573538709, 20.152816772460938 ], [ 4.325903256250911, 50.838981940243386, 18.824604034423828 ], [ 4.325953137090727, 50.839067409174341, 18.984586715698242 ], [ 4.325988315592774, 50.839155762694674, 19.145378112792969 ], [ 4.325879146525583, 50.83915275171983, 20.632049560546875 ], [ 4.325846143649855, 50.839218711274526, 19.211019515991211 ], [ 4.325709758421829, 50.839260008393907, 19.048351287841797 ], [ 4.32560705762869, 50.839282746190001, 20.5 ] ], [ [ 4.325912476409216, 50.838279543881306, 20.400123596191406 ], [ 4.326044190980679, 50.838267344781961, 20.5 ], [ 4.326161525156333, 50.83828821935537, 20.5 ], [ 4.32621423785902, 50.838218637083109, 20.605613708496094 ], [ 4.326097044792386, 50.838143266830627, 19.0 ], [ 4.326109730162665, 50.838057502219542, 20.5 ], [ 4.325993340942762, 50.838041870037912, 19.403837203979492 ], [ 4.325915264388311, 50.838106603713577, 21.068557739257812 ], [ 4.325945692448291, 50.8381979197177, 19.122451782226562 ], [ 4.325813606045264, 50.83815651329008, 20.5 ], [ 4.325840543848494, 50.83822527750813, 18.979885101318359 ], [ 4.325740824404063, 50.838257408668852, 18.898094177246094 ], [ 4.325664303922165, 50.838174303454757, 20.5 ], [ 4.325648710348442, 50.838078612461331, 19.0 ], [ 4.325760589958207, 50.8380679570731, 21.5 ], [ 4.325646137605418, 50.838006990621494, 20.835659027099609 ], [ 4.325513709474409, 50.837979267536042, 19.014484405517578 ], [ 4.325518224079572, 50.8378852571566, 20.5 ], [ 4.325500642970953, 50.837818331794459, 19.063156127929688 ], [ 4.325625783528756, 50.83783628811571, 21.292732238769531 ], [ 4.325545190171932, 50.837765309357231, 20.966083526611328 ], [ 4.325389261415368, 50.837727583176644, 19.0 ], [ 4.325387263438617, 50.837651878223319, 20.5 ], [ 4.325372447222034, 50.837580315481219, 18.975584030151367 ], [ 4.325380288981767, 50.83749361609388, 18.765693664550781 ], [ 4.325528599292461, 50.837481303926573, 20.244379043579102 ], [ 4.325650428540335, 50.837461105654683, 18.857851028442383 ], [ 4.325625785459921, 50.837530455018261, 20.5 ], [ 4.325733084857236, 50.837509564354043, 20.142583847045898 ], [ 4.325806744200587, 50.837577626391194, 20.450326919555664 ], [ 4.325849454567773, 50.837631970894833, 19.0 ], [ 4.325945226065159, 50.837574920090937, 18.966630935668945 ], [ 4.325941182409186, 50.837489131113735, 20.135007858276367 ], [ 4.325844081339931, 50.837521717339897, 18.71662712097168 ], [ 4.325841085008144, 50.837460240746559, 20.496444702148438 ], [ 4.325762195651233, 50.837424358178268, 20.273471832275391 ], [ 4.325742149648021, 50.837327539000867, 18.629695892333984 ], [ 4.325862102916346, 50.83734997542664, 20.314556121826172 ], [ 4.325800548136756, 50.837268959799836, 18.741718292236328 ], [ 4.325753117788367, 50.837206534274522, 18.858272552490234 ], [ 4.325850598564766, 50.837102226606305, 20.5 ], [ 4.325724884569603, 50.837125536000805, 19.0 ], [ 4.325593066376436, 50.837170250670816, 18.925994873046875 ], [ 4.325578252958216, 50.837076023789322, 20.5 ], [ 4.325631630939828, 50.83697637291057, 19.0 ], [ 4.325785933293996, 50.836954631905769, 20.5 ], [ 4.325738325455092, 50.836891031903178, 19.012338638305664 ], [ 4.325867789624034, 50.83690860151362, 20.5 ], [ 4.325822911899455, 50.836845372058477, 19.059432983398438 ], [ 4.325919750570542, 50.836823630333114, 19.087259292602539 ], [ 4.325935517343584, 50.836759339682729, 19.154521942138672 ], [ 4.326017416929445, 50.836801702791789, 20.605274200439453 ], [ 4.326033104374384, 50.836731107710413, 19.182170867919922 ], [ 4.326199827104268, 50.836744981319171, 19.228137969970703 ], [ 4.326145527555965, 50.836658161033441, 19.257810592651367 ], [ 4.326237388045468, 50.836617469271594, 19.490888595581055 ], [ 4.326289492808375, 50.836552382892741, 19.5 ], [ 4.326386555683928, 50.836509386320429, 19.5 ], [ 4.326463252258114, 50.836422700998639, 19.5 ], [ 4.326578183602606, 50.836360563937959, 19.5 ], [ 4.326723392304563, 50.836414144803499, 19.5 ], [ 4.326700540444675, 50.836481016995791, 21.0 ], [ 4.326818467776522, 50.836461590454732, 19.5 ], [ 4.326750721597291, 50.836541610110025, 21.0 ], [ 4.326877577006879, 50.836544309524434, 19.5 ], [ 4.326867503492264, 50.836624430178112, 19.5 ], [ 4.326932620524826, 50.836670610246927, 19.5 ], [ 4.32691433242413, 50.836731427706482, 20.94230842590332 ], [ 4.327020405929563, 50.836732866178366, 19.394626617431641 ], [ 4.326943048881081, 50.836800217186926, 20.806816101074219 ], [ 4.327053050094621, 50.836814733367014, 19.225168228149414 ], [ 4.327061172538102, 50.836919424609079, 20.538627624511719 ], [ 4.327159307092913, 50.836962924191852, 19.178461074829102 ], [ 4.327175437684191, 50.837059960901122, 21.0 ], [ 4.327345331407579, 50.837058775223738, 19.389457702636719 ], [ 4.327300966413151, 50.837174134688063, 19.5 ], [ 4.327196358114925, 50.837198447219549, 19.5 ], [ 4.327150515545338, 50.837271902598971, 19.466299057006836 ], [ 4.327270910799487, 50.837250890095738, 19.5 ], [ 4.32739640215391, 50.83721313790867, 19.5 ], [ 4.327371216900364, 50.837283273393595, 20.859546661376953 ], [ 4.327427274208787, 50.837345103463242, 20.583311080932617 ], [ 4.32754652288742, 50.837414319369628, 19.161191940307617 ], [ 4.327542072590362, 50.837476261017819, 20.629306793212891 ], [ 4.327617016303736, 50.837516168832721, 19.192489624023438 ], [ 4.327622503296819, 50.837598425213095, 21.0 ], [ 4.327751421590623, 50.837587740385409, 19.5 ], [ 4.327704054535232, 50.837675773527693, 21.0 ], [ 4.327794640309834, 50.837716571983023, 19.5 ], [ 4.327816173350437, 50.837791157746906, 19.5 ], [ 4.32785999509752, 50.837848070083979, 19.5 ], [ 4.327926899770239, 50.837942184296118, 19.5 ], [ 4.328030768392401, 50.83799829070918, 19.5 ], [ 4.328006270025113, 50.838062798686195, 21.0 ], [ 4.328085846842119, 50.838105959432283, 19.5 ], [ 4.328049135212216, 50.838216722811971, 19.5 ], [ 4.327940945621179, 50.838213792857083, 19.5 ], [ 4.32785735572503, 50.838257383871678, 19.5 ], [ 4.327701099755378, 50.838284180071703, 21.0 ], [ 4.327722902710944, 50.838353049375264, 19.5 ], [ 4.327538808581689, 50.83838339733434, 19.5 ], [ 4.32746941525438, 50.838470032956089, 19.5 ], [ 4.327346172418002, 50.838484586609106, 19.5 ], [ 4.327283717444991, 50.838550526789447, 19.5 ], [ 4.327173849004513, 50.838543667844078, 21.0 ], [ 4.327136375585249, 50.838646623766238, 19.5 ], [ 4.326976020959775, 50.838659290194691, 19.464649200439453 ], [ 4.326829906980701, 50.838702273897347, 20.663183212280273 ], [ 4.326840345746949, 50.838786691805275, 19.40507698059082 ], [ 4.326744708179771, 50.838744563680841, 20.655670166015625 ], [ 4.326678225990315, 50.838798662385351, 19.261672973632812 ], [ 4.326601893721196, 50.838853404619563, 19.302885055541992 ], [ 4.326469874354255, 50.838891164107245, 20.729305267333984 ], [ 4.326388722066825, 50.838960845686735, 19.356433868408203 ], [ 4.326286571040405, 50.838973424251257, 20.716192245483398 ], [ 4.326243917400382, 50.839033528250091, 19.400978088378906 ], [ 4.32609985553668, 50.839005167389708, 18.867422103881836 ], [ 4.32608292332633, 50.838894166934899, 20.173906326293945 ], [ 4.325998760333574, 50.838857952782909, 18.450231552124023 ], [ 4.32607372006107, 50.838771618326412, 19.977542877197266 ], [ 4.325979111124579, 50.838794733257409, 18.570343017578125 ], [ 4.3259857991749, 50.838716522306818, 19.976371765136719 ], [ 4.325915274581801, 50.838670552717915, 18.238258361816406 ], [ 4.326003762926582, 50.8386390269361, 19.721576690673828 ], [ 4.325915662979203, 50.838528693292538, 19.611833572387695 ], [ 4.325788331907958, 50.838522869435579, 18.230388641357422 ], [ 4.325882142359585, 50.838424345227182, 20.144964218139648 ], [ 4.325760068046244, 50.838444038584292, 18.421138763427734 ], [ 4.325742235341973, 50.838323573479414, 20.288885116577148 ], [ 4.325912476409216, 50.838279543881306, 20.400123596191406 ] ], [ [ 4.327373630738661, 50.836947300537325, 20.598148345947266 ], [ 4.327350106697497, 50.836869499578583, 20.42230224609375 ], [ 4.327179844616435, 50.836840868972622, 19.105472564697266 ], [ 4.327237788350014, 50.836745123223146, 20.853111267089844 ], [ 4.327125117288539, 50.836743691280994, 19.36003303527832 ], [ 4.327183455941876, 50.836681196690115, 20.919740676879883 ], [ 4.327117257182929, 50.836631307029322, 20.711511611938477 ], [ 4.326987414919303, 50.836584588596338, 19.5 ], [ 4.327031496820441, 50.836503509953005, 21.0 ], [ 4.326928588586122, 50.836484656356859, 19.5 ], [ 4.326956120651594, 50.836419097563891, 21.0 ], [ 4.32682328356591, 50.836370848271507, 19.5 ], [ 4.326849926949217, 50.83630442731328, 21.0 ], [ 4.326697758264785, 50.836322575255878, 19.5 ], [ 4.32685868186813, 50.836236121340519, 19.5 ], [ 4.32694033266552, 50.836265778842396, 21.0 ], [ 4.327027336021198, 50.836243027840219, 19.5 ], [ 4.327133722877834, 50.836257752376881, 21.0 ], [ 4.327229006855062, 50.836224365060936, 19.5 ], [ 4.327309633334433, 50.836276116100173, 21.0 ], [ 4.327349349790381, 50.836200243469257, 19.5 ], [ 4.327480792919734, 50.836250133944134, 19.5 ], [ 4.327584940426356, 50.836273887610027, 19.5 ], [ 4.327682437992728, 50.836293422470142, 19.5 ], [ 4.327762348614821, 50.836392923094621, 19.5 ], [ 4.327870387178222, 50.836410824597429, 19.5 ], [ 4.327942727687835, 50.836464699333845, 19.5 ], [ 4.327998617352237, 50.836523766215571, 19.5 ], [ 4.327979904043263, 50.836591597164535, 21.0 ], [ 4.3280688453397, 50.836662314280105, 19.5 ], [ 4.328152476016427, 50.836743845648741, 19.5 ], [ 4.327998102222815, 50.836809017746958, 19.454366683959961 ], [ 4.327818319218537, 50.836795575663132, 20.772859573364258 ], [ 4.327951975426567, 50.836872893225198, 19.354061126708984 ], [ 4.327775448952424, 50.836861800268643, 20.632408142089844 ], [ 4.327742685394588, 50.836930299808778, 19.165042877197266 ], [ 4.327590577957394, 50.836920755180373, 20.507989883422852 ], [ 4.327556117338842, 50.836975259029529, 20.655723571777344 ], [ 4.327442251424751, 50.83704855435267, 19.337432861328125 ], [ 4.327345331407579, 50.837058775223738, 19.389457702636719 ], [ 4.327373630738661, 50.836947300537325, 20.598148345947266 ] ], [ [ 4.327975127106042, 50.836386291316863, 21.0 ], [ 4.327841055917434, 50.836342128344775, 19.5 ], [ 4.327855300276393, 50.836271539627305, 21.0 ], [ 4.327997333106463, 50.836243939580882, 19.5 ], [ 4.328002496893639, 50.836307118154323, 21.0 ], [ 4.328092841439676, 50.836225380215083, 19.5 ], [ 4.328159372596152, 50.836297862163377, 21.0 ], [ 4.328303253468469, 50.836259884422027, 19.5 ], [ 4.328404067156796, 50.836246100558846, 19.5 ], [ 4.328515831986902, 50.8362728452976, 19.5 ], [ 4.32863005834799, 50.836250659308917, 19.5 ], [ 4.328756280067746, 50.836286374507068, 19.5 ], [ 4.328859480277658, 50.83630889540887, 19.5 ], [ 4.32889664804057, 50.836371945991843, 19.5 ], [ 4.329030056091789, 50.836360764255318, 19.5 ], [ 4.329103410505393, 50.836433915136837, 19.5 ], [ 4.329236089703923, 50.836455124942063, 19.5 ], [ 4.329264373921453, 50.836531395214337, 19.5 ], [ 4.329361355585254, 50.836580042069627, 19.5 ], [ 4.329502715200793, 50.83661825508679, 19.5 ], [ 4.329492043700214, 50.836716616977583, 21.0 ], [ 4.329609229991311, 50.83675321282675, 19.5 ], [ 4.329759703405472, 50.83684692654807, 19.5 ], [ 4.329789554795457, 50.836949752193775, 21.0 ], [ 4.329925268623021, 50.836947768163803, 19.5 ], [ 4.330036564689146, 50.836996985832478, 19.5 ], [ 4.330026840177774, 50.83709846168032, 21.0 ], [ 4.330115200006562, 50.837122132708316, 19.5 ], [ 4.330156435944747, 50.837176987790684, 19.5 ], [ 4.330021833038318, 50.837183917757166, 21.0 ], [ 4.329911425510953, 50.837241292981638, 19.5 ], [ 4.329810556002435, 50.837272627935057, 21.0 ], [ 4.32976800185607, 50.837338472211371, 19.5 ], [ 4.32963631536281, 50.837403881512053, 19.5 ], [ 4.329527164028286, 50.83741437306346, 21.0 ], [ 4.329527273237657, 50.837484281340394, 19.5 ], [ 4.329411187617689, 50.837462346041498, 21.0 ], [ 4.32939641549715, 50.837538484105401, 19.5 ], [ 4.329290931534363, 50.837471614623887, 19.5 ], [ 4.32919592533678, 50.837382231030929, 19.5 ], [ 4.329122276925265, 50.837300393037339, 21.0 ], [ 4.328983145381305, 50.837249720999324, 19.5 ], [ 4.328993791007253, 50.837185183305969, 21.0 ], [ 4.328896935606887, 50.837163992278064, 19.5 ], [ 4.32883670387547, 50.837070841759228, 21.0 ], [ 4.328737506306061, 50.836992190252715, 21.0 ], [ 4.328648247008632, 50.836938969236535, 21.0 ], [ 4.328582858390081, 50.836873298118597, 21.0 ], [ 4.328450089843034, 50.836887515260784, 19.5 ], [ 4.328511923198042, 50.836945773682956, 19.5 ], [ 4.328577492248904, 50.837002370575782, 19.5 ], [ 4.328576708332962, 50.83706826829993, 21.0 ], [ 4.328678645976185, 50.8370815390033, 19.5 ], [ 4.32878704424722, 50.837138100373416, 19.5 ], [ 4.328780399394559, 50.837226695214625, 21.0 ], [ 4.328884284643235, 50.837229338584272, 19.5 ], [ 4.328865677489822, 50.837307076146857, 21.0 ], [ 4.328996804087934, 50.837350986398469, 19.5 ], [ 4.32908512074167, 50.837395341113414, 19.5 ], [ 4.32909019231561, 50.837466647072141, 21.0 ], [ 4.329189280655742, 50.837489892222052, 19.5 ], [ 4.329247589801125, 50.837545695049961, 19.5 ], [ 4.329281669308598, 50.837621691373286, 19.5 ], [ 4.329143542536269, 50.83758928829613, 21.0 ], [ 4.329169292940692, 50.83767952073655, 19.5 ], [ 4.329077010178957, 50.837643490674282, 19.5 ], [ 4.329007620005316, 50.837696237036411, 19.5 ], [ 4.32888959128949, 50.837768168612193, 19.5 ], [ 4.328784838601837, 50.837841625676219, 19.5 ], [ 4.328660466671663, 50.837871793629567, 19.5 ], [ 4.328588517091509, 50.837963156575874, 19.5 ], [ 4.328487064807864, 50.83798655824949, 19.5 ], [ 4.328383204952075, 50.837967864556319, 21.0 ], [ 4.328340528159478, 50.838095118079188, 19.5 ], [ 4.328176081994355, 50.838027968105287, 19.5 ], [ 4.328122958239947, 50.83797478077333, 19.5 ], [ 4.328196013428686, 50.837932113666383, 21.0 ], [ 4.328075804268887, 50.837912483738727, 19.5 ], [ 4.328145220507176, 50.837859188788201, 21.0 ], [ 4.328019702823059, 50.837853234425097, 19.5 ], [ 4.327985868717479, 50.837785612897612, 19.5 ], [ 4.328030404914063, 50.837720525692696, 21.0 ], [ 4.327890267023919, 50.837748639898358, 19.5 ], [ 4.327961018993118, 50.83766704553355, 19.5 ], [ 4.327852516272354, 50.837658676694701, 19.5 ], [ 4.327872549924407, 50.83753967110966, 21.0 ], [ 4.327785934016188, 50.837475364965528, 19.42994499206543 ], [ 4.327688908343642, 50.837374804038063, 19.355770111083984 ], [ 4.32767350734816, 50.837288207799709, 20.967428207397461 ], [ 4.327509721430705, 50.837208206912869, 19.5 ], [ 4.327504259791638, 50.837096816711011, 19.5 ], [ 4.327678687226569, 50.837081980832401, 20.984857559204102 ], [ 4.327716863280592, 50.836991500648345, 19.226509094238281 ], [ 4.327846673121578, 50.836974655172661, 19.362287521362305 ], [ 4.327933070927171, 50.836937776827014, 20.91552734375 ], [ 4.328063229733111, 50.836865872351908, 19.467432022094727 ], [ 4.328143529204832, 50.836816608836386, 19.5 ], [ 4.328236968229448, 50.836773880740111, 19.5 ], [ 4.328327783708485, 50.83675248881292, 19.5 ], [ 4.328356135016969, 50.836646974815444, 19.5 ], [ 4.328255948263844, 50.836646707804775, 19.5 ], [ 4.328200561233779, 50.836580704685268, 21.0 ], [ 4.328084952686265, 50.836565630127978, 19.5 ], [ 4.328056851102826, 50.836448666504779, 21.0 ], [ 4.327942727687835, 50.836464699333845, 19.5 ], [ 4.327975127106042, 50.836386291316863, 21.0 ] ], [ [ 4.325698435154325, 50.836803658681561, 19.109220504760742 ], [ 4.325597654288261, 50.836766077005962, 19.147235870361328 ], [ 4.325576639168615, 50.836693221303108, 19.163625717163086 ], [ 4.325687447430184, 50.836669523587254, 20.713766098022461 ], [ 4.325659211969143, 50.836578044078379, 20.760335922241211 ], [ 4.32556606416053, 50.836620723857884, 19.204769134521484 ], [ 4.325510285810383, 50.836538037709332, 20.76295280456543 ], [ 4.325351997943438, 50.836559185415176, 19.205318450927734 ], [ 4.325418348371763, 50.836510214898254, 20.761409759521484 ], [ 4.325274087891096, 50.836486832312758, 19.5 ], [ 4.325397312785213, 50.836447080101038, 19.305566787719727 ], [ 4.325431925435354, 50.836383322307547, 20.859064102172852 ], [ 4.325284284792403, 50.836403047492489, 19.5 ], [ 4.325359586765064, 50.836333853507682, 21.0 ], [ 4.325397341615788, 50.836257194913749, 19.5 ], [ 4.325503784891161, 50.836240251871551, 19.482685089111328 ], [ 4.325468771894435, 50.836309962131907, 19.422431945800781 ], [ 4.325536101405473, 50.836369403914929, 20.88762092590332 ], [ 4.325615833387609, 50.83629520653615, 19.467086791992188 ], [ 4.325654614402747, 50.83620290589235, 19.4326171875 ], [ 4.325794590856916, 50.836238483169403, 19.426279067993164 ], [ 4.325880034216035, 50.83626478653548, 19.428686141967773 ], [ 4.325964971552292, 50.836237833989294, 19.368986129760742 ], [ 4.326084384483098, 50.83626831716834, 19.361843109130859 ], [ 4.326253899432777, 50.836254536336007, 19.5 ], [ 4.326142066184317, 50.836341207182421, 20.935907363891602 ], [ 4.326262465868424, 50.836331235298118, 19.5 ], [ 4.326215989222091, 50.836402662102245, 19.5 ], [ 4.326166764656248, 50.836477061974037, 19.5 ], [ 4.326045237289023, 50.836520182129014, 19.395664215087891 ], [ 4.325916092265826, 50.836569518758601, 19.330577850341797 ], [ 4.325830770486734, 50.836648276892994, 20.770660400390625 ], [ 4.325771727418824, 50.836745943205159, 19.166128158569336 ], [ 4.325677419652938, 50.836730803163576, 20.685600280761719 ], [ 4.325698435154325, 50.836803658681561, 19.109220504760742 ] ], [ [ 4.325446509108041, 50.83604963741201, 19.499622344970703 ], [ 4.325352168900543, 50.836080769280613, 19.5 ], [ 4.325260047409031, 50.836026617691154, 19.5 ], [ 4.325271187482119, 50.835933142452667, 19.5 ], [ 4.325147965636885, 50.835959088274016, 19.5 ], [ 4.324965867607231, 50.835991041464077, 19.205585479736328 ], [ 4.324863138704472, 50.836013852119194, 18.780046463012695 ], [ 4.324757302838473, 50.835997711995638, 20.633460998535156 ], [ 4.324625704886626, 50.836032490225037, 19.5 ], [ 4.324508308976152, 50.835987688751487, 19.774251937866211 ], [ 4.324516193527169, 50.835913007819379, 19.970195770263672 ], [ 4.324462762826727, 50.835846244064101, 19.788646697998047 ], [ 4.324619393012401, 50.835771000015697, 19.5 ], [ 4.324762251404426, 50.835761611581759, 21.149469375610352 ], [ 4.324821020256329, 50.835691311877063, 19.893308639526367 ], [ 4.32494482893882, 50.835677886529027, 20.0 ], [ 4.325034445324075, 50.835652283710282, 20.0 ], [ 4.325181780728972, 50.835643678608378, 21.5 ], [ 4.325093087199249, 50.835602313936612, 20.0 ], [ 4.324984197063325, 50.835591786070665, 19.924077987670898 ], [ 4.325090476575066, 50.835532580439768, 21.446294784545898 ], [ 4.3250509095757, 50.835462578758332, 19.791740417480469 ], [ 4.325222687727234, 50.835458294989806, 21.411502838134766 ], [ 4.325202211453615, 50.835369288142992, 19.788978576660156 ], [ 4.325306224556646, 50.835335467285979, 19.951955795288086 ], [ 4.32541733929545, 50.835312419313709, 20.0 ], [ 4.325517410782612, 50.835276951829513, 20.0 ], [ 4.32557309157336, 50.835340437819852, 19.892372131347656 ], [ 4.325656590544675, 50.835410070483036, 19.75840950012207 ], [ 4.325612587496523, 50.835513372140746, 19.807233810424805 ], [ 4.325706397464251, 50.835593995851482, 19.781633377075195 ], [ 4.325627383039071, 50.835707509619525, 19.746347427368164 ], [ 4.32577750590833, 50.835683446911716, 19.530647277832031 ], [ 4.325869724262129, 50.835705490479022, 20.754541397094727 ], [ 4.325859086573577, 50.83562007698373, 19.528793334960938 ], [ 4.325955345953958, 50.835674565094379, 19.253244400024414 ], [ 4.325982955347221, 50.835732556315982, 19.253520965576172 ], [ 4.326031127342339, 50.835828650569056, 20.609491348266602 ], [ 4.326158008282277, 50.835868327372516, 19.319751739501953 ], [ 4.326183500167059, 50.835942316388767, 21.0 ], [ 4.326301492697871, 50.835982974918444, 19.5 ], [ 4.326287293730804, 50.836061381930719, 19.5 ], [ 4.326188609235954, 50.836109583576118, 19.5 ], [ 4.326066134440888, 50.836060488919003, 20.707462310791016 ], [ 4.325905556579126, 50.836042589020082, 20.665128707885742 ], [ 4.325955117094559, 50.836104967243294, 19.218490600585938 ], [ 4.325781601109038, 50.836049897248969, 20.713676452636719 ], [ 4.325745750405376, 50.836115705757827, 19.310808181762695 ], [ 4.325550924985467, 50.836062527971492, 19.380092620849609 ], [ 4.325446509108041, 50.83604963741201, 19.499622344970703 ] ], [ [ 4.325619151962478, 50.835024108659589, 19.987415313720703 ], [ 4.32551515898418, 50.835098000827777, 20.0 ], [ 4.325334300390876, 50.835052861197205, 19.801042556762695 ], [ 4.325345385560506, 50.834960100584837, 21.139408111572266 ], [ 4.325199177870407, 50.83501636234076, 19.603759765625 ], [ 4.325222400231639, 50.834920487314548, 21.112060546875 ], [ 4.325111262323206, 50.834868704043288, 19.5 ], [ 4.324997120586265, 50.834828965496172, 19.5 ], [ 4.325024796737827, 50.834763533521453, 20.995853424072266 ], [ 4.324901293326863, 50.834763447722466, 19.378992080688477 ], [ 4.324855401640124, 50.834701570032408, 20.875350952148438 ], [ 4.324772921524775, 50.834657464238404, 19.322668075561523 ], [ 4.324705097377155, 50.834557314097964, 20.869785308837891 ], [ 4.324591553973691, 50.834544660202646, 19.375486373901367 ], [ 4.324456515404005, 50.834485688591677, 19.432676315307617 ], [ 4.324442806813913, 50.834382175330305, 20.919008255004883 ], [ 4.324355667019891, 50.834438923641464, 19.473579406738281 ], [ 4.324332614496599, 50.834369524441726, 21.0 ], [ 4.324221584580008, 50.834360265951425, 19.5 ], [ 4.324293605643824, 50.834285513053096, 21.0 ], [ 4.324531107450874, 50.834315788621254, 20.627262115478516 ], [ 4.324565348751205, 50.834390795751226, 21.0 ], [ 4.324688614652308, 50.834389078352991, 21.0 ], [ 4.324796548445472, 50.834389718258478, 21.0 ], [ 4.324855908714301, 50.834446807040521, 21.009668350219727 ], [ 4.324816737072336, 50.834558765736155, 20.930099487304688 ], [ 4.324909827596232, 50.834519714124319, 19.382200241088867 ], [ 4.324907217790892, 50.83460020397159, 20.982782363891602 ], [ 4.325040584470966, 50.83463840647574, 20.667884826660156 ], [ 4.325128072587182, 50.834712721589682, 20.5 ], [ 4.325128749582582, 50.834796099968571, 20.773487091064453 ], [ 4.325228837130409, 50.834833205876869, 20.868513107299805 ], [ 4.32530304712312, 50.834788937941482, 19.049983978271484 ], [ 4.325370704797108, 50.834882089020176, 19.445392608642578 ], [ 4.325488366712101, 50.834910215468575, 21.009283065795898 ], [ 4.325481194128413, 50.834844045216663, 19.390838623046875 ], [ 4.325581711105833, 50.834825406404839, 19.893705368041992 ], [ 4.325517287864695, 50.834744647273396, 20.19505500793457 ], [ 4.325623918037886, 50.834761220582216, 20.5 ], [ 4.325549307048626, 50.834656469899024, 20.565540313720703 ], [ 4.325720171747093, 50.834727770652492, 20.5 ], [ 4.325851691907391, 50.834827041888403, 20.5 ], [ 4.325779006440125, 50.834901728474158, 20.487770080566406 ], [ 4.325667646099629, 50.834938802902776, 21.371845245361328 ], [ 4.325619151962478, 50.835024108659589, 19.987415313720703 ] ], [ [ 4.324158301803545, 50.834312109573403, 19.5 ], [ 4.324167400486981, 50.834249725352883, 21.0 ], [ 4.32403245790135, 50.834240610036368, 19.5 ], [ 4.324077185735432, 50.834144696016786, 21.0 ], [ 4.324185701466257, 50.834133564707784, 20.984199523925781 ], [ 4.324278501109203, 50.834170883688039, 21.0 ], [ 4.324380515844258, 50.834202352572717, 21.0 ], [ 4.324438327232489, 50.8341405184526, 21.307985305786133 ], [ 4.32449313771857, 50.83408499933072, 21.467758178710938 ], [ 4.324456878215899, 50.834023681463343, 21.578994750976562 ], [ 4.324298013824034, 50.833998659776519, 19.0 ], [ 4.324473292703783, 50.83395709411311, 20.816049575805664 ], [ 4.324583207491404, 50.834024257967528, 20.682182312011719 ], [ 4.324685762562886, 50.834077399542778, 20.747323989868164 ], [ 4.324752136319397, 50.83412705754678, 20.807615280151367 ], [ 4.32498560306288, 50.834105484458625, 21.031707763671875 ], [ 4.325070448506855, 50.834041578093746, 22.430622100830078 ], [ 4.325050422132445, 50.833959054574564, 20.852588653564453 ], [ 4.325163179000174, 50.833909584517016, 22.281509399414062 ], [ 4.325070192836163, 50.833850621294815, 20.80961799621582 ], [ 4.324978301680353, 50.833808958466555, 20.834142684936523 ], [ 4.324935634448626, 50.833735365344573, 20.829742431640625 ], [ 4.325038367530333, 50.833674704696222, 20.81440544128418 ], [ 4.325146696272322, 50.833684360224112, 20.746414184570312 ], [ 4.325216525900994, 50.833737688364756, 20.697494506835938 ], [ 4.325304437312454, 50.83378180660857, 20.672966003417969 ], [ 4.325317037874164, 50.833852390634178, 22.205253601074219 ], [ 4.325415827211378, 50.833773447160631, 20.617038726806641 ], [ 4.325559588885342, 50.833730348473544, 22.046110153198242 ], [ 4.325572796404286, 50.833641574274459, 22.087615966796875 ], [ 4.325458883019865, 50.833580911173812, 20.695045471191406 ], [ 4.32540046229312, 50.833494221001054, 22.349330902099609 ], [ 4.325249683739628, 50.83348214450983, 20.892881393432617 ], [ 4.325397136265658, 50.833433797531335, 20.952554702758789 ], [ 4.325489968963936, 50.833419680407623, 22.448348999023438 ], [ 4.325616570524741, 50.833444055007554, 20.89573860168457 ], [ 4.32570475013073, 50.833486533098075, 20.807985305786133 ], [ 4.325661255889214, 50.833577544910561, 22.172269821166992 ], [ 4.325772658819358, 50.833532487029302, 20.722883224487305 ], [ 4.325924515683333, 50.83359191136973, 22.224288940429688 ], [ 4.325854091826921, 50.833496406923111, 20.764432907104492 ], [ 4.32595470954965, 50.833524817372343, 22.273902893066406 ], [ 4.326059543062527, 50.833446236826447, 20.859498977661133 ], [ 4.326051931553263, 50.833557628721429, 22.316564559936523 ], [ 4.326153371130863, 50.833611064180687, 20.871562957763672 ], [ 4.326055546163976, 50.833620207708208, 20.805761337280273 ], [ 4.325992309143205, 50.833668350069225, 20.751392364501953 ], [ 4.325917413350372, 50.833708868401729, 22.203197479248047 ], [ 4.326059189917954, 50.83374738984984, 20.796751022338867 ], [ 4.326164342203231, 50.833812042527107, 20.861391067504883 ], [ 4.326037937490955, 50.833890316414141, 20.845661163330078 ], [ 4.325895872272099, 50.833942515168161, 20.81596565246582 ], [ 4.325932050763678, 50.833882874858304, 22.280582427978516 ], [ 4.325797792340273, 50.833927544247786, 20.784276962280273 ], [ 4.325687389604348, 50.833982374789201, 20.826442718505859 ], [ 4.325629342570561, 50.834057668104791, 22.405969619750977 ], [ 4.32576165223152, 50.834057759041499, 20.924280166625977 ], [ 4.325884288362797, 50.834154300220511, 20.921592712402344 ], [ 4.325967285316793, 50.833987645197737, 20.876874923706055 ], [ 4.326162594437607, 50.834102599845309, 20.945981979370117 ], [ 4.326115798411361, 50.833936365693646, 20.909212112426758 ], [ 4.326301486860523, 50.833844773689187, 21.0 ], [ 4.326456125174023, 50.833790526528126, 21.0 ], [ 4.326622581929484, 50.833752980012733, 21.125219345092773 ], [ 4.326576237949025, 50.83368544643232, 21.012115478515625 ], [ 4.326701861518411, 50.833659010434545, 22.602268218994141 ], [ 4.326606202606922, 50.833609630525331, 18.5 ], [ 4.326755653671084, 50.83360158415072, 22.584293365478516 ], [ 4.326685426980101, 50.833551780609668, 21.559127807617188 ], [ 4.326567284088725, 50.833535464326857, 21.164804458618164 ], [ 4.326494589537189, 50.833591940241099, 21.0 ], [ 4.326385404534687, 50.833614916872882, 21.0 ], [ 4.326337233682583, 50.833550798940756, 21.0 ], [ 4.326277569909155, 50.833486958526173, 21.0 ], [ 4.326233718638187, 50.833429956817781, 21.0 ], [ 4.326238639092865, 50.833361242224861, 21.0 ], [ 4.326210130265531, 50.833290124087334, 21.026220321655273 ], [ 4.326133114823005, 50.833344942147903, 20.958269119262695 ], [ 4.325975177452897, 50.83330065126777, 21.0 ], [ 4.326012837398807, 50.833223468408626, 22.5 ], [ 4.325898192589299, 50.833204636439838, 21.0 ], [ 4.325820081910009, 50.83314825521007, 21.0 ], [ 4.325867083569966, 50.833054650652969, 21.0 ], [ 4.325939980864161, 50.832986811994942, 21.0 ], [ 4.326084568963886, 50.833043230389222, 22.554054260253906 ], [ 4.326095024587971, 50.8329727677324, 21.106313705444336 ], [ 4.326226111884143, 50.832897050210413, 22.606460571289062 ], [ 4.326278461922356, 50.832826002864365, 22.54347038269043 ], [ 4.326243165981548, 50.832770786819673, 21.0 ], [ 4.326290911247582, 50.832719462683599, 22.501516342163086 ], [ 4.326168296684906, 50.832665478413176, 21.114702224731445 ], [ 4.326120436319157, 50.832580704331008, 21.0 ], [ 4.326215308817462, 50.832482599245971, 21.0 ], [ 4.326324064123328, 50.832527670474718, 21.0 ], [ 4.326392682495743, 50.832457766210894, 21.0 ], [ 4.326539845362453, 50.832506933865425, 22.519647598266602 ], [ 4.326541328602794, 50.832437731096512, 21.0 ], [ 4.326711184451751, 50.83246924007053, 22.533042907714844 ], [ 4.326705202546941, 50.832395381878356, 21.0 ], [ 4.326823504287246, 50.832448996765194, 21.018552780151367 ], [ 4.326955854164736, 50.832487237740395, 22.52168083190918 ], [ 4.327100355691239, 50.832496800690777, 22.5 ], [ 4.327181752193491, 50.832587054483859, 22.543951034545898 ], [ 4.327296400357445, 50.832561212265162, 21.0 ], [ 4.327241800499408, 50.832636817907591, 22.554397583007812 ], [ 4.327340517106803, 50.832633036621942, 21.011886596679688 ], [ 4.327301592414811, 50.832698611592676, 22.569614410400391 ], [ 4.327440000363371, 50.832690251016885, 21.022180557250977 ], [ 4.327359390007226, 50.832758344023965, 22.671609878540039 ], [ 4.327500506779089, 50.832772159938223, 21.217159271240234 ], [ 4.327622961859617, 50.83283263299306, 21.317209243774414 ], [ 4.327565822528724, 50.83288290726113, 22.940959930419922 ], [ 4.327759828380811, 50.832903408416627, 21.5 ], [ 4.327706297953109, 50.832978775387495, 23.0 ], [ 4.327820031780644, 50.833013403086049, 21.5 ], [ 4.327919389954502, 50.833087379264164, 21.5 ], [ 4.328043789278899, 50.833199643366463, 21.5 ], [ 4.328101710135853, 50.833282783769221, 23.0 ], [ 4.328213331251315, 50.833336208332234, 21.5 ], [ 4.328247436972076, 50.83339354487488, 23.0 ], [ 4.32832697306636, 50.83344933514087, 21.5 ], [ 4.328197905489211, 50.833501680301673, 21.5 ], [ 4.328116506183734, 50.833538011508388, 21.5 ], [ 4.328078639292833, 50.833648174403891, 21.476299285888672 ], [ 4.327976180249112, 50.833607394701225, 22.84821891784668 ], [ 4.327975286685228, 50.833680303306309, 21.323570251464844 ], [ 4.32788149511062, 50.833695403759272, 21.179058074951172 ], [ 4.32781761124919, 50.833741438317062, 21.084352493286133 ], [ 4.327696905639261, 50.833760697783269, 22.504493713378906 ], [ 4.327744914057249, 50.833833427114016, 21.0 ], [ 4.327559924041755, 50.833827883070505, 22.548515319824219 ], [ 4.327563854669538, 50.833927828846576, 21.0 ], [ 4.327427620091084, 50.83390994846588, 22.564504623413086 ], [ 4.327477217046643, 50.833975477553153, 21.0 ], [ 4.327336246814667, 50.833977973781366, 21.043731689453125 ], [ 4.327254464193032, 50.834050729992036, 21.0 ], [ 4.32716811048773, 50.834117059373327, 21.0 ], [ 4.32713703713754, 50.834200742170147, 21.0 ], [ 4.326957035985206, 50.834311714770728, 20.802915573120117 ], [ 4.326772906556958, 50.834321972203199, 20.767251968383789 ], [ 4.326690537559427, 50.834389942102071, 20.586917877197266 ], [ 4.326557062018879, 50.834403951278546, 22.0 ], [ 4.326647829620509, 50.834488760297496, 20.5 ], [ 4.326519916080379, 50.834481776869964, 20.5 ], [ 4.326437968258736, 50.83454436417896, 20.5 ], [ 4.326316045037928, 50.834561505801005, 22.0 ], [ 4.326399413341981, 50.834616846042024, 20.5 ], [ 4.326223593016052, 50.834614678832395, 20.5 ], [ 4.326057902270838, 50.834592051147169, 20.565196990966797 ], [ 4.32614166323621, 50.834498735803997, 22.03901481628418 ], [ 4.326293341910933, 50.834415617702085, 22.0 ], [ 4.326369080023511, 50.834334265045698, 20.5 ], [ 4.326485482855344, 50.834318332821923, 22.069829940795898 ], [ 4.326435779536454, 50.834249799102842, 20.655633926391602 ], [ 4.326264280270988, 50.834258694002244, 20.64793586730957 ], [ 4.325975493285188, 50.834263915983499, 20.69538688659668 ], [ 4.325857456363302, 50.83443840040551, 20.717479705810547 ], [ 4.325820278449471, 50.834591296103746, 20.604839324951172 ], [ 4.325606142034827, 50.834549095291081, 20.657487869262695 ], [ 4.325533861080035, 50.834593471938845, 20.622045516967773 ], [ 4.325445339286353, 50.834657469826361, 20.537508010864258 ], [ 4.325389367029397, 50.834712962051725, 22.0 ], [ 4.325255302489623, 50.834731894922996, 20.5 ], [ 4.32531679537531, 50.834644541709515, 20.5 ], [ 4.325296633774094, 50.834546558523868, 20.574037551879883 ], [ 4.325304774518513, 50.834425646182169, 20.67634391784668 ], [ 4.325115011431428, 50.834439986259454, 20.603351593017578 ], [ 4.325114358043878, 50.834544695704899, 20.214485168457031 ], [ 4.324986067896056, 50.834452654126608, 19.938690185546875 ], [ 4.324927408122133, 50.834392421877673, 21.131866455078125 ], [ 4.324857586055028, 50.83433334305829, 19.758943557739258 ], [ 4.324756875492883, 50.834276439364018, 19.5 ], [ 4.324686395291637, 50.834189130684152, 20.565752029418945 ], [ 4.324626794566851, 50.834253641984034, 19.660755157470703 ], [ 4.324486673530212, 50.83422773826755, 21.037969589233398 ], [ 4.324293605643824, 50.834285513053096, 21.0 ], [ 4.324158301803545, 50.834312109573403, 19.5 ] ], [ [ 4.323931446149892, 50.834183218890978, 19.5 ], [ 4.323952947519897, 50.834086023927526, 21.0 ], [ 4.323867043666862, 50.834127954073473, 19.432708740234375 ], [ 4.323827857375698, 50.834057556209082, 20.828773498535156 ], [ 4.323761148338312, 50.8339845290242, 20.719236373901367 ], [ 4.323645791419367, 50.833923324618361, 20.64471435546875 ], [ 4.323832840283677, 50.833907702163522, 20.976594924926758 ], [ 4.323893249741714, 50.833995452933543, 21.0 ], [ 4.324037829144077, 50.834010411827265, 19.5 ], [ 4.324065187053117, 50.834076651359176, 20.944480895996094 ], [ 4.324077185735432, 50.834144696016786, 21.0 ], [ 4.323931446149892, 50.834183218890978, 19.5 ] ], [ [ 4.324003051590732, 50.833851981667387, 21.387435913085938 ], [ 4.323862165540292, 50.833820417137844, 21.083314895629883 ], [ 4.323676028276502, 50.83375171021337, 20.639102935791016 ], [ 4.323585128804314, 50.833836107774673, 20.713333129882812 ], [ 4.323562701361491, 50.83389443212711, 19.216398239135742 ], [ 4.323398541920707, 50.833807334129787, 19.5 ], [ 4.323251339278993, 50.833729232376626, 19.5 ], [ 4.32324361329754, 50.833668354696229, 21.086286544799805 ], [ 4.323171304019529, 50.833627941904176, 20.920228958129883 ], [ 4.323162568685956, 50.833556814425144, 20.856689453125 ], [ 4.323068098468864, 50.833517947628266, 19.282680511474609 ], [ 4.323177807370825, 50.833475146649775, 20.887897491455078 ], [ 4.323268379403781, 50.833417103115082, 19.483619689941406 ], [ 4.32332812411458, 50.833474957872639, 21.0 ], [ 4.323392620234245, 50.833419186693391, 21.0 ], [ 4.323406267072436, 50.833340956274327, 21.005136489868164 ], [ 4.323251984710618, 50.833357251998571, 19.5 ], [ 4.32315632505134, 50.833352764362054, 19.449783325195312 ], [ 4.323183968163178, 50.83325859150105, 19.451021194458008 ], [ 4.323332058217818, 50.833216400213729, 19.5 ], [ 4.323300611971753, 50.833133338490207, 19.5 ], [ 4.323435362427105, 50.833137056866285, 19.655094146728516 ], [ 4.323577266907356, 50.833166886640875, 19.867778778076172 ], [ 4.323494340630842, 50.833220076845834, 21.286033630371094 ], [ 4.323615626543278, 50.833243390558316, 21.468647003173828 ], [ 4.323695991931807, 50.833179306194744, 20.0 ], [ 4.323662203105003, 50.833114984292465, 19.949001312255859 ], [ 4.323751478951182, 50.833077584055239, 20.515748977661133 ], [ 4.323873596549427, 50.83304885084727, 20.466361999511719 ], [ 4.323960483731939, 50.83292683938199, 20.0 ], [ 4.323984808329112, 50.833034818265965, 20.617839813232422 ], [ 4.324142937144596, 50.832965443837338, 20.321588516235352 ], [ 4.324320484962854, 50.832864606704774, 20.480867385864258 ], [ 4.324426977676191, 50.832999744659638, 20.880495071411133 ], [ 4.324552711457935, 50.833016386662244, 20.575597763061523 ], [ 4.324613731439803, 50.833102108007182, 21.651340484619141 ], [ 4.32474321932991, 50.833087089083484, 20.19976806640625 ], [ 4.324790388286424, 50.832987494454223, 18.527626037597656 ], [ 4.324871583042521, 50.833019373746929, 21.5 ], [ 4.324977869242163, 50.833077140417394, 21.724071502685547 ], [ 4.325021273218479, 50.833161472733565, 20.583860397338867 ], [ 4.32488286529247, 50.833190041070544, 22.049549102783203 ], [ 4.324857379511663, 50.833288310435663, 20.642784118652344 ], [ 4.324738655886785, 50.833289401103706, 22.064723968505859 ], [ 4.324754964058207, 50.83336388106526, 20.657842636108398 ], [ 4.324598616318567, 50.833394046348289, 20.634334564208984 ], [ 4.324438261500337, 50.83341459891458, 20.744115829467773 ], [ 4.324488476105468, 50.833484035425414, 20.806621551513672 ], [ 4.324514861518177, 50.833558556903419, 21.0 ], [ 4.324436479930935, 50.833615629310287, 21.0 ], [ 4.324334902503847, 50.833685134858747, 20.810791015625 ], [ 4.324231522891879, 50.83371361437262, 20.693098068237305 ], [ 4.324127232533418, 50.833740729634883, 20.5 ], [ 4.324181173613878, 50.833649736293175, 21.866792678833008 ], [ 4.3240292329526, 50.83366346310487, 20.844228744506836 ], [ 4.324003072610076, 50.83356575360574, 20.971506118774414 ], [ 4.32398532402154, 50.833455994810052, 20.914033889770508 ], [ 4.323855256767422, 50.833457743740745, 22.097686767578125 ], [ 4.323851433508811, 50.83354009472859, 20.532588958740234 ], [ 4.323938028392655, 50.833622996622012, 20.832330703735352 ], [ 4.32392904361932, 50.83369353928483, 22.11113166809082 ], [ 4.323976928296726, 50.833756868088273, 21.817697525024414 ], [ 4.32406455734675, 50.83379539964416, 20.256801605224609 ], [ 4.32415025011354, 50.833835639794671, 20.581987380981445 ], [ 4.324097044247269, 50.83392555733483, 21.277626037597656 ], [ 4.323969213907097, 50.833930181690228, 19.5 ], [ 4.323832840283677, 50.833907702163522, 20.976594924926758 ], [ 4.324003051590732, 50.833851981667387, 21.387435913085938 ] ], [ [ 4.32611523535797, 50.832216511367804, 21.055917739868164 ], [ 4.326109023656218, 50.832144594681665, 22.5 ], [ 4.325965859591773, 50.83218561960809, 21.046005249023438 ], [ 4.325866071472432, 50.832106934999366, 22.5 ], [ 4.325704550808276, 50.832123352960814, 21.0 ], [ 4.325671051663712, 50.832051671007818, 21.128061294555664 ], [ 4.325675531410141, 50.831976969483655, 21.419437408447266 ], [ 4.325738923311405, 50.831923474938534, 21.427932739257812 ], [ 4.325805155600349, 50.831870303911899, 22.899354934692383 ], [ 4.325672047979303, 50.831871709416035, 21.5 ], [ 4.325722276744672, 50.831807623709636, 21.494379043579102 ], [ 4.325831897882038, 50.831790323570452, 22.885917663574219 ], [ 4.325789099492964, 50.831722365826018, 21.43824577331543 ], [ 4.325828150345934, 50.831620259735452, 21.388422012329102 ], [ 4.325903823083111, 50.831713751054082, 22.848936080932617 ], [ 4.325989994168964, 50.831643323154623, 21.262897491455078 ], [ 4.326044492385751, 50.831715133216207, 22.73980712890625 ], [ 4.326162803899082, 50.831742223808504, 21.12553596496582 ], [ 4.326104202211177, 50.831793809209238, 21.144599914550781 ], [ 4.326250084442989, 50.831792199177386, 22.527313232421875 ], [ 4.326251358609873, 50.831715269329528, 21.074100494384766 ], [ 4.326271429120449, 50.831654358570077, 21.122251510620117 ], [ 4.326341704231654, 50.831580138695578, 22.5 ], [ 4.326447812352473, 50.831578111803573, 20.0 ], [ 4.326409506513433, 50.83165527562776, 21.933792114257812 ], [ 4.326443427952965, 50.831731226373158, 21.109838485717773 ], [ 4.326339001058828, 50.831743394165976, 22.071260452270508 ], [ 4.326389291677994, 50.83179312353694, 21.258373260498047 ], [ 4.326337365482575, 50.831842174233842, 21.611383438110352 ], [ 4.326321872013383, 50.831906153515611, 21.497453689575195 ], [ 4.326417973016478, 50.831928190908023, 21.012639999389648 ], [ 4.326536945008888, 50.831923641377301, 19.432832717895508 ], [ 4.326585698921157, 50.832005640546342, 22.150247573852539 ], [ 4.326632165197356, 50.831947747687032, 21.865947723388672 ], [ 4.326792569422022, 50.83199479951702, 22.0 ], [ 4.327028292199076, 50.83201934436773, 22.0 ], [ 4.327178510719931, 50.831971485646008, 21.396129608154297 ], [ 4.327250114561884, 50.8320754983406, 21.5 ], [ 4.327239114930107, 50.832136129486429, 21.454523086547852 ], [ 4.327244114479917, 50.832211370453749, 21.365444183349609 ], [ 4.327238477059343, 50.832298164068249, 21.139127731323242 ], [ 4.327104240616859, 50.832320042389519, 21.027400970458984 ], [ 4.327002045044471, 50.83232280013614, 21.0 ], [ 4.326884713490831, 50.832234833186661, 22.911914825439453 ], [ 4.326831667633149, 50.832310615823083, 21.0 ], [ 4.326759627198123, 50.832230086167833, 22.832448959350586 ], [ 4.326701755301683, 50.832300474206832, 21.0 ], [ 4.326636609364612, 50.8322149749076, 22.573249816894531 ], [ 4.326537067377591, 50.832239337047305, 21.0 ], [ 4.326381422289621, 50.832206837364986, 21.0 ], [ 4.326228377142806, 50.832223828281705, 21.0 ], [ 4.326214056853423, 50.832156810166616, 22.5 ], [ 4.32611523535797, 50.832216511367804, 21.055917739868164 ] ], [ [ 4.326038604769317, 50.832481516717472, 21.053268432617188 ], [ 4.325901099071363, 50.832451021397929, 21.183376312255859 ], [ 4.325777276219937, 50.832499642590953, 21.15321159362793 ], [ 4.325679948331833, 50.832435391015586, 21.388889312744141 ], [ 4.325500022327716, 50.832389149014425, 21.458051681518555 ], [ 4.3256391566631, 50.83235018541329, 21.434991836547852 ], [ 4.325706803390497, 50.832263891283574, 21.252376556396484 ], [ 4.325790048066917, 50.832307929168138, 22.876197814941406 ], [ 4.325878854533167, 50.832268488241915, 21.311670303344727 ], [ 4.326002981625323, 50.832278411378368, 21.278692245483398 ], [ 4.326073830314014, 50.832343715678626, 21.25068473815918 ], [ 4.326212141814484, 50.832335995733146, 21.0 ], [ 4.326141675020536, 50.83239252926591, 22.703125 ], [ 4.326127380462854, 50.832454321958565, 21.093671798706055 ], [ 4.326038604769317, 50.832481516717472, 21.053268432617188 ] ], [ [ 4.325209195824512, 50.832479973759234, 21.480705261230469 ], [ 4.325138927964903, 50.832561469614866, 21.499238967895508 ], [ 4.325221863223447, 50.832638041574391, 21.383079528808594 ], [ 4.325213690287316, 50.832734516783702, 21.449522018432617 ], [ 4.325133615399813, 50.832816752831853, 22.678321838378906 ], [ 4.325168932387602, 50.832882157127045, 19.5 ], [ 4.324992634937151, 50.832889525466406, 20.715764999389648 ], [ 4.324951994594527, 50.832822907563738, 20.817663192749023 ], [ 4.32476990527124, 50.832699397788524, 20.629640579223633 ], [ 4.324485886478681, 50.832717297497609, 20.445018768310547 ], [ 4.32452458142885, 50.832541343148471, 21.122817993164062 ], [ 4.324208631196838, 50.832684587807769, 20.5 ], [ 4.323976503401163, 50.83276132394392, 20.5 ], [ 4.323815661122127, 50.832630468880197, 20.5 ], [ 4.323799715555601, 50.832515102171691, 19.896093368530273 ], [ 4.323834912149302, 50.832401459779682, 20.519901275634766 ], [ 4.323950038764541, 50.832244868759766, 21.275617599487305 ], [ 4.324328649040243, 50.832086805314646, 21.199357986450195 ], [ 4.324556504026145, 50.832135948639262, 21.37835693359375 ], [ 4.324553809319646, 50.832364657456203, 21.5 ], [ 4.32478226514398, 50.832399588345709, 21.159618377685547 ], [ 4.324872416302293, 50.832472752068739, 21.337251663208008 ], [ 4.324889671916237, 50.832361898309067, 21.332391738891602 ], [ 4.324766546351753, 50.832301400400262, 21.328668594360352 ], [ 4.32490595491443, 50.832257292286101, 21.421390533447266 ], [ 4.32507477038361, 50.832223435738335, 21.5 ], [ 4.325309492124412, 50.832267375993112, 21.5 ], [ 4.325500022327716, 50.832389149014425, 21.458051681518555 ], [ 4.325209195824512, 50.832479973759234, 21.480705261230469 ] ], [ [ 4.325279412067447, 50.832821706127049, 21.261510848999023 ], [ 4.325375298755341, 50.832714208430808, 21.227487564086914 ], [ 4.32543021295831, 50.832832672387013, 21.308099746704102 ], [ 4.325463809854822, 50.83290676279865, 22.551479339599609 ], [ 4.325560293727593, 50.832953759248923, 21.171079635620117 ], [ 4.325544518008312, 50.833030965576498, 21.0 ], [ 4.325442529793221, 50.832987501449963, 22.502470016479492 ], [ 4.325388987900148, 50.833066206577513, 21.0 ], [ 4.325240277754894, 50.833098944305718, 22.098852157592773 ], [ 4.325213426319032, 50.833187839710966, 20.713703155517578 ], [ 4.325116080423954, 50.833091515299877, 20.532907485961914 ], [ 4.325065634067079, 50.833012379464101, 21.5 ], [ 4.32508747414757, 50.832928166531367, 20.0 ], [ 4.325212412665953, 50.832945559001274, 21.0 ], [ 4.325342112076509, 50.832905209570704, 21.788131713867188 ], [ 4.325168932387602, 50.832882157127045, 19.5 ], [ 4.325279412067447, 50.832821706127049, 21.261510848999023 ] ], [ [ 4.324285114221269, 50.836564895237117, 19.651611328125 ], [ 4.324201134386469, 50.836598532212641, 19.573060989379883 ], [ 4.324193423504163, 50.836525294719117, 19.931650161743164 ], [ 4.324186040379477, 50.836455169969767, 20.229854583740234 ], [ 4.324285114221269, 50.836564895237117, 19.651611328125 ] ], [ [ 4.324100759827743, 50.835499452126669, 20.324447631835938 ], [ 4.323997093672902, 50.835457903554122, 19.211536407470703 ], [ 4.324103421795664, 50.8354241539434, 20.661056518554688 ], [ 4.323987830340605, 50.835362160505262, 19.308601379394531 ], [ 4.323944990593861, 50.83530817367798, 19.393011093139648 ], [ 4.323919910851418, 50.83520933861594, 21.0 ], [ 4.323802626481314, 50.835168946316514, 19.5 ], [ 4.323795879334197, 50.835075649667239, 21.0 ], [ 4.323736973725611, 50.834958403121163, 21.0 ], [ 4.323659295655694, 50.834911563850824, 19.5 ], [ 4.323642138814909, 50.834771283689186, 19.5 ], [ 4.32359615331364, 50.834642395464428, 19.5 ], [ 4.323548195731314, 50.834523918603537, 19.5 ], [ 4.32352954427004, 50.834423530670129, 21.0 ], [ 4.323442950630254, 50.834377835645512, 19.5 ], [ 4.323514877477852, 50.834322877768585, 21.0 ], [ 4.323399745200956, 50.834306588682686, 19.5 ], [ 4.323521992413897, 50.834248307209442, 21.0 ], [ 4.323396055775415, 50.834209715866791, 19.5 ], [ 4.323418605881586, 50.834122276807875, 21.0 ], [ 4.323301502852241, 50.834058863580914, 19.5 ], [ 4.323402342033037, 50.834017586803824, 20.985263824462891 ], [ 4.323509600620514, 50.834051764138337, 19.446706771850586 ], [ 4.323561193084686, 50.834134076115305, 21.0 ], [ 4.323670816126995, 50.834179148524861, 21.0 ], [ 4.32379543900449, 50.834204098143054, 19.5 ], [ 4.323908235559978, 50.834263945284917, 19.500314712524414 ], [ 4.323906184587428, 50.834345988791107, 21.168062210083008 ], [ 4.323995577311866, 50.834369609028215, 19.638477325439453 ], [ 4.324039722337598, 50.834424207570741, 21.233007431030273 ], [ 4.324120336729057, 50.83438046945669, 19.59870719909668 ], [ 4.324132070815937, 50.834465843206786, 21.043825149536133 ], [ 4.324244487608841, 50.834475097398943, 19.470767974853516 ], [ 4.324197762775279, 50.834532615936439, 20.936868667602539 ], [ 4.324368874670125, 50.834553385767855, 19.372705459594727 ], [ 4.324346412067207, 50.834639761567992, 20.813116073608398 ], [ 4.324490249166724, 50.834678107671614, 20.742252349853516 ], [ 4.324615161422225, 50.834724773547691, 19.201723098754883 ], [ 4.324625837638961, 50.834810779363174, 20.623735427856445 ], [ 4.324724049790545, 50.834811958607823, 19.192905426025391 ], [ 4.324817920852782, 50.834884871947878, 20.811431884765625 ], [ 4.32482733033142, 50.834948517099498, 20.877080917358398 ], [ 4.324988620594068, 50.834896490005818, 19.5 ], [ 4.324956408819085, 50.834976241470137, 21.0 ], [ 4.325046072824263, 50.835013502581411, 19.5 ], [ 4.325077914538383, 50.835078354692975, 21.0 ], [ 4.325217736938726, 50.835109476685972, 19.688375473022461 ], [ 4.325335255803388, 50.83514464661053, 19.910404205322266 ], [ 4.325242103752761, 50.835202052649976, 19.77008056640625 ], [ 4.32514223795416, 50.83529680446474, 19.614486694335938 ], [ 4.325013973672162, 50.83530675556657, 21.039411544799805 ], [ 4.325021407145393, 50.835390613654333, 19.665559768676758 ], [ 4.324910901520416, 50.835359615229237, 21.025020599365234 ], [ 4.324945368661021, 50.835432972883062, 19.673528671264648 ], [ 4.324845129949206, 50.835423826196021, 21.082494735717773 ], [ 4.324791216825208, 50.835518846810814, 19.636419296264648 ], [ 4.324640705721652, 50.835532001250094, 21.0 ], [ 4.324570554582161, 50.835617345793565, 19.491456985473633 ], [ 4.324493572603294, 50.835661572658246, 19.423200607299805 ], [ 4.324348875728722, 50.835694288603989, 20.790712356567383 ], [ 4.324248819243046, 50.835755217067678, 19.366447448730469 ], [ 4.324154053920206, 50.835690985699657, 20.610860824584961 ], [ 4.324054562201569, 50.83563032912663, 19.197610855102539 ], [ 4.324159606040496, 50.835567621807058, 20.512603759765625 ], [ 4.324100759827743, 50.835499452126669, 20.324447631835938 ] ], [ [ 4.323460105098365, 50.839215451278335, 19.5 ], [ 4.323443436175343, 50.839112654687526, 19.5 ], [ 4.323536214290804, 50.839037837116507, 19.5 ], [ 4.323666778618126, 50.838990784168352, 21.0 ], [ 4.323666683893411, 50.838912507996838, 19.408109664916992 ], [ 4.323715135290434, 50.838840916744616, 19.150100708007812 ], [ 4.323819701792338, 50.838845457016923, 19.0 ], [ 4.323869642639533, 50.838903806090642, 20.5 ], [ 4.323982897850744, 50.838932359240573, 20.437128067016602 ], [ 4.323900705345125, 50.839055801677254, 18.0 ], [ 4.323792193280741, 50.839080809828147, 20.996801376342773 ], [ 4.323805608034153, 50.839173312226563, 19.581686019897461 ], [ 4.32388085521113, 50.839243179785683, 20.058881759643555 ], [ 4.323800927220848, 50.839288273032672, 19.16270637512207 ], [ 4.323765833390343, 50.839230181617054, 20.348615646362305 ], [ 4.323660175858802, 50.839289068513203, 19.357978820800781 ], [ 4.32367928590328, 50.839200767314459, 20.702775955200195 ], [ 4.323570326864714, 50.839211887131505, 19.497289657592773 ], [ 4.323460105098365, 50.839215451278335, 19.5 ] ], [ [ 4.323937713066445, 50.839185745701748, 18.0 ], [ 4.323981647549099, 50.839266019222542, 20.11248779296875 ], [ 4.324085179771813, 50.839255903549926, 19.5 ], [ 4.324082280841223, 50.83932221010042, 19.778921127319336 ], [ 4.323957508385191, 50.839349589957841, 18.976938247680664 ], [ 4.32388085521113, 50.839243179785683, 20.058881759643555 ], [ 4.323937713066445, 50.839185745701748, 18.0 ] ], [ [ 4.322613983771707, 50.83847772245354, 19.045787811279297 ], [ 4.322698839324143, 50.838510200568962, 20.5 ], [ 4.322685374436619, 50.838575057423576, 18.775356292724609 ], [ 4.322613983771707, 50.83847772245354, 19.045787811279297 ] ], [ [ 4.322994829427507, 50.839176365822226, 19.596845626831055 ], [ 4.323084399235816, 50.839392010935441, 19.417259216308594 ], [ 4.322852560841965, 50.839276906622914, 19.776147842407227 ], [ 4.322994829427507, 50.839176365822226, 19.596845626831055 ] ], [ [ 4.322646623044938, 50.839987506568079, 19.459901809692383 ], [ 4.322634210778078, 50.839925943148074, 19.489728927612305 ], [ 4.322712547673608, 50.839861384636052, 19.467103958129883 ], [ 4.322728829833131, 50.839942142798307, 20.879360198974609 ], [ 4.322813987062683, 50.839911411068464, 19.323696136474609 ], [ 4.322741242425963, 50.840003706050766, 19.371601104736328 ], [ 4.322646623044938, 50.839987506568079, 19.459901809692383 ] ], [ [ 4.323957883724179, 50.837576200144021, 19.687654495239258 ], [ 4.324073535109896, 50.837641278684629, 19.611848831176758 ], [ 4.323974423335543, 50.837664194121764, 19.723953247070312 ], [ 4.323957883724179, 50.837576200144021, 19.687654495239258 ] ], [ [ 4.323979772809378, 50.837738263019844, 19.645606994628906 ], [ 4.323921053987648, 50.837833886335275, 19.556325912475586 ], [ 4.323741506947563, 50.837812994260801, 20.142057418823242 ], [ 4.323868160810685, 50.83776068611364, 19.844097137451172 ], [ 4.323878323972274, 50.837693466946327, 19.820901870727539 ], [ 4.323974423335543, 50.837664194121764, 19.723953247070312 ], [ 4.323979772809378, 50.837738263019844, 19.645606994628906 ] ], [ [ 4.32441255703119, 50.837457977764835, 20.5 ], [ 4.324508776947416, 50.837456791634565, 20.5 ], [ 4.324565808446097, 50.837407704841425, 19.0 ], [ 4.324701122184674, 50.837362775289606, 19.0 ], [ 4.324786472878954, 50.837414499349947, 20.5 ], [ 4.324795969831954, 50.837318175105459, 19.0 ], [ 4.324918678552608, 50.837371375739401, 19.0 ], [ 4.325033591558156, 50.837425963419776, 19.0 ], [ 4.324892031109629, 50.837441438898956, 20.5 ], [ 4.324795119256789, 50.83750876488913, 19.0 ], [ 4.324680652715648, 50.837533811338652, 19.0 ], [ 4.32456878233071, 50.837504435445673, 20.5 ], [ 4.32446763759057, 50.837564109376309, 18.875049591064453 ], [ 4.324378216859368, 50.837630869120765, 19.023433685302734 ], [ 4.324329678475927, 50.837569726562407, 19.775669097900391 ], [ 4.324211364575239, 50.837539017264106, 19.925811767578125 ], [ 4.324239994775918, 50.837460104617065, 18.840843200683594 ], [ 4.324327562569409, 50.837500899879188, 20.5 ], [ 4.32441255703119, 50.837457977764835, 20.5 ] ], [ [ 4.324845745390622, 50.838273779035404, 19.227874755859375 ], [ 4.324750818947279, 50.8382375967782, 19.060218811035156 ], [ 4.32476338315013, 50.838171884589627, 20.5 ], [ 4.324661528678127, 50.838189787471585, 17.898107528686523 ], [ 4.324730537781626, 50.838109044713867, 20.5 ], [ 4.324601139135558, 50.838106320867269, 17.225824356079102 ], [ 4.324696450531484, 50.838050835641788, 20.5 ], [ 4.324608063618872, 50.838023969321441, 18.875131607055664 ], [ 4.324536547441308, 50.837969942107314, 18.76324462890625 ], [ 4.32458101582468, 50.837905314233808, 20.5 ], [ 4.324477321735799, 50.837900328079854, 18.846181869506836 ], [ 4.3245852515273, 50.837839519163794, 20.482391357421875 ], [ 4.324455584109621, 50.837809890084053, 18.447608947753906 ], [ 4.324547854421104, 50.837745038247327, 20.117149353027344 ], [ 4.324629421049982, 50.83768517840948, 18.169458389282227 ], [ 4.324661535766187, 50.837754937313193, 20.5 ], [ 4.324754131046008, 50.837681333943479, 19.0 ], [ 4.324876343470952, 50.837630108062427, 19.0 ], [ 4.324993190567453, 50.837644272639189, 20.5 ], [ 4.325005718426701, 50.837733346694336, 20.5 ], [ 4.325149031729166, 50.837787017559123, 19.0 ], [ 4.325123912635245, 50.837867234902284, 20.5 ], [ 4.325163552798745, 50.837945066393551, 20.5 ], [ 4.325219611551212, 50.838010168304123, 19.0 ], [ 4.325235953597217, 50.838099335651762, 20.5 ], [ 4.325293946912065, 50.83816446439036, 18.981094360351562 ], [ 4.325053311131322, 50.838132042416909, 19.0 ], [ 4.324951057148827, 50.838164569459522, 19.0 ], [ 4.324959842708272, 50.838241910996892, 19.108024597167969 ], [ 4.324854910288793, 50.838203861485546, 20.5 ], [ 4.324845745390622, 50.838273779035404, 19.227874755859375 ] ], [ [ 4.324785300494614, 50.839230171084424, 19.0 ], [ 4.324781273535566, 50.839314393062153, 19.0 ], [ 4.324690078945812, 50.839347927549603, 19.0 ], [ 4.324646918312006, 50.839408854102189, 19.070619583129883 ], [ 4.324590896118901, 50.839478235429148, 20.5 ], [ 4.324453342552694, 50.839492815944361, 18.828712463378906 ], [ 4.324369872661712, 50.839438240620524, 19.701326370239258 ], [ 4.324472124411722, 50.839341573829486, 19.676530838012695 ], [ 4.324539390826018, 50.839239825421416, 19.835929870605469 ], [ 4.324556639774832, 50.839168424568626, 20.074331283569336 ], [ 4.324671812833487, 50.839106968048171, 19.0 ], [ 4.324706694592882, 50.839176643764894, 20.5 ], [ 4.324785300494614, 50.839230171084424, 19.0 ] ], [ [ 4.324943021481907, 50.836947815635753, 20.532123565673828 ], [ 4.324846068215678, 50.836883689950277, 19.020156860351562 ], [ 4.32481193527991, 50.836793909656329, 19.135410308837891 ], [ 4.324768139137253, 50.83668205362239, 20.852825164794922 ], [ 4.324665203027483, 50.836690159702478, 19.259843826293945 ], [ 4.324703978637412, 50.836621479767494, 21.0 ], [ 4.324678173626959, 50.836550396384411, 21.0 ], [ 4.32455425577588, 50.836536916301817, 19.5 ], [ 4.324643800509818, 50.836481024834939, 21.0 ], [ 4.324545723374415, 50.836443222015554, 19.5 ], [ 4.324458244419695, 50.836371989280494, 19.5 ], [ 4.324542392040321, 50.836263865780218, 21.0 ], [ 4.324430479071022, 50.836199282798134, 19.5 ], [ 4.32455700728779, 50.836182536831238, 19.5 ], [ 4.324687671938142, 50.836203960355107, 21.0 ], [ 4.324768734907217, 50.836141048241331, 19.5 ], [ 4.324900370155236, 50.836225753183307, 21.0 ], [ 4.324980534260254, 50.836166699636955, 19.5 ], [ 4.325102750337361, 50.83615805862707, 19.5 ], [ 4.325176697112307, 50.836219664266352, 19.5 ], [ 4.325155660935208, 50.836295890884386, 21.0 ], [ 4.325146419823928, 50.836366801613394, 21.0 ], [ 4.325182799556416, 50.836440236066196, 19.5 ], [ 4.325176013442642, 50.83654857426756, 21.0 ], [ 4.325297894983099, 50.836629658083702, 19.141950607299805 ], [ 4.325307493172067, 50.83670778111496, 20.587926864624023 ], [ 4.325437929258898, 50.836746907853581, 19.093509674072266 ], [ 4.325543602031923, 50.836829332777413, 19.08228874206543 ], [ 4.32551721167926, 50.836907306723973, 19.0 ], [ 4.325411757813968, 50.836946957283914, 19.0 ], [ 4.325314374859049, 50.836870521006468, 20.510313034057617 ], [ 4.325171129797404, 50.836867981536379, 20.635831832885742 ], [ 4.325256985452607, 50.836940634677731, 19.239892959594727 ], [ 4.32522059538803, 50.837009753757265, 20.949949264526367 ], [ 4.325262653208887, 50.837102705382343, 19.112941741943359 ], [ 4.325158710758811, 50.837071176717572, 20.636440277099609 ], [ 4.325163297240987, 50.837153035813358, 19.0 ], [ 4.325062775065676, 50.8371014833508, 20.5 ], [ 4.324980120284556, 50.837144721288141, 19.0 ], [ 4.324974148186161, 50.83706328150609, 20.5 ], [ 4.324895009564062, 50.837012420446811, 19.0 ], [ 4.324943021481907, 50.836947815635753, 20.532123565673828 ] ], [ [ 4.324564875482599, 50.837092851457783, 19.0 ], [ 4.324678169259631, 50.83709711478992, 19.0 ], [ 4.324611914408752, 50.837197358323266, 20.5 ], [ 4.324737155336785, 50.837229138726514, 19.0 ], [ 4.324647189267961, 50.837256458647175, 19.0 ], [ 4.324509678427603, 50.837255596870726, 19.0 ], [ 4.32448174075808, 50.837170830946128, 20.5 ], [ 4.324364721963859, 50.837241118218472, 19.0 ], [ 4.324349537138571, 50.837148692396873, 19.0 ], [ 4.324564875482599, 50.837092851457783, 19.0 ] ], [ [ 4.325279983258059, 50.838539192768465, 18.684104919433594 ], [ 4.325389700196139, 50.838555519041563, 20.074928283691406 ], [ 4.325480726466295, 50.838500785542472, 18.505874633789062 ], [ 4.325510266152875, 50.838609793459533, 19.939292907714844 ], [ 4.325620982109189, 50.838625420115442, 18.34290885925293 ], [ 4.325495008803558, 50.838668066748347, 19.931587219238281 ], [ 4.32558001284649, 50.838692397883733, 18.378463745117188 ], [ 4.325538848584947, 50.838763847824779, 20.003555297851562 ], [ 4.325416341093288, 50.838800780021259, 20.111661911010742 ], [ 4.325280671358688, 50.83879956212801, 18.672409057617188 ], [ 4.325349661071208, 50.83874858046925, 20.061883926391602 ], [ 4.325278345127543, 50.838675304397917, 20.132862091064453 ], [ 4.325202232491534, 50.838590858284235, 20.227571487426758 ], [ 4.325279983258059, 50.838539192768465, 18.684104919433594 ] ], [ [ 4.324572956028111, 50.833933459737885, 21.21058464050293 ], [ 4.324391850154219, 50.833913712809796, 20.867851257324219 ], [ 4.32424361245744, 50.83391130235136, 20.626588821411133 ], [ 4.324322761936927, 50.833788437274634, 21.183296203613281 ], [ 4.324549213955597, 50.833677855993336, 21.0 ], [ 4.324608742951631, 50.833805105750315, 21.033470153808594 ], [ 4.324572956028111, 50.833933459737885, 21.21058464050293 ] ], [ [ 4.324749157198977, 50.833900403034178, 20.970239639282227 ], [ 4.324708487337261, 50.83401395252973, 21.099092483520508 ], [ 4.324572956028111, 50.833933459737885, 21.21058464050293 ], [ 4.324749157198977, 50.833900403034178, 20.970239639282227 ] ], [ [ 4.325528811434363, 50.832813932517361, 21.001575469970703 ], [ 4.325624870431891, 50.832837372206065, 22.665842056274414 ], [ 4.325533294100419, 50.832748802128364, 21.010530471801758 ], [ 4.325697566012285, 50.832768436777677, 21.0 ], [ 4.325791553506985, 50.832826131972404, 21.159795761108398 ], [ 4.325945084813293, 50.832871436445743, 21.163961410522461 ], [ 4.325701618184268, 50.832915713810777, 21.326171875 ], [ 4.325562359390658, 50.832888840502157, 21.167266845703125 ], [ 4.325528811434363, 50.832813932517361, 21.001575469970703 ] ], [ [ 4.326483276633266, 50.83098574076444, 21.696651458740234 ], [ 4.326521091416752, 50.831050497140545, 21.949151992797852 ], [ 4.326445262215865, 50.831112352755163, 21.755613327026367 ], [ 4.326334051416315, 50.831145595959867, 21.538949966430664 ], [ 4.32625270433938, 50.831002693865621, 21.5 ], [ 4.326377716285631, 50.83104727071504, 21.783100128173828 ], [ 4.32636596894843, 50.830941874602111, 21.52287483215332 ], [ 4.326483276633266, 50.83098574076444, 21.696651458740234 ] ], [ [ 4.327973762062305, 50.833003081192047, 21.5 ], [ 4.327934049133233, 50.832922085910447, 21.5 ], [ 4.327855573564562, 50.832880445199748, 21.5 ], [ 4.327768094333858, 50.832825697865182, 21.374135971069336 ], [ 4.327717615981896, 50.832754673680178, 21.222043991088867 ], [ 4.327627012892505, 50.832680032902267, 21.0 ], [ 4.327513702588888, 50.832619088267919, 21.0 ], [ 4.327625324795398, 50.832571448765819, 22.5 ], [ 4.327744463915711, 50.832531776263195, 21.0 ], [ 4.327747324779356, 50.832607465606593, 22.5 ], [ 4.327860951910677, 50.832548807784157, 21.0 ], [ 4.327876240073822, 50.832641138843634, 22.564203262329102 ], [ 4.328005929378224, 50.832673598527343, 21.185394287109375 ], [ 4.327996102698394, 50.832596004271551, 21.011896133422852 ], [ 4.32811097973501, 50.832633178960499, 22.551084518432617 ], [ 4.328238344717109, 50.832620187767276, 21.0 ], [ 4.328389733444054, 50.832677859093018, 22.568830490112305 ], [ 4.328488564364254, 50.832682999841985, 22.55552864074707 ], [ 4.328593475519362, 50.832658882911836, 21.0 ], [ 4.328605548403247, 50.832730151404299, 22.595430374145508 ], [ 4.328704121035555, 50.832668149474657, 21.0 ], [ 4.32874120295144, 50.832749147704646, 22.59303092956543 ], [ 4.328816259316125, 50.832677005225477, 21.0 ], [ 4.328873358292605, 50.83273876362454, 22.570539474487305 ], [ 4.329021004475646, 50.832756380187703, 22.622808456420898 ], [ 4.329121357073693, 50.832776638984384, 22.628696441650391 ], [ 4.329257205229034, 50.832770512964096, 21.000156402587891 ], [ 4.329349555394194, 50.832798366536096, 21.075498580932617 ], [ 4.329443502903057, 50.832772744697692, 21.0 ], [ 4.329532640141044, 50.832850036506159, 22.672592163085938 ], [ 4.329540834702765, 50.832786986875448, 21.0 ], [ 4.329663966858308, 50.832877469095536, 21.165914535522461 ], [ 4.329688846414816, 50.832953467071754, 21.307279586791992 ], [ 4.329588963839204, 50.832938852356634, 22.867053985595703 ], [ 4.329534850716926, 50.833031359122053, 21.5 ], [ 4.329394181830443, 50.833002040497938, 23.0 ], [ 4.329412549229092, 50.833084242534916, 21.5 ], [ 4.329292511376136, 50.833053075054522, 23.0 ], [ 4.329223411202275, 50.833137568010848, 21.5 ], [ 4.329140451292404, 50.833108722984157, 23.0 ], [ 4.329053840457218, 50.833132883897221, 23.0 ], [ 4.329012020181281, 50.833208475433679, 21.5 ], [ 4.328898510861564, 50.833176214336774, 23.0 ], [ 4.328821344590679, 50.833252753775483, 21.5 ], [ 4.328709391655653, 50.833234827837018, 23.0 ], [ 4.328707472703622, 50.833307945886958, 21.5 ], [ 4.328607030827563, 50.833270319528474, 23.0 ], [ 4.328608428737904, 50.833341400167463, 21.5 ], [ 4.328463226848062, 50.833349566318617, 21.5 ], [ 4.328338748416909, 50.833294376769864, 21.5 ], [ 4.328360905233732, 50.833215401656112, 23.0 ], [ 4.328236662194266, 50.833179307502192, 21.5 ], [ 4.328168226641266, 50.833125172554652, 21.5 ], [ 4.328067977902011, 50.833063354019743, 21.5 ], [ 4.327973762062305, 50.833003081192047, 21.5 ] ], [ [ 4.328015714243766, 50.832276108289598, 21.384794235229492 ], [ 4.327926594214189, 50.832256928231295, 21.214057922363281 ], [ 4.327766764746563, 50.83222253040676, 22.733425140380859 ], [ 4.327613359197688, 50.832199958145765, 22.771493911743164 ], [ 4.327640606874967, 50.832136196721748, 22.85508918762207 ], [ 4.327567307291053, 50.832089202485911, 21.425737380981445 ], [ 4.327712569278273, 50.832067435565193, 21.446012496948242 ], [ 4.327811361315478, 50.831996567451704, 21.461391448974609 ], [ 4.327981180792632, 50.832015011769684, 21.5 ], [ 4.328068138309705, 50.832057159792782, 21.5 ], [ 4.328169575024477, 50.832031036171237, 21.5 ], [ 4.328306280415203, 50.832098037115486, 21.5 ], [ 4.328443264518947, 50.83208306179835, 21.435827255249023 ], [ 4.328559258906093, 50.832079154206731, 21.5 ], [ 4.328626609185198, 50.832191927023644, 22.5 ], [ 4.328766913018684, 50.832168808558642, 21.0 ], [ 4.328930137421312, 50.832151611706657, 22.157503128051758 ], [ 4.32882363941624, 50.832102466438911, 21.0 ], [ 4.32895280264468, 50.832069404796975, 22.216924667358398 ], [ 4.328898009692507, 50.831988287870153, 21.702581405639648 ], [ 4.328911257851213, 50.831890867551927, 23.943241119384766 ], [ 4.328792652256578, 50.831933469737244, 20.377290725708008 ], [ 4.328776160173843, 50.831843526500123, 21.5 ], [ 4.328602608296366, 50.83186232693928, 21.329849243164062 ], [ 4.328618167687551, 50.831794020105292, 23.0 ], [ 4.328490687238434, 50.831835226513348, 21.5 ], [ 4.328448274813852, 50.831764255826741, 22.898143768310547 ], [ 4.328320113102802, 50.831826776905409, 21.41337776184082 ], [ 4.328350591979803, 50.831767890893836, 22.830982208251953 ], [ 4.328250971631336, 50.831786095320659, 21.29456901550293 ], [ 4.328119428739382, 50.831738579156564, 21.118324279785156 ], [ 4.32814979596044, 50.831668919136014, 22.601951599121094 ], [ 4.328120952629342, 50.831563191481358, 21.047597885131836 ], [ 4.328040013055536, 50.83149070929754, 22.680475234985352 ], [ 4.327930349476325, 50.831535707937817, 20.38416862487793 ], [ 4.327799329667435, 50.831495151459656, 21.0 ], [ 4.327932839158807, 50.83144336546404, 23.063381195068359 ], [ 4.327832492312528, 50.83143452402058, 21.240625381469727 ], [ 4.327882609251462, 50.831366224831811, 21.36924934387207 ], [ 4.327952997724346, 50.831283029474058, 21.11627197265625 ], [ 4.328101244427438, 50.831341996639502, 21.301721572875977 ], [ 4.328195300768454, 50.83136069262676, 21.289695739746094 ], [ 4.328282177100754, 50.831331187109868, 21.089614868164062 ], [ 4.328366718928486, 50.831377316230089, 21.5 ], [ 4.328441701341189, 50.831429656651245, 21.5 ], [ 4.328611195522636, 50.83147108650531, 23.0 ], [ 4.328748678422915, 50.831398880939659, 21.5 ], [ 4.328722555758504, 50.831495611184906, 23.0 ], [ 4.328823629808665, 50.831457167949026, 21.5 ], [ 4.328929603802866, 50.831511219885385, 23.0 ], [ 4.329053656633546, 50.831480343931474, 21.5 ], [ 4.32917354407498, 50.831517233302208, 21.5 ], [ 4.329272200845811, 50.831485074775976, 21.5 ], [ 4.329329649864899, 50.831546977087605, 21.5 ], [ 4.329267625384395, 50.831641283969986, 21.5 ], [ 4.329339008540379, 50.831726375100949, 23.0 ], [ 4.3294176954919, 50.831657148422188, 21.5 ], [ 4.329458624071751, 50.83172835563262, 21.5 ], [ 4.329394726042108, 50.831826436496371, 21.5 ], [ 4.329408531762189, 50.831904677968893, 21.5 ], [ 4.329241105728728, 50.832009172419831, 21.297517776489258 ], [ 4.329170049138889, 50.832057430584562, 21.229021072387695 ], [ 4.329189123430254, 50.832122298980472, 21.278940200805664 ], [ 4.329037363075638, 50.832200118369208, 22.607213973999023 ], [ 4.329122661685041, 50.832234045751122, 21.24311637878418 ], [ 4.329091702585186, 50.832294747544609, 21.456573486328125 ], [ 4.3289995971427, 50.83234276747099, 22.847446441650391 ], [ 4.329130012958927, 50.832383653800889, 21.177083969116211 ], [ 4.328967104109399, 50.832415463933927, 22.713626861572266 ], [ 4.329070829695587, 50.832445301772808, 21.082330703735352 ], [ 4.328957652909763, 50.832515865266991, 22.5 ], [ 4.328945274321856, 50.832578731084418, 21.0 ], [ 4.328799735871372, 50.832518005657114, 22.5 ], [ 4.328734562787161, 50.832588642282978, 21.0 ], [ 4.328646596746208, 50.832493498126446, 22.296535491943359 ], [ 4.328534783652605, 50.832518483746895, 21.170803070068359 ], [ 4.328433564857749, 50.832479375612799, 21.38787841796875 ], [ 4.328429289938343, 50.832394327536676, 21.5 ], [ 4.328352232901032, 50.832322167473698, 21.5 ], [ 4.32822934061032, 50.832283033065579, 23.0 ], [ 4.328152567937829, 50.832330024053462, 21.5 ], [ 4.328045873327346, 50.832332574517039, 21.36589241027832 ], [ 4.328015714243766, 50.832276108289598, 21.384794235229492 ] ], [ [ 4.327504781155217, 50.832158846903582, 21.345542907714844 ], [ 4.327465914411747, 50.832235086300983, 21.238792419433594 ], [ 4.327324743445154, 50.832164129455812, 21.330286026000977 ], [ 4.327408666012097, 50.832078159795991, 21.469306945800781 ], [ 4.327381737337364, 50.832004006433877, 21.429557800292969 ], [ 4.327501883784874, 50.832003609821832, 21.443925857543945 ], [ 4.327567307291053, 50.832089202485911, 21.425737380981445 ], [ 4.327504781155217, 50.832158846903582, 21.345542907714844 ] ], [ [ 4.330231106747696, 50.831889087025367, 21.0 ], [ 4.330302940478157, 50.831950489824479, 21.0 ], [ 4.3303178183426, 50.83202324877994, 21.0 ], [ 4.33020263769761, 50.832015379185442, 21.396755218505859 ], [ 4.330121580057205, 50.831940476248448, 21.215003967285156 ], [ 4.330231106747696, 50.831889087025367, 21.0 ] ], [ [ 4.327859653741992, 50.840811423152395, 18.400217056274414 ], [ 4.3278777422323, 50.840745045124763, 19.974946975708008 ], [ 4.32773975788689, 50.840703851371138, 19.960226058959961 ], [ 4.327772953394422, 50.840648154222897, 18.5 ], [ 4.327866968830408, 50.840648693625063, 20.0 ], [ 4.3279505004805, 50.840548879358046, 20.0 ], [ 4.328100491112891, 50.840487717095144, 20.0 ], [ 4.328102413764972, 50.840403073767959, 18.5 ], [ 4.328257391663138, 50.840377016970116, 20.0 ], [ 4.328252057748252, 50.840298218918342, 18.5 ], [ 4.328362426773058, 50.840293959865029, 19.767421722412109 ], [ 4.328337113237059, 50.840226903528915, 18.45466423034668 ], [ 4.328446031529004, 50.840244819893286, 20.0 ], [ 4.328438314650468, 50.840181374212364, 18.5 ], [ 4.328501903950833, 50.840132098995291, 18.5 ], [ 4.328657383826634, 50.840101800937362, 20.0 ], [ 4.328694804160698, 50.840026510937122, 20.0 ], [ 4.328784846390516, 50.8399770925691, 20.0 ], [ 4.32889691589217, 50.839952583839668, 20.0 ], [ 4.328907785578187, 50.839867317162728, 20.0 ], [ 4.329047935937331, 50.839808921019113, 20.0 ], [ 4.329095202442515, 50.839738445316044, 18.668325424194336 ], [ 4.32922167376053, 50.839729625201677, 18.618154525756836 ], [ 4.32916323303671, 50.839801745945856, 20.0 ], [ 4.329279085299549, 50.839801521969896, 18.513025283813477 ], [ 4.329277368295059, 50.839879944458197, 20.463596343994141 ], [ 4.329417419441469, 50.839903311185687, 20.0 ], [ 4.329473393629065, 50.839957276159772, 20.0 ], [ 4.329517497776782, 50.840038873100987, 18.5 ], [ 4.329421908888248, 50.840083356397557, 20.0 ], [ 4.329334514856473, 50.840111260790408, 19.924062728881836 ], [ 4.329241616078452, 50.840037676480044, 18.418256759643555 ], [ 4.329382683147061, 50.840026576988045, 20.0 ], [ 4.329342083241002, 50.839946818579222, 20.0 ], [ 4.32920975093615, 50.839945657194043, 20.5 ], [ 4.329130547522126, 50.840004874893189, 20.0 ], [ 4.329095449462807, 50.840084680398434, 18.5 ], [ 4.3290108357429, 50.840021494712317, 20.0 ], [ 4.328970764750443, 50.840097314866838, 20.0 ], [ 4.328881600140719, 50.840153927533116, 20.0 ], [ 4.328736232963628, 50.840230142220548, 20.0 ], [ 4.328652853489706, 50.840269938566159, 20.0 ], [ 4.328704108798797, 50.840327538297082, 18.5 ], [ 4.328721681962103, 50.840421394784791, 20.0 ], [ 4.328844669619087, 50.840367835408024, 18.498065948486328 ], [ 4.328830640213772, 50.840438311943466, 20.0 ], [ 4.3289425425702, 50.840443363533979, 18.5 ], [ 4.32887770143278, 50.840519786343968, 20.0 ], [ 4.32902057550387, 50.840501005005919, 18.5 ], [ 4.329098331725992, 50.840558796251464, 18.5 ], [ 4.329172396413083, 50.840644451914017, 20.0 ], [ 4.329318268940416, 50.840689403502239, 18.445287704467773 ], [ 4.329305460619799, 50.840776079132844, 20.0 ], [ 4.329416144191509, 50.84073098256426, 20.0 ], [ 4.32948770141814, 50.840671682183036, 20.0 ], [ 4.32960660300914, 50.840651281011255, 18.5 ], [ 4.32971361818606, 50.840710007405626, 18.5 ], [ 4.329729648451367, 50.840647509077243, 18.5 ], [ 4.329687759066191, 50.840582198766647, 20.0 ], [ 4.329795830454771, 50.840565272463749, 20.0 ], [ 4.329912663756394, 50.840510078045476, 20.330541610717773 ], [ 4.329972704434011, 50.840437754645365, 18.560722351074219 ], [ 4.330014747689949, 50.840498610723309, 20.318338394165039 ], [ 4.330143812104021, 50.840546439874927, 20.0 ], [ 4.3300323815181, 50.840563300899973, 20.217584609985352 ], [ 4.329988576089478, 50.840651671651536, 20.0 ], [ 4.329879298664136, 50.84076782464345, 18.5 ], [ 4.329810409175156, 50.84072591707973, 20.0 ], [ 4.329828017569948, 50.840818859726362, 18.5 ], [ 4.329701260400382, 50.840811335372386, 20.0 ], [ 4.329667799712984, 50.840875371987856, 20.0 ], [ 4.329558455929524, 50.840915369221172, 19.971889495849609 ], [ 4.329610767026126, 50.840988001618783, 18.32414436340332 ], [ 4.329446340698823, 50.840951882341678, 20.0 ], [ 4.329496912074594, 50.841027689599393, 18.381303787231445 ], [ 4.329383056729993, 50.841067377628711, 19.938808441162109 ], [ 4.329254923455672, 50.841139956979461, 19.770126342773438 ], [ 4.329154252663054, 50.841197841447595, 19.613845825195312 ], [ 4.328989355646065, 50.841265311036743, 19.5 ], [ 4.328920698332069, 50.841146702733639, 19.688802719116211 ], [ 4.32901374866983, 50.84104479762437, 19.957666397094727 ], [ 4.329066016540782, 50.840977170500665, 20.0 ], [ 4.329172060294072, 50.840863497607351, 20.0 ], [ 4.329049187665429, 50.840876912410401, 18.5 ], [ 4.329087774879388, 50.840799328892381, 20.0 ], [ 4.328963378622982, 50.84081963412418, 18.5 ], [ 4.328991529324244, 50.840725858340676, 20.0 ], [ 4.328845516550988, 50.840702102952882, 20.0 ], [ 4.328860702589232, 50.840778455619819, 18.5 ], [ 4.328713406461357, 50.840720636424244, 20.0 ], [ 4.328745191573994, 50.840802391967422, 18.5 ], [ 4.328582957459433, 50.840861900707104, 19.973880767822266 ], [ 4.328670514195426, 50.840911283812289, 20.0 ], [ 4.328776132150494, 50.84094353204236, 18.5 ], [ 4.328869591305484, 50.840957068493836, 18.5 ], [ 4.328816276692605, 50.841054229701491, 18.37162971496582 ], [ 4.328695869420496, 50.841068965836598, 19.76948356628418 ], [ 4.328546980957709, 50.841060874912124, 19.75800895690918 ], [ 4.328443171433146, 50.841052090975005, 18.18412971496582 ], [ 4.328484440126401, 50.840970180887695, 19.814674377441406 ], [ 4.328350505655186, 50.841021188874727, 18.158037185668945 ], [ 4.32833978644319, 50.840932702427949, 19.694789886474609 ], [ 4.328227028759718, 50.840894062529408, 19.595983505249023 ], [ 4.328123556178405, 50.840846125644646, 19.516513824462891 ], [ 4.327963936398218, 50.840824742086411, 19.548463821411133 ], [ 4.327859653741992, 50.840811423152395, 18.400217056274414 ] ], [ [ 4.329267819459698, 50.840183172284746, 19.640802383422852 ], [ 4.329205864134882, 50.840129121774901, 19.541275024414062 ], [ 4.329334514856473, 50.840111260790408, 19.924062728881836 ], [ 4.329267819459698, 50.840183172284746, 19.640802383422852 ] ], [ [ 4.329187482757386, 50.840226448362699, 18.212408065795898 ], [ 4.329142524970032, 50.840173685027743, 19.51081657409668 ], [ 4.329267819459698, 50.840183172284746, 19.640802383422852 ], [ 4.329187482757386, 50.840226448362699, 18.212408065795898 ] ], [ [ 4.329989713284835, 50.840353721796632, 20.0 ], [ 4.3298918206612, 50.84037026639929, 18.5 ], [ 4.329908829618937, 50.840286233571277, 20.038217544555664 ], [ 4.330041226056738, 50.840298477918999, 18.5 ], [ 4.330077852804546, 50.840385362993167, 20.5 ], [ 4.330209265534656, 50.840419469975146, 18.581037521362305 ], [ 4.330232573219348, 50.840500573116486, 18.5 ], [ 4.330110164359517, 50.840472931517311, 20.0 ], [ 4.329972704434011, 50.840437754645365, 18.560722351074219 ], [ 4.329989713284835, 50.840353721796632, 20.0 ] ], [ [ 4.329786520845058, 50.840308733586845, 18.5 ], [ 4.32967321215184, 50.8402719034179, 20.0 ], [ 4.329667135204304, 50.840203890040179, 18.5 ], [ 4.329803366938808, 50.840226957489278, 20.0 ], [ 4.329895711161526, 50.84020301390327, 18.5 ], [ 4.329908829618937, 50.840286233571277, 20.038217544555664 ], [ 4.329786520845058, 50.840308733586845, 18.5 ] ], [ [ 4.329745008054284, 50.840384975873228, 18.5 ], [ 4.329556321085262, 50.840368723032675, 19.802635192871094 ], [ 4.329584360597702, 50.840305595748113, 20.0 ], [ 4.32967321215184, 50.8402719034179, 20.0 ], [ 4.329745008054284, 50.840384975873228, 18.5 ] ], [ [ 4.32952586241209, 50.840437338440708, 19.56651496887207 ], [ 4.329455851621962, 50.840379836358721, 19.730260848999023 ], [ 4.329556321085262, 50.840368723032675, 19.802635192871094 ], [ 4.32952586241209, 50.840437338440708, 19.56651496887207 ] ], [ [ 4.328873630985512, 50.841209224130772, 19.500349044799805 ], [ 4.328817286477773, 50.841124124371234, 18.202211380004883 ], [ 4.328920698332069, 50.841146702733639, 19.688802719116211 ], [ 4.328873630985512, 50.841209224130772, 19.500349044799805 ] ], [ [ 4.326776664582212, 50.840617740037601, 18.5 ], [ 4.326641243282153, 50.840654286555989, 18.5 ], [ 4.326652710823559, 50.840552460964375, 20.0 ], [ 4.326785743742836, 50.840494789836882, 18.5 ], [ 4.326833293273775, 50.840557807033463, 18.5 ], [ 4.326776664582212, 50.840617740037601, 18.5 ] ], [ [ 4.326596753518224, 50.84060110617979, 20.051118850708008 ], [ 4.326501948783987, 50.840596825564838, 20.277652740478516 ], [ 4.326409075547875, 50.840644329930143, 19.0 ], [ 4.326428793301485, 50.840541795344905, 18.797405242919922 ], [ 4.326525570702743, 50.84050412619851, 20.053913116455078 ], [ 4.326561798894547, 50.840423499407052, 18.5 ], [ 4.326666464894326, 50.840474829901268, 18.5 ], [ 4.326652710823559, 50.840552460964375, 20.0 ], [ 4.326596753518224, 50.84060110617979, 20.051118850708008 ] ], [ [ 4.326856803855085, 50.840657842181173, 20.0 ], [ 4.326942510975234, 50.840567569922399, 18.5 ], [ 4.326957003806712, 50.840670403794697, 20.0 ], [ 4.326856663699871, 50.840722517958341, 20.0 ], [ 4.326856803855085, 50.840657842181173, 20.0 ] ], [ [ 4.3276121502625, 50.840842066349275, 18.296577453613281 ], [ 4.327695636331057, 50.840905121919576, 19.766948699951172 ], [ 4.327743421604628, 50.841006365331204, 19.681545257568359 ], [ 4.327821345822262, 50.841079132333633, 19.5 ], [ 4.32768677777619, 50.841057462152023, 19.613119125366211 ], [ 4.327644433023894, 50.840993519641721, 19.664867401123047 ], [ 4.32758090759372, 50.840943764876947, 19.689176559448242 ], [ 4.327422844339044, 50.840938610407129, 19.641742706298828 ], [ 4.327550313275474, 50.840887223685449, 19.732614517211914 ], [ 4.327457733148401, 50.840875564204175, 19.71246337890625 ], [ 4.327270231547582, 50.840904736061852, 19.609951019287109 ], [ 4.327303545590662, 50.840841645572809, 19.676973342895508 ], [ 4.327185341249867, 50.840793090698213, 19.723159790039062 ], [ 4.327075742167399, 50.840783305260587, 19.930376052856445 ], [ 4.32703324750495, 50.840867471677285, 18.379173278808594 ], [ 4.326970054801699, 50.840762487908087, 18.5 ], [ 4.327094621829726, 50.840714250465282, 20.0 ], [ 4.327170940786806, 50.840662603633632, 18.5 ], [ 4.327248674829499, 50.840713397056625, 19.895685195922852 ], [ 4.327321339286039, 50.840769763238846, 19.74388313293457 ], [ 4.327436129858985, 50.840773121426643, 18.291996002197266 ], [ 4.327513254606328, 50.840818735566657, 19.779804229736328 ], [ 4.3276121502625, 50.840842066349275, 18.296577453613281 ] ], [ [ 4.327323958227258, 50.840961903423263, 19.588136672973633 ], [ 4.327201688575885, 50.840967591796023, 19.52032470703125 ], [ 4.327270231547582, 50.840904736061852, 19.609951019287109 ], [ 4.327323958227258, 50.840961903423263, 19.588136672973633 ] ], [ [ 4.329007519595717, 50.840304235178088, 19.709299087524414 ], [ 4.3291029641477, 50.84030857043642, 18.302507400512695 ], [ 4.329159316231649, 50.84037558272103, 20.0 ], [ 4.329215346944286, 50.840442702878605, 20.0 ], [ 4.329308078657733, 50.8404599416534, 19.872879028320312 ], [ 4.329354491413247, 50.840513617419305, 19.704080581665039 ], [ 4.329448642203832, 50.840561600859708, 19.515798568725586 ], [ 4.329359614760977, 50.840590074858852, 19.679086685180664 ], [ 4.329234737065016, 50.84055513210032, 19.87147331237793 ], [ 4.3291629326162, 50.840503211957213, 20.0 ], [ 4.329078894133104, 50.840434671004381, 20.0 ], [ 4.328998881057222, 50.84036457667105, 19.869073867797852 ], [ 4.329007519595717, 50.840304235178088, 19.709299087524414 ] ], [ [ 4.328674662293784, 50.84136704099884, 19.735404968261719 ], [ 4.328771865613454, 50.841369308812403, 18.0 ], [ 4.328719350660003, 50.841435411152261, 19.690221786499023 ], [ 4.328629927930953, 50.841488663066144, 18.374704360961914 ], [ 4.328608418164499, 50.841412138293755, 20.0 ], [ 4.328505239858235, 50.84141385717674, 19.859601974487305 ], [ 4.328536202347463, 50.841309895281825, 19.56004524230957 ], [ 4.328674662293784, 50.84136704099884, 19.735404968261719 ] ], [ [ 4.328416222240757, 50.841380780785613, 18.133010864257812 ], [ 4.328415256628587, 50.841276879668683, 19.5 ], [ 4.328536202347463, 50.841309895281825, 19.56004524230957 ], [ 4.328416222240757, 50.841380780785613, 18.133010864257812 ] ], [ [ 4.329729557551261, 50.842013385691594, 20.23023796081543 ], [ 4.329689701436882, 50.842071436068061, 18.805036544799805 ], [ 4.329645952686619, 50.841978678934424, 19.0 ], [ 4.329729557551261, 50.842013385691594, 20.23023796081543 ] ], [ [ 4.329711120889305, 50.841469133344482, 19.5 ], [ 4.329638217630897, 50.841405874718134, 19.618284225463867 ], [ 4.329747845073699, 50.841398157071666, 19.657726287841797 ], [ 4.329711120889305, 50.841469133344482, 19.5 ] ], [ [ 4.330437666785687, 50.829555866093791, 22.0 ], [ 4.33049776193391, 50.829481461210499, 20.5 ], [ 4.330635587381725, 50.829484393873535, 21.924453735351562 ], [ 4.330759003101764, 50.829555011962441, 21.381130218505859 ], [ 4.330569626731385, 50.829556002775647, 21.895824432373047 ], [ 4.330573539819653, 50.829686766648706, 21.879636764526367 ], [ 4.330455511970803, 50.829706746254878, 20.5 ], [ 4.330503459067962, 50.829628608371856, 22.0 ], [ 4.33040814679114, 50.829650118900204, 20.5 ], [ 4.330437666785687, 50.829555866093791, 22.0 ] ], [ [ 4.330624739314254, 50.829401775558765, 20.5 ], [ 4.3307915016114, 50.829379491196001, 21.997045516967773 ], [ 4.330866891384153, 50.829322915004305, 21.733667373657227 ], [ 4.330965877720758, 50.829392956484476, 21.859012603759766 ], [ 4.3310703698301, 50.829367486560677, 21.618556976318359 ], [ 4.331143741314026, 50.829421048992252, 22.0 ], [ 4.331067608418165, 50.829515116687631, 21.65556526184082 ], [ 4.330945437742443, 50.829530457848662, 21.475095748901367 ], [ 4.3307544833104, 50.829449711839686, 21.719411849975586 ], [ 4.330635587381725, 50.829484393873535, 21.924453735351562 ], [ 4.330624739314254, 50.829401775558765, 20.5 ] ], [ [ 4.330643039399163, 50.829745204022096, 21.610771179199219 ], [ 4.330534157956696, 50.829755543225971, 20.5 ], [ 4.330573539819653, 50.829686766648706, 21.879636764526367 ], [ 4.330643039399163, 50.829745204022096, 21.610771179199219 ] ], [ [ 4.330275079464139, 50.829458901320457, 22.032596588134766 ], [ 4.330164057272447, 50.829443756512312, 22.114553451538086 ], [ 4.33005384422758, 50.829404736723021, 20.771261215209961 ], [ 4.330092239263185, 50.829322180589166, 22.455774307250977 ], [ 4.329929231253533, 50.829275549111394, 20.889629364013672 ], [ 4.329858527782677, 50.829215394199238, 20.957853317260742 ], [ 4.329804794245211, 50.829148568937462, 22.5 ], [ 4.329728402685933, 50.829087436083881, 22.5 ], [ 4.329622915266806, 50.829047254503571, 21.0 ], [ 4.329599860902615, 50.828965155510048, 22.540401458740234 ], [ 4.329498357966629, 50.82901893615815, 21.0 ], [ 4.32955047946759, 50.828912699126079, 22.681400299072266 ], [ 4.329457289674811, 50.8288970029474, 21.0 ], [ 4.329430260708164, 50.828833351454755, 22.5 ], [ 4.329339817160224, 50.828800741393756, 21.0 ], [ 4.32920258883401, 50.828765383945772, 21.0 ], [ 4.329312797910299, 50.828702679871391, 22.5 ], [ 4.329140878662295, 50.828680082598062, 21.0 ], [ 4.329141417844988, 50.828582690208158, 22.5 ], [ 4.328998669110651, 50.828565700219926, 21.0 ], [ 4.328899684896462, 50.828463900206394, 21.0 ], [ 4.328871989666028, 50.828397918198824, 22.5 ], [ 4.328777946068986, 50.828364546257156, 21.0 ], [ 4.328699106269897, 50.828325474341597, 21.0 ], [ 4.32875019590628, 50.828270950326186, 22.5 ], [ 4.328607184507476, 50.82830036381953, 21.0 ], [ 4.328635424550721, 50.828201275279262, 21.0 ], [ 4.328598253263088, 50.828127743361783, 22.5 ], [ 4.328494366905304, 50.828087344576986, 21.0 ], [ 4.328529557699666, 50.82802581077906, 22.5 ], [ 4.328358657830865, 50.82804313871727, 21.0 ], [ 4.328465795010031, 50.827974310102853, 22.5 ], [ 4.328358789378833, 50.827975358585803, 21.0 ], [ 4.328311686680043, 50.827914496640588, 21.0 ], [ 4.328343879225288, 50.827832515150888, 22.5 ], [ 4.328200737662647, 50.827853493815844, 21.0 ], [ 4.328196509793249, 50.827769880918638, 22.5 ], [ 4.32809747950261, 50.827732487789739, 21.0 ], [ 4.328055358771093, 50.827664513495378, 21.0 ], [ 4.327994878262425, 50.827616123407736, 21.0 ], [ 4.328049931758749, 50.827565201038063, 22.5 ], [ 4.327906426931118, 50.827590228231294, 21.0 ], [ 4.327919313827089, 50.827469990737001, 22.530340194702148 ], [ 4.327819898701148, 50.827442239359918, 21.127666473388672 ], [ 4.327810239080592, 50.827370229387043, 22.689645767211914 ], [ 4.327713988808161, 50.827293431228519, 21.296497344970703 ], [ 4.327868233773962, 50.827309894680432, 22.644149780273438 ], [ 4.32794511479359, 50.82724671567518, 21.009132385253906 ], [ 4.327969020351806, 50.827344897596873, 22.561166763305664 ], [ 4.328050881005194, 50.827293790940935, 21.0 ], [ 4.328169753153869, 50.827390344416074, 22.5 ], [ 4.328296791075912, 50.827412991263827, 21.0 ], [ 4.328395982508085, 50.827469871196215, 20.944150924682617 ], [ 4.328472706838606, 50.82752034099601, 20.824443817138672 ], [ 4.328581892577082, 50.827531582411346, 20.731040954589844 ], [ 4.328619537154003, 50.827612167186444, 22.207714080810547 ], [ 4.328710523469061, 50.82767771406656, 22.211172103881836 ], [ 4.328793908159555, 50.827641348955957, 20.588642120361328 ], [ 4.32878052466231, 50.827720691098875, 22.155300140380859 ], [ 4.328917217075359, 50.827750894575615, 22.004720687866211 ], [ 4.329018072577981, 50.827783083088995, 20.5 ], [ 4.329006601758011, 50.827855042192418, 22.0 ], [ 4.328974947488144, 50.827958193398359, 22.5 ], [ 4.329061138563213, 50.827918585739603, 20.5 ], [ 4.329082152216956, 50.827984703783109, 22.5 ], [ 4.329169229262383, 50.827895257713514, 20.5 ], [ 4.32927928309326, 50.827914555713505, 20.5 ], [ 4.329265208056171, 50.827981668870557, 22.255010604858398 ], [ 4.329368839778764, 50.827951193251792, 20.5 ], [ 4.329355241147995, 50.828018166336953, 22.0 ], [ 4.329476971009802, 50.828007772366767, 20.5 ], [ 4.329434869676695, 50.828101119988098, 22.0 ], [ 4.329571665891868, 50.828057320786243, 20.5 ], [ 4.329689676141356, 50.828133312366738, 22.0 ], [ 4.329764909592189, 50.828205028201275, 22.0 ], [ 4.329868915086028, 50.828241261641857, 20.5 ], [ 4.329921417890052, 50.828308687131312, 22.0 ], [ 4.330011612237096, 50.828367401796591, 22.0 ], [ 4.330092789041259, 50.828431177152353, 22.0 ], [ 4.330172598567304, 50.828484937799196, 20.2744140625 ], [ 4.330233959368843, 50.828547666698555, 21.647676467895508 ], [ 4.330013654308235, 50.828528942619258, 21.92765998840332 ], [ 4.329920558180373, 50.828564126571656, 21.954000473022461 ], [ 4.329918292733039, 50.828632772918851, 21.572883605957031 ], [ 4.32975056875461, 50.828624563717412, 22.288825988769531 ], [ 4.329931512033713, 50.828721569446536, 21.5 ], [ 4.329879375047822, 50.828811875931528, 22.478120803833008 ], [ 4.329768968370598, 50.828877876840572, 22.5 ], [ 4.329871048283202, 50.828908659761822, 20.463125228881836 ], [ 4.329727408999436, 50.828944469059273, 22.275976181030273 ], [ 4.329812956076813, 50.829025848974048, 22.141904830932617 ], [ 4.329874687894613, 50.828973753454008, 21.033388137817383 ], [ 4.329976687383937, 50.828982080614402, 21.5 ], [ 4.329961755247811, 50.828923504175179, 22.5 ], [ 4.330029231746848, 50.828882341760519, 22.027994155883789 ], [ 4.329986549489276, 50.828785505064147, 22.142990112304688 ], [ 4.330101365483277, 50.828789377738417, 20.5 ], [ 4.330206536904564, 50.828710603114679, 22.0 ], [ 4.330279316807373, 50.828618312395349, 21.591331481933594 ], [ 4.330359525673677, 50.82867519343192, 22.0 ], [ 4.330412660235098, 50.82875935754813, 22.0 ], [ 4.330524921681474, 50.828815579737757, 22.0 ], [ 4.330650096013851, 50.828829255202031, 20.5 ], [ 4.330616249014729, 50.828927034055667, 22.0 ], [ 4.330501428970146, 50.828894037198538, 22.0 ], [ 4.330369629136793, 50.828866890081571, 22.0 ], [ 4.330290254829852, 50.828908518579702, 22.082296371459961 ], [ 4.330313869530076, 50.828972051030128, 20.665033340454102 ], [ 4.33021009802091, 50.828954780047361, 22.326616287231445 ], [ 4.330238455480441, 50.829027850015009, 22.337554931640625 ], [ 4.330266136416135, 50.829099175843574, 20.837018966674805 ], [ 4.330368461130381, 50.829116336788097, 22.301225662231445 ], [ 4.330448678498735, 50.829160076997418, 20.621362686157227 ], [ 4.330537047397299, 50.829212772964617, 20.5 ], [ 4.330559370935464, 50.829316125359483, 22.081466674804688 ], [ 4.330472223141307, 50.829395633795819, 20.515274047851562 ], [ 4.330347691560902, 50.829402265907028, 22.289894104003906 ], [ 4.3303862085431, 50.829471021498449, 20.5 ], [ 4.330275079464139, 50.829458901320457, 22.032596588134766 ] ], [ [ 4.330790877014501, 50.828930603751971, 20.5 ], [ 4.330747364616167, 50.828982931410359, 22.0 ], [ 4.330616477537307, 50.829016449254397, 20.5 ], [ 4.330616249014729, 50.828927034055667, 22.0 ], [ 4.330790877014501, 50.828930603751971, 20.5 ] ], [ [ 4.330825949942124, 50.8290627115639, 22.0 ], [ 4.330943175007047, 50.829092058758981, 20.5 ], [ 4.330846748244235, 50.829145432446815, 21.900812149047852 ], [ 4.330705346948734, 50.829085927521618, 20.5 ], [ 4.330747364616167, 50.828982931410359, 22.0 ], [ 4.330825949942124, 50.8290627115639, 22.0 ] ], [ [ 4.334133959688778, 50.84344440286398, 18.232864379882812 ], [ 4.334057936877688, 50.843381492479736, 19.608816146850586 ], [ 4.334113596070749, 50.843268477427401, 19.735927581787109 ], [ 4.334056168803935, 50.84319877605131, 19.807533264160156 ], [ 4.333907104473311, 50.843227710793251, 19.662260055541992 ], [ 4.333948077720753, 50.843148728575571, 19.845252990722656 ], [ 4.334023064105558, 50.843094452295198, 20.0 ], [ 4.334054850186758, 50.84302154228974, 18.5 ], [ 4.334160788847607, 50.84301668770344, 20.0 ], [ 4.33408216845646, 50.842956554598537, 18.5 ], [ 4.33417873772365, 50.84293945626974, 20.0 ], [ 4.334223303634618, 50.842882582911685, 20.0 ], [ 4.334315907567273, 50.842792810433124, 19.964052200317383 ], [ 4.334356841905914, 50.842730824723503, 18.343835830688477 ], [ 4.334512204346025, 50.84264403169766, 19.805679321289062 ], [ 4.33453141745361, 50.842571800164592, 18.253406524658203 ], [ 4.334623866897816, 50.842527765573003, 19.630254745483398 ], [ 4.334668337836516, 50.842624515552401, 20.0 ], [ 4.334770987041209, 50.842547513177209, 19.5 ], [ 4.33484289821986, 50.84262024915293, 19.5 ], [ 4.334979585413699, 50.842665669896135, 19.538068771362305 ], [ 4.334983971573443, 50.842736586967412, 19.785051345825195 ], [ 4.335103123851262, 50.842803745848862, 18.0 ], [ 4.335039205373719, 50.842865406026966, 19.5 ], [ 4.33500084818229, 50.84293220577765, 19.528713226318359 ], [ 4.33493141220851, 50.842989029630687, 19.5 ], [ 4.334824997917748, 50.843013974103052, 19.5 ], [ 4.334840280077298, 50.843081877853884, 18.047555923461914 ], [ 4.334736611392561, 50.84307328465875, 19.957324981689453 ], [ 4.334781709240184, 50.843139578449943, 18.106569290161133 ], [ 4.334663611431531, 50.843198321129428, 19.961618423461914 ], [ 4.334747231558793, 50.843277306021491, 19.975690841674805 ], [ 4.334758342176058, 50.843343438424434, 20.0 ], [ 4.334657205948914, 50.843361402562898, 20.0 ], [ 4.334654170049997, 50.843454144267255, 18.5 ], [ 4.334595166809661, 50.843406979252251, 20.0 ], [ 4.334600934031967, 50.84351418422446, 18.5 ], [ 4.334493646803156, 50.843502926640213, 20.0 ], [ 4.334362456703304, 50.843447384010958, 20.0 ], [ 4.334250841060254, 50.843472655344861, 18.5 ], [ 4.334258379525411, 50.843411461003903, 20.0 ], [ 4.334133959688778, 50.84344440286398, 18.232864379882812 ] ], [ [ 4.333956515798123, 50.8433686466933, 19.588577270507812 ], [ 4.333907908647833, 50.843310842698486, 19.533575057983398 ], [ 4.33400009496158, 50.84326891751725, 18.061014175415039 ], [ 4.334057936877688, 50.843381492479736, 19.608816146850586 ], [ 4.333956515798123, 50.8433686466933, 19.588577270507812 ] ], [ [ 4.334165497795555, 50.842823577868167, 18.5 ], [ 4.334013012189593, 50.842846593095921, 20.0 ], [ 4.33398318868459, 50.842907881454003, 20.0 ], [ 4.333981045313144, 50.842974309140132, 18.5 ], [ 4.33384298566066, 50.842983636085151, 20.0 ], [ 4.333810251959336, 50.843080752897201, 19.999597549438477 ], [ 4.333713006429177, 50.843158664753751, 18.257007598876953 ], [ 4.333698956483029, 50.84308835095328, 19.92041015625 ], [ 4.33361112978465, 50.843044407149115, 19.938905715942383 ], [ 4.333570158613807, 50.843134387165293, 19.761600494384766 ], [ 4.33362424438064, 50.843187420733415, 19.644149780273438 ], [ 4.33350286084232, 50.843199472339599, 18.087978363037109 ], [ 4.333438910735618, 50.843137219173954, 19.656394958496094 ], [ 4.333347020541131, 50.843091067261774, 19.513401031494141 ], [ 4.333286147900882, 50.843033816680062, 19.5 ], [ 4.333116114590754, 50.843026105040877, 19.577388763427734 ], [ 4.332987087923302, 50.842955567674622, 19.542911529541016 ], [ 4.332953995119827, 50.842860115050129, 19.5 ], [ 4.333073226615894, 50.842817863805791, 19.730066299438477 ], [ 4.332995398646363, 50.842777671749346, 18.0 ], [ 4.333131482316706, 50.842766064988261, 19.785205841064453 ], [ 4.33319093358259, 50.84267858411306, 19.608654022216797 ], [ 4.333313948926481, 50.842670397281054, 20.0 ], [ 4.333322681592373, 50.842585388517449, 19.642999649047852 ], [ 4.333408250886957, 50.84255828222787, 20.0 ], [ 4.33344850235922, 50.842494037667485, 19.852846145629883 ], [ 4.333636130088648, 50.842448297046637, 19.5 ], [ 4.333596123592752, 50.842525369752181, 20.0 ], [ 4.333641993294842, 50.842601121619069, 19.874828338623047 ], [ 4.333688785790116, 50.842501952706506, 19.5 ], [ 4.33378356868023, 50.84252167566067, 19.517095565795898 ], [ 4.333864650832448, 50.842473828005254, 19.5 ], [ 4.333925637006012, 50.842599185065183, 19.691776275634766 ], [ 4.333975435909819, 50.842471644507555, 19.5 ], [ 4.334210168759922, 50.84249662243446, 19.5 ], [ 4.334258869339563, 50.842583819363746, 19.621513366699219 ], [ 4.334197129898705, 50.84268287232149, 19.810600280761719 ], [ 4.334170076941343, 50.84275420418119, 18.442268371582031 ], [ 4.33398972682743, 50.84278417948213, 20.0 ], [ 4.334165497795555, 50.842823577868167, 18.5 ] ], [ [ 4.334081934564221, 50.841359633762586, 19.959941864013672 ], [ 4.334001175662886, 50.841407670460335, 19.957435607910156 ], [ 4.334016651343296, 50.841477141003054, 18.287336349487305 ], [ 4.33390321912587, 50.841465936379592, 19.861278533935547 ], [ 4.333819545711179, 50.841515706315406, 19.687868118286133 ], [ 4.333789256458217, 50.841588644435213, 18.029327392578125 ], [ 4.333671988516523, 50.841575424506672, 18.159286499023438 ], [ 4.333627371197601, 50.841468200520005, 20.0 ], [ 4.333463805101386, 50.84143904882027, 18.208696365356445 ], [ 4.333454530119986, 50.84136675099888, 19.547988891601562 ], [ 4.333620038269059, 50.841392370494454, 19.703828811645508 ], [ 4.333569811474273, 50.841323374859101, 18.05085563659668 ], [ 4.333722999028695, 50.841353359817646, 20.0 ], [ 4.333742871777109, 50.841292616045529, 19.997289657592773 ], [ 4.333823922642107, 50.841207589167645, 19.782493591308594 ], [ 4.333874589633846, 50.841137673644027, 19.5 ], [ 4.33406064384682, 50.841235799683886, 19.635610580444336 ], [ 4.33417140683553, 50.841080271868549, 19.5 ], [ 4.334258692135465, 50.841220611187708, 19.680389404296875 ], [ 4.334334738003904, 50.841178843392761, 19.530693054199219 ], [ 4.334331095903527, 50.841280647449082, 18.337728500366211 ], [ 4.334181213704124, 50.841295678549123, 19.810455322265625 ], [ 4.334188983171937, 50.84138022783111, 18.467002868652344 ], [ 4.334081934564221, 50.841359633762586, 19.959941864013672 ] ], [ [ 4.334425665659925, 50.841151487504391, 20.0 ], [ 4.33429557099159, 50.841120124046896, 18.0 ], [ 4.334328736347114, 50.841034521369245, 19.826303482055664 ], [ 4.334264058353051, 50.840964638234027, 18.174552917480469 ], [ 4.334389290293368, 50.840981169210167, 20.0 ], [ 4.334378487648697, 50.840915826048885, 18.246974945068359 ], [ 4.334490547108789, 50.840966815924034, 20.0 ], [ 4.334551100740527, 50.840913463715147, 20.5 ], [ 4.334422372002275, 50.840846502566436, 19.537105560302734 ], [ 4.334536704215322, 50.840765887001503, 19.5 ], [ 4.334661003636722, 50.840741942617178, 20.0 ], [ 4.334610346970591, 50.840691469589473, 19.5 ], [ 4.334725279280052, 50.840689713688377, 19.526512145996094 ], [ 4.334806469174753, 50.840647983435744, 20.375093460083008 ], [ 4.334685583542401, 50.840628456558754, 18.0 ], [ 4.334827810736239, 50.840589036342813, 18.650854110717773 ], [ 4.334922822420116, 50.840582857226089, 20.32038688659668 ], [ 4.334882270287484, 50.840528698303793, 18.5 ], [ 4.334929238743539, 50.8404766597491, 20.068435668945312 ], [ 4.334765559140684, 50.840421273688747, 20.128791809082031 ], [ 4.334621589858639, 50.840489202191492, 20.060060501098633 ], [ 4.334679733719926, 50.840556446044836, 20.0 ], [ 4.334565965077619, 50.840553269890762, 18.0 ], [ 4.334471298751955, 50.840595130873218, 19.5 ], [ 4.334318406248811, 50.840546458684571, 19.809803009033203 ], [ 4.334355104466738, 50.840473926634807, 18.5 ], [ 4.33444509122966, 50.840507525134065, 19.817897796630859 ], [ 4.334407800089391, 50.840416812318459, 18.5 ], [ 4.334555730656151, 50.840413226655208, 20.130466461181641 ], [ 4.334635590550191, 50.840342839626729, 20.366580963134766 ], [ 4.334761787838712, 50.84025243927718, 19.0 ], [ 4.334925259417396, 50.840289384198492, 18.960231781005859 ], [ 4.334880804430868, 50.840380726880142, 20.226963043212891 ], [ 4.335012519171215, 50.840384389299167, 18.746200561523438 ], [ 4.33504300885726, 50.840474019328781, 20.17698860168457 ], [ 4.335153745259709, 50.840457284595601, 18.787349700927734 ], [ 4.335109746372779, 50.840532420055773, 20.380361557006836 ], [ 4.335234420504165, 50.840497908583707, 19.0 ], [ 4.335226731616147, 50.840562993023127, 20.5 ], [ 4.335315636506223, 50.84053880470546, 19.0 ], [ 4.335273098222124, 50.840624574414235, 20.5 ], [ 4.335373080878594, 50.840649999767898, 19.0 ], [ 4.33528722536231, 50.840700165358186, 20.5 ], [ 4.335233594245747, 50.840760085808888, 19.0 ], [ 4.335126338681239, 50.840754930545451, 20.5 ], [ 4.335127292447419, 50.840823034511914, 18.907613754272461 ], [ 4.334987965976643, 50.840849689372575, 20.056133270263672 ], [ 4.334962954277461, 50.840920350064565, 18.502904891967773 ], [ 4.334855876932957, 50.84090086365142, 20.0 ], [ 4.334879425091947, 50.840969813008591, 18.5 ], [ 4.334755170107325, 50.840950739205496, 20.108573913574219 ], [ 4.334703138028151, 50.841039514788122, 20.0 ], [ 4.334622541924145, 50.841107649235816, 18.5 ], [ 4.334518269262935, 50.84111906379627, 20.0 ], [ 4.334490522073223, 50.841202831391371, 18.5 ], [ 4.334334738003904, 50.841178843392761, 19.530693054199219 ], [ 4.334425665659925, 50.841151487504391, 20.0 ] ], [ [ 4.3342341960949, 50.840619340790916, 19.5 ], [ 4.334202749183659, 50.840539141588749, 18.5 ], [ 4.334318406248811, 50.840546458684571, 19.809803009033203 ], [ 4.3342341960949, 50.840619340790916, 19.5 ] ], [ [ 4.334133943268041, 50.840672245848999, 19.62413215637207 ], [ 4.334182222467463, 50.840733260817835, 19.270893096923828 ], [ 4.334046214362588, 50.840701570265495, 19.753530502319336 ], [ 4.334059059085126, 50.84061582520156, 18.5 ], [ 4.3342341960949, 50.840619340790916, 19.5 ], [ 4.334133943268041, 50.840672245848999, 19.62413215637207 ] ], [ [ 4.334073934702982, 50.840761881203299, 19.291563034057617 ], [ 4.333956883275574, 50.840767117326308, 19.587343215942383 ], [ 4.333843534479271, 50.840777179291152, 19.604730606079102 ], [ 4.333914046699556, 50.840712505736782, 19.949464797973633 ], [ 4.333968757315099, 50.840662325232849, 18.5 ], [ 4.334046214362588, 50.840701570265495, 19.753530502319336 ], [ 4.334073934702982, 50.840761881203299, 19.291563034057617 ] ], [ [ 4.333814437642562, 50.840848248617029, 19.482877731323242 ], [ 4.333736772458186, 50.840803303408705, 18.148204803466797 ], [ 4.333843534479271, 50.840777179291152, 19.604730606079102 ], [ 4.333814437642562, 50.840848248617029, 19.482877731323242 ] ], [ [ 4.333775665595128, 50.840910181082407, 19.320440292358398 ], [ 4.333649762916147, 50.840898140939068, 19.563625335693359 ], [ 4.333736772458186, 50.840803303408705, 18.148204803466797 ], [ 4.333775665595128, 50.840910181082407, 19.320440292358398 ] ], [ [ 4.333599317300159, 50.84101924628547, 19.5 ], [ 4.333413912934689, 50.841048734206531, 19.526496887207031 ], [ 4.333388908672368, 50.840978501936881, 18.146926879882812 ], [ 4.333500874477384, 50.840984875367788, 19.57172966003418 ], [ 4.333649762916147, 50.840898140939068, 19.563625335693359 ], [ 4.333599317300159, 50.84101924628547, 19.5 ] ], [ [ 4.334593259022394, 50.838930548615622, 20.939416885375977 ], [ 4.33452048963214, 50.838997956881158, 19.277393341064453 ], [ 4.334446702499672, 50.838931202726656, 20.782770156860352 ], [ 4.334396088329713, 50.839018795159049, 19.11845588684082 ], [ 4.334300530052267, 50.83891967368838, 20.750375747680664 ], [ 4.33420372298096, 50.838946840566585, 19.182350158691406 ], [ 4.334215674528947, 50.838876012414161, 20.795177459716797 ], [ 4.334102860223534, 50.838817964832586, 19.322553634643555 ], [ 4.334046668606254, 50.838767805271281, 19.485269546508789 ], [ 4.334121857370665, 50.838728878678282, 19.5 ], [ 4.334224810229243, 50.838698296267758, 19.5 ], [ 4.334207008834597, 50.838627176863412, 19.5 ], [ 4.334274098041187, 50.838581510612372, 19.5 ], [ 4.33426998716144, 50.838519194639389, 19.549755096435547 ], [ 4.334380400093823, 50.838509152718217, 19.547883987426758 ], [ 4.334318222334345, 50.838399145058006, 19.950332641601562 ], [ 4.334426423894736, 50.838444813574618, 19.844394683837891 ], [ 4.334494336951727, 50.83837459596046, 20.0 ], [ 4.334616264016139, 50.838380880353093, 20.0 ], [ 4.334754404483328, 50.83841501165395, 19.896753311157227 ], [ 4.334697976600569, 50.838501842384332, 21.142078399658203 ], [ 4.334810014128923, 50.838480268056202, 19.707864761352539 ], [ 4.334801729271352, 50.838590445829951, 21.0 ], [ 4.334891105229755, 50.838567193920355, 19.639999389648438 ], [ 4.334873424478937, 50.838631766730515, 21.047857284545898 ], [ 4.334962903142199, 50.838608139826874, 19.681795120239258 ], [ 4.335040055191696, 50.838699473690681, 19.608081817626953 ], [ 4.335103780066076, 50.838763888534046, 19.568849563598633 ], [ 4.335151810891626, 50.83881569041165, 19.571632385253906 ], [ 4.335252388523243, 50.838891985562469, 19.647502899169922 ], [ 4.335245360691457, 50.838990046991306, 19.651334762573242 ], [ 4.335150335400743, 50.838965878024446, 19.545673370361328 ], [ 4.335054019524438, 50.838987903676255, 19.5 ], [ 4.334927199036804, 50.838964543252203, 19.5 ], [ 4.334754674929374, 50.838987694946098, 19.5 ], [ 4.334645510134044, 50.839017252302391, 19.39967155456543 ], [ 4.334593259022394, 50.838930548615622, 20.939416885375977 ] ], [ [ 4.334177697483605, 50.838474735244162, 19.707118988037109 ], [ 4.334066433539531, 50.838454045605715, 21.035137176513672 ], [ 4.334074566079299, 50.838524919104074, 19.5 ], [ 4.333907476403541, 50.838519708548311, 21.0 ], [ 4.333943450886736, 50.838590709859268, 19.5 ], [ 4.333829265860938, 50.838574751523858, 19.5 ], [ 4.33372199890249, 50.838533270637946, 19.5 ], [ 4.333724669890929, 50.838607854700925, 19.5 ], [ 4.333638696459938, 50.838640361268027, 19.5 ], [ 4.333643797792836, 50.838703684387966, 19.5 ], [ 4.333546400277232, 50.838770197485545, 19.5 ], [ 4.333384310414379, 50.838760051676665, 19.487615585327148 ], [ 4.333340132714908, 50.838838710752292, 19.35746955871582 ], [ 4.333210325675967, 50.838824084917817, 19.470277786254883 ], [ 4.33314046953039, 50.838900325628721, 19.088893890380859 ], [ 4.33301704488519, 50.838859565499433, 19.0 ], [ 4.333036260668734, 50.838760139136596, 21.003376007080078 ], [ 4.332937131345387, 50.838802915151412, 19.0 ], [ 4.332826290059704, 50.838706307261567, 19.006219863891602 ], [ 4.332843851479658, 50.838630996153789, 20.642690658569336 ], [ 4.332727689797051, 50.8386583879646, 19.0 ], [ 4.332760467514206, 50.838572920416063, 20.5 ], [ 4.332629370947755, 50.838601983399087, 19.0 ], [ 4.332646756119699, 50.838518700423691, 20.646699905395508 ], [ 4.332524737075212, 50.838486891251598, 19.168380737304688 ], [ 4.332460870269586, 50.838413742526107, 20.845251083374023 ], [ 4.332345078061417, 50.838389093555072, 19.274303436279297 ], [ 4.332329648608344, 50.838304253688825, 20.582452774047852 ], [ 4.332215850411604, 50.838258417921544, 19.0 ], [ 4.332246155975435, 50.838197087843696, 19.0 ], [ 4.332343997584459, 50.838159312682144, 19.0 ], [ 4.332405675504486, 50.838098157197095, 19.096401214599609 ], [ 4.332540652538303, 50.838008569545018, 19.5 ], [ 4.332641661843565, 50.83799680678365, 19.5 ], [ 4.332648411321096, 50.837931914379034, 19.5 ], [ 4.332745184275741, 50.83789864633539, 19.5 ], [ 4.332844118665419, 50.837868033462264, 19.5 ], [ 4.332842018952428, 50.837803702864626, 21.0 ], [ 4.332730805290529, 50.837725847442229, 19.5 ], [ 4.332646373559806, 50.837688992797744, 19.649753570556641 ], [ 4.332545632163605, 50.837701129798312, 19.5 ], [ 4.332570948948591, 50.837611678459545, 19.785608291625977 ], [ 4.332663421090032, 50.837573754005106, 21.405611038208008 ], [ 4.332704427047398, 50.837509002223428, 19.903417587280273 ], [ 4.33281740467178, 50.837462532425278, 19.855051040649414 ], [ 4.332939509342941, 50.837426489634232, 21.303150177001953 ], [ 4.333037965359865, 50.837377018466071, 21.227924346923828 ], [ 4.333096608737685, 50.837321132615273, 19.619585037231445 ], [ 4.333198775627897, 50.837298932577987, 21.039464950561523 ], [ 4.333329553512035, 50.83731246454709, 19.5 ], [ 4.333252989092711, 50.837358091086479, 21.074188232421875 ], [ 4.333373374773746, 50.837403278828937, 19.524696350097656 ], [ 4.333398215090235, 50.83746929746146, 21.127363204956055 ], [ 4.333497669563944, 50.837444002514658, 19.5 ], [ 4.333502607465338, 50.837542831202221, 21.113468170166016 ], [ 4.333627035592884, 50.837569119046471, 19.5 ], [ 4.333693577358138, 50.837635143946933, 19.506200790405273 ], [ 4.333725794422438, 50.837704810465262, 21.187482833862305 ], [ 4.33377100784369, 50.837771518136556, 21.420982360839844 ], [ 4.333945306917203, 50.837785980249286, 19.5 ], [ 4.333848410708756, 50.837825848100465, 21.366052627563477 ], [ 4.333965114002355, 50.837872429430554, 19.603763580322266 ], [ 4.334084701787698, 50.837934802362156, 19.500576019287109 ], [ 4.334038400133489, 50.837989562894627, 21.150335311889648 ], [ 4.334161723275352, 50.837981261678792, 19.5 ], [ 4.334182196938549, 50.838078819511445, 21.012628555297852 ], [ 4.334284356636957, 50.838066240628912, 19.5 ], [ 4.334266858581197, 50.838193057215832, 21.0 ], [ 4.334375851173258, 50.838149764092812, 19.645849227905273 ], [ 4.334363837711285, 50.838230878409647, 21.381851196289062 ], [ 4.334464247466702, 50.838195927025595, 19.831375122070312 ], [ 4.334466380535519, 50.838294181979911, 19.989938735961914 ], [ 4.334398467530748, 50.838364399597033, 20.0 ], [ 4.334318222334345, 50.838399145058006, 19.950332641601562 ], [ 4.334177697483605, 50.838474735244162, 19.707118988037109 ] ], [ [ 4.331319049240511, 50.843350581380967, 18.305444717407227 ], [ 4.331206391723471, 50.843331073264274, 19.971885681152344 ], [ 4.331145132719376, 50.843430846975814, 18.5 ], [ 4.331067037130783, 50.843390736518863, 20.0 ], [ 4.331113547516583, 50.843288377965216, 18.5 ], [ 4.331256256536468, 50.843265639138636, 19.854795455932617 ], [ 4.331319049240511, 50.843350581380967, 18.305444717407227 ] ], [ [ 4.331044421354121, 50.843457347002669, 18.5 ], [ 4.330944825633039, 50.843483148609501, 18.5 ], [ 4.330861621433582, 50.843446486179737, 19.0 ], [ 4.330835519073516, 50.843384468839076, 20.5 ], [ 4.330763841492144, 50.843314316003294, 18.980484008789062 ], [ 4.330887414764827, 50.843284998366251, 20.472557067871094 ], [ 4.330952957894411, 50.843362729927058, 20.083520889282227 ], [ 4.331067037130783, 50.843390736518863, 20.0 ], [ 4.331044421354121, 50.843457347002669, 18.5 ] ], [ [ 4.330980713542345, 50.84316458126164, 18.5 ], [ 4.330888399292525, 50.843180243434674, 19.93568229675293 ], [ 4.330837506957524, 50.843232431042928, 20.410106658935547 ], [ 4.330740637127643, 50.843232065850323, 18.73396110534668 ], [ 4.330784604156119, 50.843171962958927, 19.96135139465332 ], [ 4.330753953484024, 50.843108632777259, 18.332693099975586 ], [ 4.330885464017312, 50.843106533632209, 19.807474136352539 ], [ 4.331001910302239, 50.843105578334828, 18.485658645629883 ], [ 4.330980713542345, 50.84316458126164, 18.5 ] ], [ [ 4.331952171928934, 50.83777484098416, 19.5 ], [ 4.331840421905393, 50.837841037452726, 19.5 ], [ 4.331728068755564, 50.837853395673406, 19.5 ], [ 4.331620758749158, 50.837918189473825, 19.5 ], [ 4.331514359141332, 50.837866334997557, 19.5 ], [ 4.331506198410553, 50.837775569962645, 19.5 ], [ 4.331389146737705, 50.837739740102542, 19.5 ], [ 4.331386933075922, 50.837666763124226, 21.0 ], [ 4.331248101339989, 50.837643039120067, 19.5 ], [ 4.331213387436675, 50.837547541172682, 21.0 ], [ 4.33113759210855, 50.837600774734362, 19.5 ], [ 4.331116015907545, 50.837510993813595, 19.5 ], [ 4.33099793853704, 50.837459448807877, 19.5 ], [ 4.331003806598474, 50.837391616213118, 21.247703552246094 ], [ 4.330889730271646, 50.83742709711295, 19.5 ], [ 4.330928524567142, 50.837343215297835, 21.207403182983398 ], [ 4.330808169810768, 50.837356582105613, 19.5 ], [ 4.33080738524994, 50.837279209154289, 21.146135330200195 ], [ 4.330656138385037, 50.837250775999564, 19.5 ], [ 4.330767252253618, 50.83718259076857, 19.653413772583008 ], [ 4.330658886899245, 50.837182177594066, 21.0 ], [ 4.330583472150237, 50.837132899703832, 19.5 ], [ 4.330639885306474, 50.837011507652996, 19.5 ], [ 4.330749993294789, 50.836993265817206, 19.5 ], [ 4.330858061776193, 50.837015875054092, 21.032825469970703 ], [ 4.330826728670756, 50.83694003966275, 19.5 ], [ 4.330948973050854, 50.836960300237216, 21.137458801269531 ], [ 4.331032111523355, 50.836901775418397, 19.745136260986328 ], [ 4.331122785269356, 50.836746656644628, 19.719995498657227 ], [ 4.331183709656695, 50.836820954918025, 19.898857116699219 ], [ 4.331302414209277, 50.836784097825067, 21.464553833007812 ], [ 4.331427765746812, 50.836694434352331, 19.919792175292969 ], [ 4.331589139669453, 50.836617428636508, 19.832363128662109 ], [ 4.331688567543293, 50.836616519933521, 21.250907897949219 ], [ 4.331637060911163, 50.836538329351157, 19.8232421875 ], [ 4.331759542828159, 50.83657241816443, 21.192832946777344 ], [ 4.331833333591847, 50.836527931588165, 21.206842422485352 ], [ 4.33193308335688, 50.836491575278579, 21.193548202514648 ], [ 4.332047985609072, 50.836413371092831, 19.813236236572266 ], [ 4.332159027176294, 50.836434980880981, 19.649065017700195 ], [ 4.332166944126631, 50.836522284311357, 21.034189224243164 ], [ 4.332297144824652, 50.83651085055201, 19.5 ], [ 4.332259111901349, 50.83658163041536, 21.0 ], [ 4.332377835201254, 50.836635740940373, 19.5 ], [ 4.332467654731845, 50.836708850074793, 19.5 ], [ 4.33256455909602, 50.836733148096549, 19.5 ], [ 4.332522526295389, 50.836793541390556, 19.612831115722656 ], [ 4.332628419286926, 50.836802825433544, 19.515960693359375 ], [ 4.332725519438211, 50.836907186702312, 19.5 ], [ 4.332820975582599, 50.836984438742221, 21.0 ], [ 4.332931585160646, 50.837055338991576, 19.5 ], [ 4.332879278808165, 50.837111190422803, 19.5 ], [ 4.33302562604001, 50.837081229882273, 19.5 ], [ 4.332998733460824, 50.837172540608336, 21.0 ], [ 4.33297099090628, 50.837259738662688, 19.556734085083008 ], [ 4.332837667098259, 50.837231724501173, 21.020366668701172 ], [ 4.332845552616582, 50.837305830916613, 19.634912490844727 ], [ 4.332734606591255, 50.837329938326711, 19.646722793579102 ], [ 4.332624229354251, 50.837431737182129, 19.779932022094727 ], [ 4.332520719352308, 50.837452074139826, 19.696355819702148 ], [ 4.33250073612056, 50.837519524662397, 19.723333358764648 ], [ 4.332378431077562, 50.837550866065634, 19.62169075012207 ], [ 4.332167582634094, 50.83760745066327, 19.5 ], [ 4.332054596448232, 50.837699645725067, 19.5 ], [ 4.331952171928934, 50.83777484098416, 19.5 ] ], [ [ 4.332477274218337, 50.84212383567943, 18.5 ], [ 4.332604464710821, 50.842120587285741, 20.0 ], [ 4.332778594936809, 50.842189415551282, 20.0 ], [ 4.33289803539166, 50.84224232962999, 20.0 ], [ 4.332923549843162, 50.842179638967117, 18.5 ], [ 4.333063255609827, 50.842091642002963, 20.0 ], [ 4.333165493238929, 50.842039094679023, 20.0 ], [ 4.333173278495257, 50.841975297530922, 18.5 ], [ 4.333257996581946, 50.841940410857319, 20.0 ], [ 4.333406521600934, 50.841846908331107, 20.0 ], [ 4.333528034570515, 50.841793436024687, 19.851694107055664 ], [ 4.333675108330295, 50.841783088806579, 18.0 ], [ 4.333610144579311, 50.841837115470419, 19.669040679931641 ], [ 4.333721336456617, 50.841848044219532, 19.5 ], [ 4.333707426337321, 50.841918419497276, 19.683813095092773 ], [ 4.33383801681935, 50.841953642005123, 19.5 ], [ 4.333755877008254, 50.841992236699298, 19.5 ], [ 4.333633792416724, 50.841971866797635, 18.421772003173828 ], [ 4.333545180858163, 50.841891141955045, 20.0 ], [ 4.333433875150453, 50.841921775347416, 20.0 ], [ 4.333340536151447, 50.841978108893329, 20.0 ], [ 4.333308892324167, 50.842039353427218, 20.0 ], [ 4.333440957803736, 50.842074732071268, 20.0 ], [ 4.333538898053415, 50.842105487616692, 20.0 ], [ 4.333662337721489, 50.842060132295579, 18.024513244628906 ], [ 4.333771380856867, 50.842124912394503, 18.0 ], [ 4.333626076953965, 50.842147255177011, 19.737281799316406 ], [ 4.333501402697475, 50.842194218651166, 19.594657897949219 ], [ 4.33351179192914, 50.842279390839956, 19.5 ], [ 4.333406607597416, 50.842315232481177, 19.5 ], [ 4.333337168506501, 50.842366740026876, 19.630256652832031 ], [ 4.333324990546248, 50.84243401944935, 18.0 ], [ 4.333212999634599, 50.842451628897606, 19.530725479125977 ], [ 4.33303519151847, 50.842522464249676, 19.415077209472656 ], [ 4.332941327449926, 50.842470209263595, 19.956077575683594 ], [ 4.332826952591769, 50.842450769759395, 20.0 ], [ 4.33274268831788, 50.842403858650066, 20.0 ], [ 4.332713597645778, 50.842472472400239, 20.0 ], [ 4.332646922597477, 50.842535757764495, 20.0 ], [ 4.332755160757873, 50.842568783087394, 20.0 ], [ 4.332870079143155, 50.842637150969118, 19.833101272583008 ], [ 4.332976455666614, 50.842679715371389, 18.004755020141602 ], [ 4.332879809455267, 50.842730741738052, 19.654109954833984 ], [ 4.332779631904468, 50.842772171976449, 19.669073104858398 ], [ 4.332692086324403, 50.842823815670705, 19.576038360595703 ], [ 4.332563933579175, 50.842761181803354, 19.643207550048828 ], [ 4.332469470033881, 50.842765507087506, 19.538599014282227 ], [ 4.332423532796445, 50.842713067331324, 19.60540771484375 ], [ 4.332354773007326, 50.842653368817174, 19.651861190795898 ], [ 4.332183754140973, 50.842641517252744, 19.567729949951172 ], [ 4.332072677255053, 50.842589481233979, 19.594821929931641 ], [ 4.332041800399857, 50.842520535719132, 19.84379768371582 ], [ 4.332037794714767, 50.842437946106195, 20.0 ], [ 4.332032457632796, 50.842355386510647, 18.456687927246094 ], [ 4.332107586113263, 50.842394788481734, 20.0 ], [ 4.332204707186361, 50.842388967103304, 20.0 ], [ 4.332396369857851, 50.842381926880492, 20.182615280151367 ], [ 4.3323298686722, 50.842318315734481, 18.751996994018555 ], [ 4.332411390998139, 50.84224812167264, 18.875680923461914 ], [ 4.332544520533608, 50.842179520000407, 20.0 ], [ 4.332477274218337, 50.84212383567943, 18.5 ] ], [ [ 4.333437030075925, 50.841998593372345, 18.5 ], [ 4.333544907916152, 50.84203637265928, 18.5 ], [ 4.333440957803736, 50.842074732071268, 20.0 ], [ 4.333437030075925, 50.841998593372345, 18.5 ] ], [ [ 4.332129620089813, 50.84196100928699, 19.562519073486328 ], [ 4.33201762703378, 50.841997558727051, 19.712579727172852 ], [ 4.33191513629227, 50.842043958247579, 19.704177856445312 ], [ 4.331809829261945, 50.842130148670641, 19.647720336914062 ], [ 4.331728127876457, 50.842218493874199, 18.0 ], [ 4.331577041243508, 50.842298419166596, 19.509984970092773 ], [ 4.331494341559911, 50.842344352393248, 19.5 ], [ 4.331395190457809, 50.842266866921499, 19.685878753662109 ], [ 4.331238748921218, 50.842278434408868, 18.0 ], [ 4.331304016990612, 50.842202427114138, 19.683404922485352 ], [ 4.331161916365049, 50.842170673533502, 19.522180557250977 ], [ 4.331298845516453, 50.842130839490096, 19.746013641357422 ], [ 4.331374070768347, 50.842085178307329, 19.860233306884766 ], [ 4.331449060648549, 50.842039659855736, 19.940170288085938 ], [ 4.331574915648585, 50.84196326624253, 19.999944686889648 ], [ 4.331664439227501, 50.841861035772425, 18.5 ], [ 4.331838435985182, 50.841881321226658, 20.0 ], [ 4.331756485436001, 50.84181825324756, 18.5 ], [ 4.331867664971332, 50.841801776189371, 20.0 ], [ 4.332031775857184, 50.841735566155812, 20.0 ], [ 4.332126472658031, 50.841692474205914, 20.0 ], [ 4.332223901847054, 50.84165189767343, 20.0 ], [ 4.332250291601868, 50.841590770495323, 18.5 ], [ 4.332336289615842, 50.841558354718828, 20.0 ], [ 4.332420053895106, 50.841511004676136, 20.0 ], [ 4.332532158170337, 50.841506921082811, 20.0 ], [ 4.332585463194459, 50.841417502102054, 20.0 ], [ 4.332660296884471, 50.841334497015971, 18.5 ], [ 4.332759569529194, 50.841354043962923, 20.0 ], [ 4.332848351624297, 50.84131979506224, 20.0 ], [ 4.332927456216041, 50.84128175399848, 18.5 ], [ 4.332981600257426, 50.841353688094507, 18.5 ], [ 4.333016459581216, 50.841430255988662, 20.0 ], [ 4.333135281413313, 50.841459417229068, 18.421211242675781 ], [ 4.333216756149499, 50.841495856547439, 19.949684143066406 ], [ 4.333249103418558, 50.841555602369546, 20.0 ], [ 4.333132985576912, 50.841626566605505, 20.067413330078125 ], [ 4.332992532464175, 50.841660741591454, 20.332639694213867 ], [ 4.332978415027226, 50.841762046037005, 18.849233627319336 ], [ 4.332869156022632, 50.841687501813006, 18.997261047363281 ], [ 4.332771950647423, 50.841632452357445, 18.5 ], [ 4.332619450769326, 50.84167013946103, 20.0 ], [ 4.332652489158016, 50.841731985000301, 18.5 ], [ 4.33251067273361, 50.841720030059768, 20.0 ], [ 4.332503910373235, 50.841817990697912, 18.5 ], [ 4.332417503419513, 50.841781289793389, 20.0 ], [ 4.332388997125429, 50.841851598204563, 18.5 ], [ 4.332284918671365, 50.841882036965096, 20.5 ], [ 4.33225680614948, 50.841960575270726, 20.0 ], [ 4.332129620089813, 50.84196100928699, 19.562519073486328 ] ], [ [ 4.332056249807628, 50.841474258677138, 18.5 ], [ 4.331950887674457, 50.841518150336313, 20.0 ], [ 4.331829733720179, 50.841540340494994, 20.005121231079102 ], [ 4.331817470378786, 50.841603651231843, 18.5 ], [ 4.331733471407675, 50.841638863618165, 18.5 ], [ 4.331658571470019, 50.841692789841922, 18.5 ], [ 4.331554792331345, 50.841663817676491, 20.0 ], [ 4.331548461088919, 50.841743033960114, 18.5 ], [ 4.331425538797699, 50.841758327251988, 19.946811676025391 ], [ 4.331337279419744, 50.841825299794465, 19.806707382202148 ], [ 4.331178919584806, 50.841767966611997, 18.215042114257812 ], [ 4.331056826028819, 50.841746293024229, 19.629131317138672 ], [ 4.331071925846984, 50.84181105369386, 18.091148376464844 ], [ 4.33094983222726, 50.841789379995888, 19.513942718505859 ], [ 4.330871759377251, 50.841708113937443, 19.523414611816406 ], [ 4.330943688829564, 50.841650580103469, 19.644535064697266 ], [ 4.330842988208848, 50.841575064776251, 18.06849479675293 ], [ 4.330946749388273, 50.841584268884901, 19.663009643554688 ], [ 4.331026804594512, 50.841541471079104, 19.691707611083984 ], [ 4.331135360114932, 50.841494916769761, 19.703937530517578 ], [ 4.331168724921539, 50.841422571259237, 19.662328720092773 ], [ 4.331301461355847, 50.841379723119857, 19.850801467895508 ], [ 4.331317030245432, 50.84128590279402, 18.496759414672852 ], [ 4.331510398669288, 50.841204925606881, 18.5 ], [ 4.331621372887341, 50.841206790274157, 20.0 ], [ 4.331691950527829, 50.841152534006596, 20.0 ], [ 4.331646468115802, 50.841089347586731, 18.5 ], [ 4.331771414910581, 50.841087365766519, 20.0 ], [ 4.331794632361309, 50.840987244563706, 18.5 ], [ 4.33191261483429, 50.84099957316046, 20.0 ], [ 4.331991630368366, 50.840906434012389, 18.58177375793457 ], [ 4.332121770988677, 50.840874833271315, 20.189065933227539 ], [ 4.332094487605056, 50.84081743834389, 18.583553314208984 ], [ 4.332251320453507, 50.840849272999776, 18.856945037841797 ], [ 4.332341600885447, 50.840909204061191, 19.0 ], [ 4.332441158872943, 50.840962922275459, 18.832296371459961 ], [ 4.33245885454419, 50.841027809143064, 20.287107467651367 ], [ 4.33253054427267, 50.841146160853832, 19.0 ], [ 4.332478220196941, 50.841202884661264, 20.356176376342773 ], [ 4.332497145577965, 50.841267472198169, 18.5 ], [ 4.332331352766318, 50.841258559578854, 20.0 ], [ 4.332322177945754, 50.841320044654601, 20.0 ], [ 4.332233685525367, 50.841346020519133, 20.0 ], [ 4.332137499849314, 50.841390607849029, 20.0 ], [ 4.332056249807628, 50.841474258677138, 18.5 ] ], [ [ 4.332120913998966, 50.840598657484939, 18.838180541992188 ], [ 4.332124627894919, 50.840529385342222, 20.481922149658203 ], [ 4.33200356987409, 50.840561458998536, 19.0 ], [ 4.33204410514624, 50.840482431242663, 20.5 ], [ 4.331912576835342, 50.840499065363083, 19.0 ], [ 4.331976486741092, 50.840418822532236, 20.5 ], [ 4.331855508969329, 50.840422209966007, 19.0 ], [ 4.33179158408617, 50.840362138586649, 18.994606018066406 ], [ 4.331813880180422, 50.840291092501403, 20.403984069824219 ], [ 4.33190547361905, 50.840254316398742, 20.595571517944336 ], [ 4.33190018326521, 50.84018572529164, 18.922540664672852 ], [ 4.332013372297678, 50.840141449004825, 20.5 ], [ 4.33206068871297, 50.84006271302129, 19.0 ], [ 4.332193513588011, 50.840049064265685, 20.5 ], [ 4.332218717418172, 50.839965368853669, 19.0 ], [ 4.332377744817837, 50.839895001480791, 20.147018432617188 ], [ 4.332537340294149, 50.8398263138304, 20.249584197998047 ], [ 4.332521681872746, 50.839725899320911, 19.0 ], [ 4.332682931427805, 50.839683282248721, 20.5 ], [ 4.332786850928742, 50.839584236209738, 19.0 ], [ 4.332938618266863, 50.83956779075595, 20.5 ], [ 4.332868487223585, 50.839503595248921, 19.0 ], [ 4.333036292976795, 50.839477552102629, 20.5 ], [ 4.332991797802596, 50.839418879606427, 19.0 ], [ 4.333116525944686, 50.839417056018497, 20.5 ], [ 4.333187628755314, 50.839321837777526, 19.0 ], [ 4.333319824374548, 50.839284884524943, 20.5 ], [ 4.333465828962616, 50.839331108612505, 19.0 ], [ 4.333564440638041, 50.83941347817516, 19.0 ], [ 4.333650006079255, 50.839466652557917, 19.0 ], [ 4.33375207412718, 50.839506477885166, 19.0 ], [ 4.333844162699518, 50.83958657036208, 19.0 ], [ 4.333933950373652, 50.839643880734577, 19.0 ], [ 4.333809364153286, 50.839661015921578, 20.5 ], [ 4.333830200219302, 50.839737524303935, 19.0 ], [ 4.33372612016656, 50.839718019006462, 20.5 ], [ 4.333646000011898, 50.839788832608022, 19.0 ], [ 4.333480044609138, 50.839828310000534, 20.480775833129883 ], [ 4.333533261783965, 50.839924514353569, 19.0 ], [ 4.333660919574303, 50.839946616108762, 20.5 ], [ 4.333623350579537, 50.839874754544674, 19.0 ], [ 4.333757096599097, 50.839886588924507, 20.5 ], [ 4.333782580582743, 50.839799285210709, 19.0 ], [ 4.333930616208873, 50.839763617450672, 20.5 ], [ 4.334038427941484, 50.839690144536604, 19.0 ], [ 4.334081166982203, 50.839783738098347, 20.5 ], [ 4.334193889719534, 50.839850053518091, 20.5 ], [ 4.334302004546098, 50.839907421427263, 19.0 ], [ 4.334348066122513, 50.839991841891617, 20.5 ], [ 4.334500880865046, 50.84001655647031, 19.0 ], [ 4.334497361478057, 50.840095886147033, 20.369192123413086 ], [ 4.334620634735454, 50.84008154623227, 18.900552749633789 ], [ 4.334515358372758, 50.8401579137347, 20.276432037353516 ], [ 4.334415796679188, 50.840156142940067, 20.284650802612305 ], [ 4.3344620792546, 50.840245728960198, 18.708597183227539 ], [ 4.334342381868828, 50.840228878262991, 20.181812286376953 ], [ 4.33434856315158, 50.840306420174571, 18.564020156860352 ], [ 4.334221292855175, 50.840241108956739, 20.197004318237305 ], [ 4.334232317740333, 50.840344601781176, 18.523193359375 ], [ 4.334101388574046, 50.840346260732133, 20.086019515991211 ], [ 4.334039841188336, 50.840407821647247, 18.558162689208984 ], [ 4.333937697012966, 50.840441371306156, 20.211732864379883 ], [ 4.333816112933055, 50.840508509248529, 20.232154846191406 ], [ 4.333728589579717, 50.840581601410356, 18.58917236328125 ], [ 4.333616195284212, 50.840656913401951, 18.514318466186523 ], [ 4.333516119635499, 50.840614657449315, 20.122941970825195 ], [ 4.333543965512355, 50.840697044042876, 18.466403961181641 ], [ 4.333452122461182, 50.840679145913825, 20.0 ], [ 4.3334636253219, 50.840745665924302, 18.418481826782227 ], [ 4.333322956540567, 50.84073429792825, 20.0 ], [ 4.333304744088593, 50.84082410837199, 18.435619354248047 ], [ 4.333186478823704, 50.840830302133313, 19.914211273193359 ], [ 4.3331357562283, 50.840911654591565, 18.453952789306641 ], [ 4.333021304434475, 50.840948483685409, 19.928155899047852 ], [ 4.332927371068076, 50.841014476818245, 18.5 ], [ 4.332772284667052, 50.841016631371694, 18.5 ], [ 4.332706053811281, 50.840935468940344, 20.071012496948242 ], [ 4.332573059367514, 50.84090004477472, 18.843845367431641 ], [ 4.332611253842678, 50.840819295503763, 20.457355499267578 ], [ 4.332498132401588, 50.840841840117356, 19.0 ], [ 4.332459698758694, 50.840775290076031, 19.0 ], [ 4.33239233486251, 50.840694555547088, 20.397684097290039 ], [ 4.332318825256171, 50.840611714472281, 18.932102203369141 ], [ 4.332215671598767, 50.840630696730976, 18.833234786987305 ], [ 4.332120913998966, 50.840598657484939, 18.838180541992188 ] ], [ [ 4.331268411779718, 50.840646952783523, 20.5 ], [ 4.331268956168106, 50.840569180678251, 18.701324462890625 ], [ 4.331413904456255, 50.840582722487191, 19.0 ], [ 4.3313838515727, 50.840673521649173, 19.0 ], [ 4.331268411779718, 50.840646952783523, 20.5 ] ], [ [ 4.333286212462367, 50.841080137668406, 19.585918426513672 ], [ 4.333309260064208, 50.841145710692643, 19.5 ], [ 4.333314261945928, 50.84127017520477, 19.642740249633789 ], [ 4.333190345230826, 50.841252376877726, 18.476533889770508 ], [ 4.333193436339366, 50.841171947237584, 19.777431488037109 ], [ 4.333182523270496, 50.841094366281411, 18.261014938354492 ], [ 4.333286212462367, 50.841080137668406, 19.585918426513672 ] ], [ [ 4.333070539209779, 50.841175321238183, 18.5 ], [ 4.333094975864615, 50.841117344216549, 18.47015380859375 ], [ 4.333193436339366, 50.841171947237584, 19.777431488037109 ], [ 4.333070539209779, 50.841175321238183, 18.5 ] ], [ [ 4.334298499751178, 50.841926038952877, 19.615215301513672 ], [ 4.334260025503492, 50.841860117542389, 18.226581573486328 ], [ 4.334404608558653, 50.841893350033295, 19.846546173095703 ], [ 4.334363760861044, 50.841988287038198, 18.027744293212891 ], [ 4.334298499751178, 50.841926038952877, 19.615215301513672 ] ], [ [ 4.334331697288834, 50.841806454503363, 18.395771026611328 ], [ 4.334455024157335, 50.841820680790349, 20.0 ], [ 4.334413346611193, 50.841744109620748, 18.5 ], [ 4.334550347230159, 50.841775984126919, 20.0 ], [ 4.334565627616342, 50.841690560577419, 18.524168014526367 ], [ 4.334682290920766, 50.841676967955621, 20.300237655639648 ], [ 4.334655225223255, 50.841607234067844, 18.885217666625977 ], [ 4.334765672558341, 50.841623546347698, 20.389677047729492 ], [ 4.33474015612032, 50.841534752436786, 18.549459457397461 ], [ 4.334840823825514, 50.841569021744711, 20.181346893310547 ], [ 4.334860087902483, 50.841469924136852, 18.593734741210938 ], [ 4.334964853278188, 50.841487767471264, 20.226863861083984 ], [ 4.334998894709527, 50.841422544622255, 18.998170852661133 ], [ 4.335100015242164, 50.841378755224675, 19.0 ], [ 4.335205363742341, 50.841435171337984, 18.773567199707031 ], [ 4.33533130020087, 50.841475286205288, 18.534317016601562 ], [ 4.33527827275225, 50.841553984665666, 20.0 ], [ 4.335265790610618, 50.84162706081284, 18.5 ], [ 4.335237777933495, 50.84168380075257, 18.5 ], [ 4.335156681519639, 50.841723157497071, 20.0 ], [ 4.335058782126337, 50.841741682558805, 20.0 ], [ 4.335057595896229, 50.841818059130354, 20.0 ], [ 4.335020036174341, 50.841890642630474, 18.5 ], [ 4.334895029585073, 50.841902836711746, 20.0 ], [ 4.334878320269576, 50.842006406839701, 19.927375793457031 ], [ 4.33483472949361, 50.842061778661424, 18.188470840454102 ], [ 4.334754752652128, 50.842097569412267, 19.649856567382812 ], [ 4.334765726561881, 50.842159188019892, 18.0 ], [ 4.334656821826574, 50.842096889477624, 19.767141342163086 ], [ 4.334717727113524, 50.842022358789258, 19.920074462890625 ], [ 4.334595151810193, 50.842029444776571, 20.0 ], [ 4.334454595656377, 50.842001567372584, 19.660659790039062 ], [ 4.334404608558653, 50.841893350033295, 19.846546173095703 ], [ 4.334331697288834, 50.841806454503363, 18.395771026611328 ] ], [ [ 4.334554177596904, 50.842104231466408, 19.5 ], [ 4.334480764571027, 50.842058220392396, 19.570558547973633 ], [ 4.334595151810193, 50.842029444776571, 20.0 ], [ 4.334554177596904, 50.842104231466408, 19.5 ] ], [ [ 4.335411554245357, 50.843745686871877, 20.0 ], [ 4.335275759729717, 50.843735422921689, 18.5 ], [ 4.335210537650016, 50.843686564794893, 20.0 ], [ 4.335110296313013, 50.843678541445897, 20.0 ], [ 4.334974023908913, 50.843653838382274, 18.5 ], [ 4.334854927125653, 50.843605171420151, 20.0 ], [ 4.334844436469674, 50.84349339851957, 18.5 ], [ 4.334936516374992, 50.843511099304358, 18.5 ], [ 4.334923033489563, 50.843434357581891, 18.40831184387207 ], [ 4.335115321034253, 50.843408344311015, 19.783218383789062 ], [ 4.335217423171352, 50.843470247177457, 20.0 ], [ 4.335243096191845, 50.843370052944103, 18.126407623291016 ], [ 4.335382723993888, 50.843401291758568, 19.911876678466797 ], [ 4.335376340698434, 50.843321281606499, 19.65776252746582 ], [ 4.33550684335325, 50.843256409343894, 19.627902984619141 ], [ 4.335500229432427, 50.843185146792486, 18.0 ], [ 4.335664269936917, 50.843162806806461, 19.697372436523438 ], [ 4.33565636060673, 50.843233938650144, 19.819925308227539 ], [ 4.335550421975368, 50.843316170522073, 19.805883407592773 ], [ 4.335501906573752, 50.843374386913929, 19.936433792114258 ], [ 4.335497953973458, 50.843439786100703, 18.5 ], [ 4.335484503528452, 50.843537092650685, 18.5 ], [ 4.335568824599442, 50.843587019357066, 20.296165466308594 ], [ 4.335686279137023, 50.84352059245689, 20.424575805664062 ], [ 4.335569031330192, 50.843487306381249, 18.599466323852539 ], [ 4.335614218016731, 50.843393630980017, 18.5 ], [ 4.335722068756741, 50.843365990875022, 20.062883377075195 ], [ 4.335652934612551, 50.843305213381704, 18.414276123046875 ], [ 4.335816292343765, 50.84332070372497, 20.0 ], [ 4.335768871614687, 50.843230720563746, 18.474077224731445 ], [ 4.335857558472642, 50.843198837397367, 20.0 ], [ 4.335921510424614, 50.843148537907453, 19.984111785888672 ], [ 4.335940068901142, 50.843081670935071, 20.0 ], [ 4.335938924626038, 50.843010705136138, 18.0 ], [ 4.336072740998286, 50.843026277308439, 19.5 ], [ 4.336046748060497, 50.843088539691173, 19.72071647644043 ], [ 4.335988328324254, 50.843197722016534, 19.734550476074219 ], [ 4.335990296938944, 50.843292176960752, 19.799192428588867 ], [ 4.335986232965896, 50.843353204071803, 19.814746856689453 ], [ 4.336004619101837, 50.843423037041269, 18.278995513916016 ], [ 4.335928246562562, 50.843474748375769, 19.943870544433594 ], [ 4.335926096377963, 50.843574171600821, 18.348026275634766 ], [ 4.335843881179613, 50.843663178981885, 20.0 ], [ 4.335830270405384, 50.843744165055675, 20.0 ], [ 4.335842865335745, 50.843809142608151, 18.5 ], [ 4.335775776178351, 50.843898976590992, 18.5 ], [ 4.33574004685293, 50.843802215902805, 20.0 ], [ 4.335655825453949, 50.843865706627668, 18.5 ], [ 4.335559168814876, 50.84378605048957, 20.0 ], [ 4.335411554245357, 50.843745686871877, 20.0 ] ], [ [ 4.33566201914276, 50.843086774253067, 19.556068420410156 ], [ 4.335790283769652, 50.843136834458178, 18.339553833007812 ], [ 4.335664269936917, 50.843162806806461, 19.697372436523438 ], [ 4.33566201914276, 50.843086774253067, 19.556068420410156 ] ], [ [ 4.335494435219395, 50.842552458694925, 19.837230682373047 ], [ 4.335437423622992, 50.842468394619303, 19.988208770751953 ], [ 4.335350397154539, 50.842559720344035, 20.0 ], [ 4.335204938828013, 50.842505918589929, 19.635766983032227 ], [ 4.335116418521536, 50.842450613971749, 19.62169075012207 ], [ 4.335060396065516, 50.842380316985789, 19.65900993347168 ], [ 4.335163130941922, 50.842352782985046, 19.919101715087891 ], [ 4.335274502540669, 50.842356884037969, 20.0 ], [ 4.335438059967056, 50.842316489490472, 20.0 ], [ 4.335283765081712, 50.842188331542815, 20.0 ], [ 4.335178873314087, 50.84221494233843, 18.5 ], [ 4.335072226345796, 50.842241998516222, 20.0 ], [ 4.335041903445098, 50.842310659604131, 18.148252487182617 ], [ 4.334976625135493, 50.842253380061223, 19.604648590087891 ], [ 4.334924180537388, 50.842161408001814, 18.0 ], [ 4.335027277347425, 50.842088710566479, 19.604490280151367 ], [ 4.335067363319171, 50.842027602301926, 19.92375373840332 ], [ 4.33516565513469, 50.842005123279741, 20.0 ], [ 4.335080914380138, 50.841953967040894, 18.5 ], [ 4.335239306401562, 50.841948970209948, 20.0 ], [ 4.335184831786256, 50.841884641587498, 18.5 ], [ 4.335284640457395, 50.841878531029096, 20.0 ], [ 4.335311019380158, 50.841817277598324, 20.0 ], [ 4.335285313117692, 50.841741568449883, 18.5 ], [ 4.335385658436826, 50.841755931034164, 20.0 ], [ 4.33535925291293, 50.84168218023207, 18.5 ], [ 4.335460764323682, 50.841636308587319, 20.0 ], [ 4.335512091835379, 50.841569995727824, 18.5 ], [ 4.335579612470859, 50.841515352318318, 20.0 ], [ 4.335596210263994, 50.841446772314669, 18.5 ], [ 4.335730101034432, 50.841401073992081, 20.024923324584961 ], [ 4.335691454067312, 50.841308452528381, 18.637222290039062 ], [ 4.335836569132875, 50.84133372091312, 20.394741058349609 ], [ 4.335784071391841, 50.841274901664022, 18.757684707641602 ], [ 4.335913773275, 50.84120355884901, 20.5 ], [ 4.335918955575236, 50.841106489055164, 19.0 ], [ 4.336025153828305, 50.841073253939832, 19.0 ], [ 4.336011939838327, 50.841152962254569, 20.5 ], [ 4.336154187351267, 50.841106754342967, 19.0 ], [ 4.336160589619906, 50.841194963160056, 20.5 ], [ 4.336214788135977, 50.841248522081081, 20.5 ], [ 4.33631067017849, 50.841267510824594, 19.0 ], [ 4.336435698895627, 50.841321268618138, 19.0 ], [ 4.336441869653677, 50.841415709462282, 20.5 ], [ 4.33656390279785, 50.841405832066179, 19.0 ], [ 4.336614933502103, 50.841495092634553, 19.0 ], [ 4.336607124071537, 50.841575411434043, 18.865148544311523 ], [ 4.336547549254338, 50.841655176591466, 20.097423553466797 ], [ 4.336485941096828, 50.841700788054141, 20.0 ], [ 4.336487218350538, 50.841804269942564, 20.0 ], [ 4.336416022842747, 50.841897420975968, 20.0 ], [ 4.336504912080225, 50.841969703155087, 18.5 ], [ 4.336403851174468, 50.842019525540181, 20.0 ], [ 4.336283962570078, 50.842090279958072, 19.657440185546875 ], [ 4.336114174425224, 50.84205266908787, 19.5 ], [ 4.336007537937432, 50.841983333138529, 19.576412200927734 ], [ 4.335736795948518, 50.842006667711544, 19.803855895996094 ], [ 4.335732637307942, 50.842179650992172, 19.552776336669922 ], [ 4.335720079364912, 50.842248633539803, 19.545953750610352 ], [ 4.33566239265498, 50.842307690879494, 19.66969108581543 ], [ 4.335768171143798, 50.842370057639968, 19.510200500488281 ], [ 4.33576085650206, 50.842450799788658, 19.5 ], [ 4.335706175580638, 50.842531663561729, 19.5 ], [ 4.3356181550696, 50.842599720356645, 19.506845474243164 ], [ 4.335494435219395, 50.842552458694925, 19.837230682373047 ] ], [ [ 4.335430409289832, 50.842619647649705, 19.878044128417969 ], [ 4.33544024696725, 50.842697870787049, 18.0 ], [ 4.335329089448729, 50.842622501189616, 19.724803924560547 ], [ 4.335350397154539, 50.842559720344035, 20.0 ], [ 4.335430409289832, 50.842619647649705, 19.878044128417969 ] ], [ [ 4.33538233156112, 50.840733591605726, 19.0 ], [ 4.335538808140547, 50.840759703230262, 19.0 ], [ 4.335631683474373, 50.840843607370189, 19.0 ], [ 4.335487246032109, 50.840862569542246, 20.5 ], [ 4.335486422349082, 50.840928819024768, 19.0 ], [ 4.335364393548621, 50.840990348237419, 19.0 ], [ 4.335381798151859, 50.840927880837427, 20.5 ], [ 4.33523211827593, 50.840897283013675, 18.962064743041992 ], [ 4.335240845526479, 50.840828718871414, 19.0 ], [ 4.335349480345279, 50.840829187516555, 20.5 ], [ 4.33538233156112, 50.840733591605726, 19.0 ] ], [ [ 4.335309425346319, 50.84309017930881, 19.5 ], [ 4.335229804382017, 50.843176598841346, 19.82073974609375 ], [ 4.335176134492975, 50.843229670501934, 19.780633926391602 ], [ 4.335076954944464, 50.84323497321185, 19.960597991943359 ], [ 4.335010474879367, 50.843148753071475, 19.804695129394531 ], [ 4.335085787874878, 50.843065495409739, 19.717260360717773 ], [ 4.335169267946823, 50.843013728557864, 19.5 ], [ 4.335309425346319, 50.84309017930881, 19.5 ] ], [ [ 4.33645654806935, 50.845518458073833, 20.5 ], [ 4.336552611676635, 50.845586747365189, 20.5 ], [ 4.33660075873077, 50.845523602331482, 19.0 ], [ 4.336677870062762, 50.84547986046006, 19.0 ], [ 4.336660883775398, 50.845403768449302, 19.019996643066406 ], [ 4.336767863351995, 50.845360481488527, 20.600507736206055 ], [ 4.33685785689601, 50.845325179307977, 19.138301849365234 ], [ 4.336885635218303, 50.845389857019335, 20.538860321044922 ], [ 4.336941630950771, 50.845440511331603, 20.5 ], [ 4.336928244220707, 50.845501755260237, 19.0 ], [ 4.336830365271147, 50.845570775955807, 20.5 ], [ 4.336937406953505, 50.845619990791185, 18.643268585205078 ], [ 4.33678595620206, 50.845649669842011, 20.5 ], [ 4.336709795854067, 50.84571429932263, 20.445270538330078 ], [ 4.336611719773408, 50.845728789220978, 18.749801635742188 ], [ 4.336538537737724, 50.845684984910051, 19.0 ], [ 4.336384445102123, 50.845670403248114, 19.0 ], [ 4.336243846180653, 50.845620703499691, 19.0 ], [ 4.336257351926479, 50.84553099896209, 19.0 ], [ 4.336319217220821, 50.845476997450668, 19.0 ], [ 4.336420341200094, 50.845454633186641, 19.0 ], [ 4.33645654806935, 50.845518458073833, 20.5 ] ], [ [ 4.336427936593809, 50.841102051775536, 19.145395278930664 ], [ 4.336545846021399, 50.841046495785534, 19.378656387329102 ], [ 4.336735473244137, 50.841100179870537, 19.133138656616211 ], [ 4.336616424774038, 50.841132909775475, 21.0 ], [ 4.3366044947045, 50.841209325023875, 19.137639999389648 ], [ 4.336518186064104, 50.84112726271502, 21.0 ], [ 4.336427936593809, 50.841102051775536, 19.145395278930664 ] ] ], [ [ [ 4.321951219339324, 50.835674438645412, 20.236848831176758 ], [ 4.321792320816165, 50.835693974580835, 20.012514114379883 ], [ 4.321881685459994, 50.835716546334417, 20.10986328125 ], [ 4.321951219339324, 50.835674438645412, 20.236848831176758 ] ] ], [ [ [ 4.322271442014069, 50.83598369659866, 20.0 ], [ 4.322381198276367, 50.836066642107454, 19.930866241455078 ], [ 4.322470146823686, 50.836113668213713, 20.145332336425781 ], [ 4.322521354320143, 50.836047846048643, 19.845230102539062 ], [ 4.322452489685097, 50.835968293451948, 19.868108749389648 ], [ 4.322367311968429, 50.835864078883489, 20.0 ], [ 4.322250583809359, 50.835834651826936, 20.037487030029297 ], [ 4.322137710639163, 50.835860337800099, 20.012517929077148 ], [ 4.322179018712888, 50.835933127363099, 20.0 ], [ 4.322271442014069, 50.83598369659866, 20.0 ] ] ], [ [ [ 4.323043119029045, 50.836118909323588, 19.929079055786133 ], [ 4.323132487724934, 50.836164684954205, 19.99336051940918 ], [ 4.323270216275114, 50.836149968028394, 19.770273208618164 ], [ 4.323136275694058, 50.836076269749626, 21.173784255981445 ], [ 4.323043119029045, 50.836118909323588, 19.929079055786133 ] ] ], [ [ [ 4.323940203844184, 50.833202956958338, 18.558412551879883 ], [ 4.324122428519792, 50.833224173949766, 21.0 ], [ 4.324018464237455, 50.833141787460811, 18.5 ], [ 4.323878427901518, 50.833120598354164, 21.579216003417969 ], [ 4.323940203844184, 50.833202956958338, 18.558412551879883 ] ] ], [ [ [ 4.324194720964163, 50.833421496799041, 21.0 ], [ 4.324158072033928, 50.833327191860597, 20.631141662597656 ], [ 4.32406824702677, 50.833285673873874, 21.374601364135742 ], [ 4.324014065534179, 50.833347173658858, 20.686893463134766 ], [ 4.324095537973764, 50.833411736139226, 22.157171249389648 ], [ 4.324194720964163, 50.833421496799041, 21.0 ] ] ], [ [ [ 4.324239859593106, 50.833528118843091, 20.344341278076172 ], [ 4.324308834496958, 50.833477976151322, 21.851280212402344 ], [ 4.324164145865859, 50.833482039592212, 18.668788909912109 ], [ 4.32398532402154, 50.833455994810052, 20.914033889770508 ], [ 4.324101884859149, 50.833537998961162, 21.711597442626953 ], [ 4.324093863795315, 50.833606264513655, 22.027732849121094 ], [ 4.324239859593106, 50.833528118843091, 20.344341278076172 ] ] ], [ [ [ 4.324797726318409, 50.83258182406847, 21.22450065612793 ], [ 4.32478226514398, 50.832399588345709, 21.159618377685547 ], [ 4.32452458142885, 50.832541343148471, 21.122817993164062 ], [ 4.324797726318409, 50.83258182406847, 21.22450065612793 ] ] ], [ [ [ 4.325364822498158, 50.838626891469083, 18.573183059692383 ], [ 4.325278345127543, 50.838675304397917, 20.132862091064453 ], [ 4.325411083308929, 50.838693855330561, 19.998098373413086 ], [ 4.325495008803558, 50.838668066748347, 19.931587219238281 ], [ 4.325364822498158, 50.838626891469083, 18.573183059692383 ] ] ], [ [ [ 4.325651717735274, 50.830382674309, 19.950506210327148 ], [ 4.325615750811616, 50.830442863219481, 21.733463287353516 ], [ 4.325738779393341, 50.830448943945505, 16.5 ], [ 4.325617391739797, 50.830507209749349, 23.502389907836914 ], [ 4.32575017041357, 50.830538312202634, 23.533233642578125 ], [ 4.325864604590485, 50.8304678872369, 16.5 ], [ 4.325993498523395, 50.830461161535538, 22.910087585449219 ], [ 4.32591924429062, 50.830389147647843, 20.5 ], [ 4.325988325398663, 50.830317731159838, 23.242441177368164 ], [ 4.325856299331609, 50.830312935086994, 16.5 ], [ 4.325788973951489, 50.83023127701103, 18.00018310546875 ], [ 4.325831199668054, 50.830130710465831, 21.207599639892578 ], [ 4.325798779066299, 50.830028694327723, 20.440299987792969 ], [ 4.325721799403216, 50.829985015581236, 21.171377182006836 ], [ 4.325618494053044, 50.829987058053874, 20.783351898193359 ], [ 4.325505345877382, 50.829965809354242, 20.947311401367188 ], [ 4.325437152772754, 50.830026812209383, 21.714706420898438 ], [ 4.325432459923799, 50.83009676196891, 22.284822463989258 ], [ 4.325517281210812, 50.830141662515452, 20.934043884277344 ], [ 4.325635835930735, 50.83020749680071, 18.942920684814453 ], [ 4.325590177414025, 50.830272348128688, 21.064395904541016 ], [ 4.325538074195098, 50.83033522100088, 23.512063980102539 ], [ 4.325651717735274, 50.830382674309, 19.950506210327148 ] ] ], [ [ [ 4.325683007754642, 50.835779261635757, 20.934371948242188 ], [ 4.325627383039071, 50.835707509619525, 19.746347427368164 ], [ 4.325541312151445, 50.835765976725718, 19.737457275390625 ], [ 4.325683007754642, 50.835779261635757, 20.934371948242188 ] ] ], [ [ [ 4.325915662979203, 50.838528693292538, 19.611833572387695 ], [ 4.326099760319534, 50.838601342601223, 19.687250137329102 ], [ 4.326110901192501, 50.838530171667493, 18.0 ], [ 4.325915662979203, 50.838528693292538, 19.611833572387695 ] ] ], [ [ [ 4.326099760319534, 50.838601342601223, 19.687250137329102 ], [ 4.326116898657986, 50.838713518434588, 20.007883071899414 ], [ 4.326205385789852, 50.838626675957244, 18.5 ], [ 4.326099760319534, 50.838601342601223, 19.687250137329102 ] ] ], [ [ [ 4.326710284431559, 50.834089299285793, 21.0 ], [ 4.3265833469871, 50.834193752234441, 20.822729110717773 ], [ 4.326711423553666, 50.834245971792988, 20.879318237304688 ], [ 4.326710284431559, 50.834089299285793, 21.0 ] ] ], [ [ [ 4.326553141285293, 50.838672425952474, 19.640600204467773 ], [ 4.326642122259764, 50.838619958617109, 18.0 ], [ 4.326578778182027, 50.838553728520623, 18.0 ], [ 4.326615988324119, 50.838446273896245, 20.016338348388672 ], [ 4.32650637920166, 50.838423928031013, 18.035924911499023 ], [ 4.326419825613929, 50.838457008227238, 19.5 ], [ 4.326402735583278, 50.838520102425861, 18.0 ], [ 4.326384590434959, 50.83858971855414, 18.460681915283203 ], [ 4.326284422347837, 50.838558808425667, 18.5 ], [ 4.326212736899696, 50.838507864556512, 19.5 ], [ 4.326205385789852, 50.838626675957244, 18.5 ], [ 4.326366589953502, 50.838704268990163, 18.0 ], [ 4.326465526475511, 50.838730392395739, 19.502399444580078 ], [ 4.326553141285293, 50.838672425952474, 19.640600204467773 ] ] ], [ [ [ 4.326995844615569, 50.825495423797449, 18.718050003051758 ], [ 4.326867039817391, 50.82557067624321, 20.0 ], [ 4.326919315197058, 50.825659644213928, 18.170948028564453 ], [ 4.32705795802656, 50.825700845797471, 18.926898956298828 ], [ 4.327073724440011, 50.825621690505429, 18.5 ], [ 4.32719806738877, 50.825590384620909, 18.777811050415039 ], [ 4.327125617775089, 50.825548992839998, 18.5 ], [ 4.327100862078598, 50.825483206709144, 18.5 ], [ 4.326995844615569, 50.825495423797449, 18.718050003051758 ] ] ], [ [ [ 4.326680234120836, 50.82603374823325, 21.5 ], [ 4.326791904644829, 50.826002689188442, 21.278863906860352 ], [ 4.3268491933869, 50.825923327550036, 22.560884475708008 ], [ 4.32671968582198, 50.825854822737462, 21.236682891845703 ], [ 4.32671042135416, 50.825945210842406, 21.42155647277832 ], [ 4.326680234120836, 50.82603374823325, 21.5 ] ] ], [ [ [ 4.327279690795613, 50.834788430792976, 21.911949157714844 ], [ 4.327221878198272, 50.83484217585999, 20.414966583251953 ], [ 4.327228440876586, 50.834963006318681, 20.5 ], [ 4.327381377374327, 50.834943116351972, 20.299282073974609 ], [ 4.327350641810936, 50.835051089201087, 20.484989166259766 ], [ 4.327554770899601, 50.835034165325418, 20.092914581298828 ], [ 4.327494713851154, 50.834952777683654, 20.146862030029297 ], [ 4.327432280122216, 50.834892104393361, 21.621877670288086 ], [ 4.327318944002656, 50.834882442843565, 20.293455123901367 ], [ 4.327279690795613, 50.834788430792976, 21.911949157714844 ] ] ], [ [ [ 4.327251359385018, 50.835155257784962, 20.0 ], [ 4.327384581255614, 50.835227518133237, 20.0 ], [ 4.327492775903619, 50.835273924068339, 20.0 ], [ 4.327599634394288, 50.835302445755445, 20.0 ], [ 4.327508453995994, 50.835201164973995, 20.199483871459961 ], [ 4.327350641810936, 50.835051089201087, 20.484989166259766 ], [ 4.327149094156376, 50.835048155327144, 20.319974899291992 ], [ 4.327164191781503, 50.835115504206904, 20.087474822998047 ], [ 4.327251359385018, 50.835155257784962, 20.0 ] ] ], [ [ [ 4.327754771637728, 50.835484096057698, 19.858108520507812 ], [ 4.327828048819165, 50.835530900182292, 19.841768264770508 ], [ 4.327952105628514, 50.83560224151632, 19.779201507568359 ], [ 4.3279394856891, 50.835678078632107, 21.129112243652344 ], [ 4.328091290706081, 50.835649868625673, 19.887489318847656 ], [ 4.328149474640315, 50.835526727902518, 19.944002151489258 ], [ 4.328245047165316, 50.8356262751036, 20.0 ], [ 4.328382248518372, 50.835620337368212, 19.985719680786133 ], [ 4.32832733868098, 50.835556502418235, 19.798931121826172 ], [ 4.328253174048986, 50.835506240491085, 19.760866165161133 ], [ 4.328102028578578, 50.835424385022549, 19.855812072753906 ], [ 4.328147812138276, 50.835359657860749, 21.011144638061523 ], [ 4.328026482096943, 50.835383312280641, 19.883621215820312 ], [ 4.328052467132713, 50.835322445110236, 21.404220581054688 ], [ 4.32795197716009, 50.835337738331674, 20.0 ], [ 4.327917138483424, 50.835276121568832, 19.945890426635742 ], [ 4.327784504504197, 50.835244810225092, 20.0 ], [ 4.32776283675708, 50.835140010970676, 20.0 ], [ 4.327622823536667, 50.83510980646539, 20.097801208496094 ], [ 4.327690876406431, 50.835185447553364, 20.0 ], [ 4.327599634394288, 50.835302445755445, 20.0 ], [ 4.3276279321833, 50.835372100887099, 20.0 ], [ 4.327695230491049, 50.835430038603064, 19.903890609741211 ], [ 4.327754771637728, 50.835484096057698, 19.858108520507812 ] ] ], [ [ [ 4.328889882622081, 50.833837774056335, 21.219114303588867 ], [ 4.328988634164705, 50.833807874913155, 21.204694747924805 ], [ 4.328908214156024, 50.833760852216791, 21.341802597045898 ], [ 4.328777734201104, 50.833806027080854, 21.342544555664062 ], [ 4.328889882622081, 50.833837774056335, 21.219114303588867 ] ] ], [ [ [ 4.329082402501304, 50.83401480763618, 21.0 ], [ 4.329156858092619, 50.834076169685837, 21.0 ], [ 4.329234843157341, 50.834110633064611, 21.0 ], [ 4.32922151923654, 50.834170260731689, 22.5 ], [ 4.329356897630235, 50.834174635350649, 21.0 ], [ 4.329389210150686, 50.834282084593383, 21.0 ], [ 4.32946953660717, 50.834222393149673, 21.0 ], [ 4.329482157848239, 50.834131530547232, 21.0 ], [ 4.329324865825861, 50.834091224638108, 21.0 ], [ 4.329326543314503, 50.834024625416909, 21.0 ], [ 4.329258524036023, 50.833973820071023, 21.0 ], [ 4.329223865003206, 50.833897542738768, 21.0 ], [ 4.329348885303914, 50.833891899053711, 21.017768859863281 ], [ 4.329438092958687, 50.833852011792032, 21.076387405395508 ], [ 4.329389418582715, 50.833790106458537, 21.114587783813477 ], [ 4.329230693930942, 50.833818288318795, 21.092840194702148 ], [ 4.329103285105201, 50.833863344035649, 21.048107147216797 ], [ 4.328988634164705, 50.833807874913155, 21.204694747924805 ], [ 4.328993364370703, 50.83389448939252, 21.055805206298828 ], [ 4.329110341902936, 50.833939472388508, 21.0 ], [ 4.329082402501304, 50.83401480763618, 21.0 ] ] ], [ [ [ 4.328775207343599, 50.836429848881032, 19.5 ], [ 4.328921649631568, 50.836455677971706, 21.0 ], [ 4.32889664804057, 50.836371945991843, 19.5 ], [ 4.328776980990392, 50.836351323848561, 21.0 ], [ 4.328775207343599, 50.836429848881032, 19.5 ] ] ], [ [ [ 4.329538885056444, 50.834803794977937, 20.5 ], [ 4.329672838552028, 50.834825030756114, 20.5 ], [ 4.329654158042391, 50.834738390027027, 20.5 ], [ 4.329851213556106, 50.834696496860367, 20.5 ], [ 4.329919769033042, 50.834643673328976, 20.5 ], [ 4.329962483515763, 50.834706469639372, 20.5 ], [ 4.330086801322897, 50.834746362550632, 20.5 ], [ 4.330177670048544, 50.834691708635454, 20.5 ], [ 4.330143095612323, 50.834627114508692, 22.0 ], [ 4.330032781122188, 50.834548626534172, 20.5 ], [ 4.329952298840823, 50.834503855043629, 20.5 ], [ 4.329905880467154, 50.834437082121397, 22.09062385559082 ], [ 4.329788790153338, 50.83441142749308, 20.5 ], [ 4.329781791531004, 50.834307907663259, 20.68885612487793 ], [ 4.32946763529818, 50.834423073125507, 20.66419792175293 ], [ 4.329429268930551, 50.834515891359771, 20.586326599121094 ], [ 4.329447351480371, 50.834666280023526, 20.528005599975586 ], [ 4.329499591087484, 50.834733309728541, 20.5 ], [ 4.329538885056444, 50.834803794977937, 20.5 ] ] ], [ [ [ 4.331262752117652, 50.839571760157291, 19.0 ], [ 4.33113967385679, 50.83964290726442, 19.0 ], [ 4.331205432230083, 50.839753611605545, 19.0 ], [ 4.331334212520561, 50.839767193257927, 19.0 ], [ 4.331381641174453, 50.839882756266981, 20.5 ], [ 4.331452419205269, 50.839802285981428, 20.5 ], [ 4.331358689613413, 50.839685993594578, 19.0 ], [ 4.331462004474433, 50.839671866136307, 19.545204162597656 ], [ 4.33140287196334, 50.839616393827903, 20.5 ], [ 4.331262752117652, 50.839571760157291, 19.0 ] ] ], [ [ [ 4.332428415429451, 50.83554801851006, 20.762262344360352 ], [ 4.332467935962435, 50.835621638501742, 21.302755355834961 ], [ 4.332543559475243, 50.83556429567588, 20.524627685546875 ], [ 4.33266402666031, 50.835635264846395, 20.55882453918457 ], [ 4.332759612876968, 50.835660951086574, 20.736042022705078 ], [ 4.33296381711881, 50.835580911284993, 21.0 ], [ 4.332910583153138, 50.835495768653828, 21.0 ], [ 4.332573319941085, 50.835473947833449, 20.806631088256836 ], [ 4.332442266703933, 50.835465011907537, 21.0 ], [ 4.332428415429451, 50.83554801851006, 20.762262344360352 ] ] ], [ [ [ 4.333215793001706, 50.838117584123758, 19.5 ], [ 4.333149712380822, 50.838073040990309, 19.5 ], [ 4.332985088693588, 50.837985840721615, 19.5 ], [ 4.332981692129201, 50.837898232890097, 21.0 ], [ 4.332844118665419, 50.837868033462264, 19.5 ], [ 4.332805586542134, 50.837956946305383, 21.0 ], [ 4.332884437259177, 50.837998545095559, 19.5 ], [ 4.332961334807155, 50.838061296181621, 19.5 ], [ 4.333064593966435, 50.838101849635756, 19.5 ], [ 4.333134919929296, 50.838159865867169, 19.5 ], [ 4.333196100113499, 50.838213804703514, 19.5 ], [ 4.333215793001706, 50.838117584123758, 19.5 ] ] ], [ [ [ 4.33344536484423, 50.838407915750153, 19.5 ], [ 4.333498613157313, 50.838477673988599, 19.5 ], [ 4.333527709141805, 50.838368057243223, 19.5 ], [ 4.333500710143973, 50.838304692432907, 20.793691635131836 ], [ 4.333331599486208, 50.838254234223442, 19.266227722167969 ], [ 4.333331988555048, 50.83818083308924, 21.0 ], [ 4.333196100113499, 50.838213804703514, 19.5 ], [ 4.333242451558033, 50.838301152540708, 20.914501190185547 ], [ 4.333370884693695, 50.838323292262274, 19.327064514160156 ], [ 4.33344536484423, 50.838407915750153, 19.5 ] ] ], [ [ [ 4.333476838698546, 50.842835739787219, 18.5 ], [ 4.333366125034709, 50.842844204346306, 18.5 ], [ 4.333452541041487, 50.842901330872401, 18.174186706542969 ], [ 4.333519160606532, 50.84299249923415, 19.659133911132812 ], [ 4.333555643301836, 50.84291799031736, 19.640813827514648 ], [ 4.333572333573408, 50.84285532092661, 18.384233474731445 ], [ 4.333476838698546, 50.842835739787219, 18.5 ] ] ], [ [ [ 4.333405849493149, 50.84296186964086, 19.5 ], [ 4.33328683559499, 50.842958384387579, 19.77031135559082 ], [ 4.333286147900882, 50.843033816680062, 19.5 ], [ 4.333405849493149, 50.84296186964086, 19.5 ] ] ], [ [ [ 4.334151317510003, 50.844172279415808, 18.5 ], [ 4.334266018756101, 50.844122362492897, 18.5 ], [ 4.334386774548168, 50.844178093141473, 20.0 ], [ 4.334383207726158, 50.844083509777668, 20.076086044311523 ], [ 4.334280609353121, 50.844030641789658, 20.0 ], [ 4.334158490912385, 50.844084274692371, 18.5 ], [ 4.334151317510003, 50.844172279415808, 18.5 ] ] ], [ [ [ 4.334626719758894, 50.844219583855427, 18.5 ], [ 4.334636151891265, 50.844281413436605, 20.0 ], [ 4.334771391159653, 50.844274917567027, 20.0 ], [ 4.334862889581024, 50.844295013672316, 18.5 ], [ 4.334905987396884, 50.844349924574828, 20.0 ], [ 4.334990583619664, 50.844289074053513, 18.5 ], [ 4.335009780977623, 50.844211971506418, 20.206432342529297 ], [ 4.334892849680029, 50.844236704699064, 18.5 ], [ 4.334817328381526, 50.84419412329143, 20.004013061523438 ], [ 4.334716201038897, 50.844194109013387, 18.5 ], [ 4.334586144229213, 50.844112502640698, 20.231712341308594 ], [ 4.334559925067322, 50.844174085161562, 18.5 ], [ 4.334513329198439, 50.844068426975923, 20.262594223022461 ], [ 4.334386774548168, 50.844178093141473, 20.0 ], [ 4.334474862456695, 50.844202287025674, 20.0 ], [ 4.334626719758894, 50.844219583855427, 18.5 ] ] ], [ [ [ 4.335206482707592, 50.837567594518909, 20.5 ], [ 4.335384731605373, 50.837556654998565, 20.5 ], [ 4.335617263675391, 50.83752389276161, 20.611667633056641 ], [ 4.335678297734805, 50.837378083287327, 20.676982879638672 ], [ 4.335485712465875, 50.837318201499485, 19.908729553222656 ], [ 4.335450355477815, 50.837250509581999, 20.610591888427734 ], [ 4.335379504615679, 50.83734187549576, 18.5 ], [ 4.335271009305382, 50.837330636151322, 21.0 ], [ 4.335245822092592, 50.837398399156179, 20.512538909912109 ], [ 4.335156516364506, 50.837370950375252, 20.601133346557617 ], [ 4.335183987761889, 50.837479066068234, 22.0 ], [ 4.335206482707592, 50.837567594518909, 20.5 ] ], [ [ 4.335392075393959, 50.837443350924147, 19.979154586791992 ], [ 4.335288031682985, 50.837461208490296, 20.5 ], [ 4.335338824220348, 50.837394946098826, 18.970346450805664 ], [ 4.335392075393959, 50.837443350924147, 19.979154586791992 ] ] ], [ [ [ 4.335732102388397, 50.838027169082196, 19.941431045532227 ], [ 4.335692084842018, 50.838126637941677, 20.0 ], [ 4.335586670798141, 50.838204616560709, 19.38319206237793 ], [ 4.335474880042064, 50.83826158933568, 19.164915084838867 ], [ 4.335445759353447, 50.8383428695075, 20.22796630859375 ], [ 4.335510217796802, 50.838395934421911, 19.826925277709961 ], [ 4.335480878499307, 50.838460251393379, 20.5 ], [ 4.335562404366069, 50.838526212203568, 20.29118537902832 ], [ 4.335653780424284, 50.838588549041916, 20.002552032470703 ], [ 4.335697026493182, 50.838510085486945, 20.197641372680664 ], [ 4.335827682404815, 50.838457344640418, 20.154630661010742 ], [ 4.335867566942882, 50.83836253758772, 20.006263732910156 ], [ 4.335870803099969, 50.838293875190715, 19.308006286621094 ], [ 4.335922506236996, 50.838233485945985, 20.270959854125977 ], [ 4.335930713754756, 50.838167628651171, 21.462106704711914 ], [ 4.335804650191307, 50.838163979814183, 19.846046447753906 ], [ 4.335785421139517, 50.838088731940026, 20.0 ], [ 4.335870648940217, 50.838019096079734, 20.0 ], [ 4.336017411465846, 50.837886059063365, 20.631698608398438 ], [ 4.335715942436343, 50.837914412988404, 19.761037826538086 ], [ 4.335774059311444, 50.837835164809491, 20.0 ], [ 4.335691350550814, 50.837768962961469, 20.175643920898438 ], [ 4.335674995273367, 50.837830972826389, 20.697406768798828 ], [ 4.335597129906039, 50.837869978382301, 20.328193664550781 ], [ 4.335499245814836, 50.837843489870181, 20.491052627563477 ], [ 4.335397592348743, 50.837863491512572, 20.560529708862305 ], [ 4.335303961175089, 50.837902179706113, 20.265817642211914 ], [ 4.335204577144084, 50.837869751920209, 20.481685638427734 ], [ 4.335092529619118, 50.838024246240899, 20.070718765258789 ], [ 4.335356433616151, 50.838095940352318, 20.340950012207031 ], [ 4.335559641487875, 50.838122408277016, 20.5 ], [ 4.335732102388397, 50.838027169082196, 19.941431045532227 ] ] ], [ [ [ 4.334925467167405, 50.845246291231142, 20.5 ], [ 4.335061884170314, 50.845234546119123, 19.0 ], [ 4.335028891215174, 50.845319168678891, 20.548883438110352 ], [ 4.335186463448561, 50.84530496964711, 19.0 ], [ 4.335197211051819, 50.845204433392425, 19.0 ], [ 4.335084163876241, 50.845148532947597, 20.5 ], [ 4.334959160621996, 50.845150668905859, 19.0 ], [ 4.334925467167405, 50.845246291231142, 20.5 ] ] ], [ [ [ 4.335621987296588, 50.838658618317496, 21.5 ], [ 4.335483420702666, 50.838666353434739, 19.958742141723633 ], [ 4.335557548213165, 50.838719034097458, 21.466753005981445 ], [ 4.335621987296588, 50.838658618317496, 21.5 ] ] ], [ [ [ 4.335572830529316, 50.844307342152554, 18.5 ], [ 4.335664023387236, 50.844219511559992, 18.5 ], [ 4.335609388255559, 50.844160616773365, 20.331035614013672 ], [ 4.335456336017242, 50.844234029206405, 20.067449569702148 ], [ 4.33548395398144, 50.844327061745716, 20.0 ], [ 4.335572830529316, 50.844307342152554, 18.5 ] ] ], [ [ [ 4.336080784603818, 50.837368832773457, 21.0 ], [ 4.335947693196919, 50.837499849625409, 21.0 ], [ 4.336266061351122, 50.837594507165925, 21.0 ], [ 4.336261883956012, 50.837390166968127, 21.0 ], [ 4.336249893854502, 50.837255953702758, 21.152116775512695 ], [ 4.336118843852995, 50.837239290980357, 21.0 ], [ 4.336080784603818, 50.837368832773457, 21.0 ] ] ], [ [ [ 4.336020885542959, 50.838048325457933, 20.5 ], [ 4.336018893554431, 50.838132322499924, 20.60713005065918 ], [ 4.336176035579297, 50.838032428167828, 20.738361358642578 ], [ 4.336020885542959, 50.838048325457933, 20.5 ] ] ], [ [ [ 4.336327744398045, 50.838524066379115, 20.5 ], [ 4.336192757902478, 50.838477021304463, 20.5 ], [ 4.336221645892123, 50.83857472750438, 20.417945861816406 ], [ 4.336327744398045, 50.838524066379115, 20.5 ] ] ], [ [ [ 4.336171574862781, 50.838652668295154, 20.339736938476562 ], [ 4.336369472882367, 50.838628981452409, 20.5 ], [ 4.336221645892123, 50.83857472750438, 20.417945861816406 ], [ 4.336171574862781, 50.838652668295154, 20.339736938476562 ] ] ], [ [ [ 4.336334193057566, 50.838734841195517, 20.5 ], [ 4.336171574862781, 50.838652668295154, 20.339736938476562 ], [ 4.336126563063925, 50.838726449290448, 20.239431381225586 ], [ 4.336156394678232, 50.838803255335407, 20.279478073120117 ], [ 4.336334193057566, 50.838734841195517, 20.5 ] ] ], [ [ [ 4.336361484997953, 50.843761306641056, 18.613256454467773 ], [ 4.336260602424231, 50.843765057863259, 20.364141464233398 ], [ 4.336392190484092, 50.843822263848111, 20.060989379882812 ], [ 4.336361484997953, 50.843761306641056, 18.613256454467773 ] ] ], [ [ [ 4.336713384814905, 50.839962474307676, 19.81291389465332 ], [ 4.336892836864573, 50.839956350929484, 19.776630401611328 ], [ 4.336900007159591, 50.840032335395975, 21.145082473754883 ], [ 4.337047397039857, 50.839988630953961, 19.727388381958008 ], [ 4.337035777246645, 50.840057188131354, 21.115270614624023 ], [ 4.337141950977129, 50.840072506939393, 19.594804763793945 ], [ 4.33726970772222, 50.840087968707998, 19.672828674316406 ], [ 4.337338178434694, 50.840174881802028, 21.031169891357422 ], [ 4.337492565573764, 50.840171600175303, 19.5 ], [ 4.33750751610539, 50.840261034967554, 21.0 ], [ 4.337606682045002, 50.840212206356178, 19.5 ], [ 4.337629153736071, 50.840280907445624, 21.075729370117188 ], [ 4.337727731805194, 50.840232155815379, 19.587089538574219 ], [ 4.337816813050122, 50.840317607987295, 19.821395874023438 ], [ 4.337916407753168, 50.840356299044153, 19.898262023925781 ], [ 4.33807203298996, 50.840354121543271, 19.94148063659668 ], [ 4.338106762449168, 50.840282901666363, 19.86552619934082 ], [ 4.337985809551601, 50.84029677862749, 19.814847946166992 ], [ 4.337964461731626, 50.840188606185748, 21.165950775146484 ], [ 4.337848138270075, 50.840210702283763, 19.667516708374023 ], [ 4.337877165999152, 50.840135146495591, 21.058229446411133 ], [ 4.337758950416624, 50.840156209609745, 19.5 ], [ 4.337725377877676, 50.840080667183052, 21.037822723388672 ], [ 4.337555983668897, 50.840097141129739, 19.57056999206543 ], [ 4.337435642810209, 50.840019878525702, 19.720119476318359 ], [ 4.337307268534919, 50.839988932686744, 19.784364700317383 ], [ 4.337227524383629, 50.839933010393601, 21.297218322753906 ], [ 4.337143871973275, 50.839903604271257, 21.359180450439453 ], [ 4.337009610623976, 50.839906984614331, 19.854721069335938 ], [ 4.336977322428874, 50.839844520570146, 19.955270767211914 ], [ 4.336881894799251, 50.839880547057518, 19.895469665527344 ], [ 4.336818232021407, 50.839818187508058, 20.0 ], [ 4.336713384814905, 50.839962474307676, 19.81291389465332 ] ] ], [ [ [ 4.338339065534168, 50.840501956392941, 19.5 ], [ 4.338451193044803, 50.840532102320935, 19.5 ], [ 4.338551821298262, 50.840563394980656, 19.5 ], [ 4.338471256384022, 50.840612758154293, 21.0 ], [ 4.338534156414389, 50.840673289521945, 19.5 ], [ 4.338639307077279, 50.840701881227872, 19.541839599609375 ], [ 4.338661948956028, 50.840576683424985, 19.5 ], [ 4.338876958774707, 50.840546117010668, 19.578758239746094 ], [ 4.338784309857569, 50.840513620457521, 19.5 ], [ 4.338630832425007, 50.840490472646749, 19.5 ], [ 4.338501592327614, 50.840456946718135, 19.5 ], [ 4.338477290789266, 50.840381282779354, 19.5 ], [ 4.338356001807369, 50.840385072707541, 19.572566986083984 ], [ 4.338269131785452, 50.840438801518218, 19.691703796386719 ], [ 4.338339065534168, 50.840501956392941, 19.5 ] ] ], [ [ [ 4.337863147871696, 50.842230644988895, 19.487272262573242 ], [ 4.337763824573611, 50.842261707261819, 19.415878295898438 ], [ 4.337859261778461, 50.842311917749889, 19.326210021972656 ], [ 4.337863147871696, 50.842230644988895, 19.487272262573242 ] ] ], [ [ [ 4.338262256807202, 50.842450936563658, 19.320579528808594 ], [ 4.338159596433971, 50.842415413018522, 19.269275665283203 ], [ 4.338095762221311, 50.84233998895737, 19.330089569091797 ], [ 4.33799355138315, 50.842273818187621, 19.397336959838867 ], [ 4.337859261778461, 50.842311917749889, 19.326210021972656 ], [ 4.337918600903633, 50.842380916925642, 19.180807113647461 ], [ 4.338038797906274, 50.842415315573618, 19.163990020751953 ], [ 4.338092204021633, 50.842478888153188, 19.138980865478516 ], [ 4.338165006705853, 50.842569279979763, 20.618074417114258 ], [ 4.33820068110646, 50.842625971178677, 19.145030975341797 ], [ 4.338106540609903, 50.842643175503063, 20.523801803588867 ], [ 4.338165899261742, 50.842714444390189, 19.048370361328125 ], [ 4.338296080494966, 50.842694265240596, 19.174495697021484 ], [ 4.338403557137731, 50.842624241412537, 19.347019195556641 ], [ 4.338344536950665, 50.842534033009024, 19.344121932983398 ], [ 4.338262256807202, 50.842450936563658, 19.320579528808594 ] ] ], [ [ [ 4.338696700023787, 50.846432805545028, 19.207643508911133 ], [ 4.338430767012105, 50.846480100570254, 19.5 ], [ 4.338591365509062, 50.846658017636358, 19.284999847412109 ], [ 4.338684466105708, 50.846619203283083, 20.674064636230469 ], [ 4.338684901614474, 50.846548629735899, 19.205326080322266 ], [ 4.338696700023787, 50.846432805545028, 19.207643508911133 ] ] ], [ [ [ 4.337739610270401, 50.846533971814772, 19.322248458862305 ], [ 4.337881642359505, 50.84660939469952, 19.5 ], [ 4.337892125342576, 50.84647074882767, 19.363656997680664 ], [ 4.337739610270401, 50.846533971814772, 19.322248458862305 ] ] ], [ [ [ 4.338542019312322, 50.846807330764996, 19.318254470825195 ], [ 4.338564883922153, 50.846745642244294, 19.274398803710938 ], [ 4.338591365509062, 50.846658017636358, 19.284999847412109 ], [ 4.338427272965345, 50.846726428872948, 19.460405349731445 ], [ 4.338542019312322, 50.846807330764996, 19.318254470825195 ] ] ], [ [ [ 4.337715743972264, 50.847461635271152, 19.196962356567383 ], [ 4.337929898014077, 50.847325222271635, 19.117527008056641 ], [ 4.337837086751775, 50.847142090246294, 19.026140213012695 ], [ 4.337846648549916, 50.846894951203772, 19.039596557617188 ], [ 4.337721609072849, 50.847016655824049, 19.14179801940918 ], [ 4.337713549535057, 50.847149279914397, 19.031452178955078 ], [ 4.337668897476086, 50.847226800119181, 19.142242431640625 ], [ 4.337577304815047, 50.847349889734673, 19.301218032836914 ], [ 4.337715743972264, 50.847461635271152, 19.196962356567383 ] ] ], [ [ [ 4.34015596047717, 50.839426547493993, 20.0 ], [ 4.340233781657048, 50.839480552471088, 20.0 ], [ 4.340348183761094, 50.839566454487191, 20.0 ], [ 4.340621746659768, 50.839392415870378, 20.318265914916992 ], [ 4.340212245401965, 50.83936271578883, 20.0 ], [ 4.34044741868494, 50.839148377486623, 20.247468948364258 ], [ 4.340086708475233, 50.839274665277486, 20.0 ], [ 4.33996273579307, 50.839092632407123, 20.228401184082031 ], [ 4.339706748481134, 50.839190068093743, 20.0 ], [ 4.3395630103889, 50.839172190160021, 20.0 ], [ 4.339457624807146, 50.839236613695832, 20.0 ], [ 4.339569150501963, 50.83927892585028, 20.0 ], [ 4.339693138981227, 50.839303694815037, 21.5 ], [ 4.339801299918051, 50.839251748555775, 20.0 ], [ 4.339939781205302, 50.839284293592378, 20.0 ], [ 4.340025416748925, 50.839353950075193, 20.0 ], [ 4.34015596047717, 50.839426547493993, 20.0 ] ] ], [ [ [ 4.339342551763361, 50.839280031578461, 20.0 ], [ 4.339457624807146, 50.839236613695832, 20.0 ], [ 4.339367773247337, 50.839110912149323, 20.399753570556641 ], [ 4.339342551763361, 50.839280031578461, 20.0 ] ] ], [ [ [ 4.339032018145113, 50.839300185873988, 19.845365524291992 ], [ 4.339208598185401, 50.839279912863688, 20.0 ], [ 4.339342551763361, 50.839280031578461, 20.0 ], [ 4.339205011246015, 50.839202652677507, 20.048496246337891 ], [ 4.339032018145113, 50.839300185873988, 19.845365524291992 ] ] ], [ [ [ 4.341168746257448, 50.839629638684436, 20.0 ], [ 4.34123349859787, 50.839568021800261, 20.0 ], [ 4.341225558971541, 50.839494181332604, 20.0 ], [ 4.341313760657515, 50.839365636795101, 20.0 ], [ 4.340974509484576, 50.839449021503768, 20.199504852294922 ], [ 4.341065833376043, 50.83954182842772, 20.0 ], [ 4.340962076931326, 50.83963974061956, 20.124670028686523 ], [ 4.341006595675711, 50.839754232369287, 20.0 ], [ 4.341125268028429, 50.839789110208436, 20.0 ], [ 4.341115576150342, 50.839706495940234, 20.0 ], [ 4.341168746257448, 50.839629638684436, 20.0 ] ] ], [ [ [ 4.340342097397683, 50.839930368073048, 19.876918792724609 ], [ 4.34046600417105, 50.839862267177104, 20.0 ], [ 4.340370597788047, 50.839748951600484, 19.846477508544922 ], [ 4.34058659629576, 50.83962122080068, 20.209789276123047 ], [ 4.340303620507379, 50.839675221595094, 19.870595932006836 ], [ 4.340259651494732, 50.839755592940037, 19.682798385620117 ], [ 4.340194801306475, 50.839812977976706, 19.591236114501953 ], [ 4.340188359042759, 50.839894077056471, 19.652254104614258 ], [ 4.340194084331413, 50.839975197697512, 19.735963821411133 ], [ 4.34016491852966, 50.840043151157495, 19.942478179931641 ], [ 4.340409444022962, 50.840048742084157, 20.0 ], [ 4.340342097397683, 50.839930368073048, 19.876918792724609 ] ] ], [ [ [ 4.340190559770759, 50.840121835047341, 20.0 ], [ 4.340064568359777, 50.840137270531741, 21.246253967285156 ], [ 4.340153299151869, 50.840199589588494, 19.785829544067383 ], [ 4.34039919083652, 50.840204374585809, 20.0 ], [ 4.340190559770759, 50.840121835047341, 20.0 ] ] ], [ [ [ 4.340594985588078, 50.84066888361415, 19.721899032592773 ], [ 4.340602975261097, 50.8405733679853, 19.389921188354492 ], [ 4.340560794506502, 50.840481522689117, 16.0 ], [ 4.340693003602256, 50.840496560723473, 19.913251876831055 ], [ 4.340643411741914, 50.840414460707564, 19.290563583374023 ], [ 4.340738132195014, 50.84035020054403, 20.0 ], [ 4.340648315528564, 50.840281645505932, 14.5 ], [ 4.340769945682222, 50.840272578717894, 20.0 ], [ 4.340715087682939, 50.840203246784114, 19.506328582763672 ], [ 4.340806600130104, 50.840118596415351, 20.0 ], [ 4.340677871755971, 50.840124441655995, 15.102059364318848 ], [ 4.340556696474861, 50.840154083864235, 19.707536697387695 ], [ 4.340509315336352, 50.840261671695075, 19.736570358276367 ], [ 4.340553537224754, 50.840347467883312, 15.23552417755127 ], [ 4.340449806820566, 50.840416825831767, 19.566070556640625 ], [ 4.340435331454512, 50.84051190617329, 19.547527313232422 ], [ 4.34038849981332, 50.840673073505187, 19.081508636474609 ], [ 4.340447667269612, 50.840786684475752, 18.218908309936523 ], [ 4.340538334284077, 50.840736311295856, 19.478364944458008 ], [ 4.340488249370017, 50.840681103848787, 17.5 ], [ 4.340594985588078, 50.84066888361415, 19.721899032592773 ] ] ], [ [ [ 4.340020340999354, 50.840325211326537, 19.644363403320312 ], [ 4.340388140356146, 50.840314073097822, 20.0 ], [ 4.340153299151869, 50.840199589588494, 19.785829544067383 ], [ 4.340000351323664, 50.840247532899511, 21.059354782104492 ], [ 4.340020340999354, 50.840325211326537, 19.644363403320312 ] ] ], [ [ [ 4.340020340999354, 50.840325211326537, 19.644363403320312 ], [ 4.340026138895772, 50.840403828654125, 19.720207214355469 ], [ 4.339954647907223, 50.840475994865358, 19.738784790039062 ], [ 4.339883394951886, 50.840540172726421, 19.752782821655273 ], [ 4.339732580112245, 50.840583477590805, 19.787410736083984 ], [ 4.339595354698742, 50.840569258171499, 19.724111557006836 ], [ 4.339459288634388, 50.840604493529682, 19.745416641235352 ], [ 4.339689248192188, 50.840667137318263, 19.93223762512207 ], [ 4.339853726541198, 50.84065496299025, 19.94444465637207 ], [ 4.340004541490609, 50.840611657977242, 19.96919059753418 ], [ 4.340191434395511, 50.840430720551957, 20.0 ], [ 4.340020340999354, 50.840325211326537, 19.644363403320312 ] ] ], [ [ [ 4.342477744876727, 50.840472186812313, 19.5 ], [ 4.342331939317055, 50.840453122539373, 21.0 ], [ 4.342307897920517, 50.84051922255901, 19.567234039306641 ], [ 4.342406478518759, 50.840515476224468, 19.548442840576172 ], [ 4.342477744876727, 50.840472186812313, 19.5 ] ] ], [ [ [ 4.339188105396564, 50.840582441283466, 21.0 ], [ 4.339062391855824, 50.840669730905979, 19.698392868041992 ], [ 4.339002073041893, 50.840781234718072, 19.78095817565918 ], [ 4.339123415900072, 50.840785490801146, 19.54994010925293 ], [ 4.339255097701667, 50.840828703694577, 19.633075714111328 ], [ 4.339327720482654, 50.840865913229962, 19.675338745117188 ], [ 4.339418536958104, 50.840852041609708, 19.744596481323242 ], [ 4.339288084779415, 50.840686360266112, 19.603933334350586 ], [ 4.339459288634388, 50.840604493529682, 19.745416641235352 ], [ 4.339322440965454, 50.840599660217897, 19.630125045776367 ], [ 4.339188105396564, 50.840582441283466, 21.0 ] ] ], [ [ [ 4.342571522272152, 50.841722684171387, 19.0 ], [ 4.342672406835561, 50.841762291137208, 19.0 ], [ 4.342743731808095, 50.841857475657712, 19.0 ], [ 4.342753550420348, 50.841939516315605, 20.5 ], [ 4.342831418708611, 50.841983341862559, 19.0 ], [ 4.342926513723935, 50.842036863044775, 19.0 ], [ 4.342909068544307, 50.842104011647031, 20.5 ], [ 4.343025552883478, 50.842057962859428, 19.0 ], [ 4.343012442797137, 50.842144513652492, 19.0 ], [ 4.343168280608072, 50.842202317022227, 19.0 ], [ 4.343060855946502, 50.842294244612269, 18.954441070556641 ], [ 4.343184713254839, 50.842316197058757, 18.901803970336914 ], [ 4.343214907608705, 50.842398475704293, 20.254898071289062 ], [ 4.34331088948785, 50.842457145171018, 18.726045608520508 ], [ 4.343430543478802, 50.842530292712958, 18.755407333374023 ], [ 4.343393588764938, 50.842592501719011, 20.203102111816406 ], [ 4.34352598651695, 50.842575650606072, 18.790185928344727 ], [ 4.343465639973535, 50.842640836861648, 20.264659881591797 ], [ 4.343610738243102, 50.842650893972028, 19.0 ], [ 4.343632291382675, 50.842717569647832, 19.0 ], [ 4.343731911439395, 50.842743133452203, 19.0 ], [ 4.343763568666049, 50.84283358340722, 19.0 ], [ 4.343904442571772, 50.842892560392642, 19.0 ], [ 4.344022610933131, 50.842756869289005, 19.0 ], [ 4.343923815763373, 50.842683957238414, 19.0 ], [ 4.343797900097771, 50.842630355931334, 19.0 ], [ 4.343882611567567, 50.84256547861937, 20.5 ], [ 4.343762549563363, 50.842557983770455, 19.0 ], [ 4.343697731069184, 50.842481990907601, 18.94267463684082 ], [ 4.34363851741914, 50.842415026489022, 18.934459686279297 ], [ 4.343659777891183, 50.842346610170722, 20.471460342407227 ], [ 4.343580204324741, 50.842298405937697, 18.944570541381836 ], [ 4.343458769171266, 50.842212034110382, 19.0 ], [ 4.343436708145466, 50.842140099301304, 19.0 ], [ 4.343477395778399, 50.842064618841441, 19.0 ], [ 4.343643771961172, 50.842068392896401, 20.544998168945312 ], [ 4.343716584043968, 50.842007442411877, 19.204973220825195 ], [ 4.343772122347577, 50.841947389693168, 19.29017448425293 ], [ 4.343879787689203, 50.841933396719078, 20.951335906982422 ], [ 4.34379585270368, 50.841879440290427, 19.337394714355469 ], [ 4.343590291095933, 50.841920297121781, 20.637428283691406 ], [ 4.343514135861846, 50.842009241074479, 19.044227600097656 ], [ 4.343403546046264, 50.841994999226316, 20.538076400756836 ], [ 4.343383925579413, 50.842074885404962, 19.0 ], [ 4.343297687762727, 50.842049246502995, 19.0 ], [ 4.343291081289017, 50.841989069877599, 20.523981094360352 ], [ 4.343134980592462, 50.841913322427459, 19.0 ], [ 4.34303683333504, 50.841872200067186, 19.0 ], [ 4.342958976526654, 50.84180632735616, 19.0 ], [ 4.342913780218226, 50.841704933935084, 19.026718139648438 ], [ 4.342828771988851, 50.841652056572983, 19.001379013061523 ], [ 4.342806113357233, 50.841559648337736, 19.073734283447266 ], [ 4.342671485376956, 50.841518283962131, 19.0 ], [ 4.342656870712834, 50.841439222552886, 19.104574203491211 ], [ 4.342539798524138, 50.841407395832782, 19.0 ], [ 4.3423875622894, 50.841336268923889, 19.0 ], [ 4.342478332824988, 50.841283158019337, 19.081218719482422 ], [ 4.342273359962988, 50.841200368468868, 19.0 ], [ 4.342236514042982, 50.841082685656403, 19.042957305908203 ], [ 4.342156680606664, 50.841013478568883, 19.025989532470703 ], [ 4.342111947774958, 50.841085249152506, 19.0 ], [ 4.342017687278246, 50.841209813560837, 19.105987548828125 ], [ 4.342097073171432, 50.841262347819047, 19.066064834594727 ], [ 4.342203876027579, 50.841289056594746, 19.0 ], [ 4.342232997360969, 50.841386325097432, 19.037387847900391 ], [ 4.342357536897759, 50.841462910129991, 19.0 ], [ 4.342468117514285, 50.841577827418185, 19.0 ], [ 4.342505447662844, 50.84166024510187, 19.0 ], [ 4.342571522272152, 50.841722684171387, 19.0 ] ] ], [ [ [ 4.341961670143521, 50.841150479488462, 19.10667610168457 ], [ 4.342111947774958, 50.841085249152506, 19.0 ], [ 4.34189775927902, 50.841094434847875, 19.057455062866211 ], [ 4.341961670143521, 50.841150479488462, 19.10667610168457 ] ] ], [ [ [ 4.338787165867102, 50.846045089788788, 19.218399047851562 ], [ 4.338888245339271, 50.846032453174409, 19.024299621582031 ], [ 4.33887193897483, 50.845968045884625, 19.024715423583984 ], [ 4.338915099274542, 50.845902603332732, 19.18426513671875 ], [ 4.338925794344579, 50.845832009150769, 19.08802604675293 ], [ 4.339018886846243, 50.845750330295331, 20.5 ], [ 4.33895291929087, 50.845693785444048, 19.0 ], [ 4.339040452354458, 50.845650537083749, 20.5 ], [ 4.338969156244371, 50.845592860573404, 19.0 ], [ 4.339045499857159, 50.845537834518311, 19.0 ], [ 4.339230110305323, 50.845475671667906, 19.0 ], [ 4.339248463959986, 50.845406685368374, 19.0 ], [ 4.339093048852964, 50.845365937366722, 19.0 ], [ 4.338880228679218, 50.845495839306061, 19.382186889648438 ], [ 4.338880956517712, 50.845640251747319, 19.100757598876953 ], [ 4.338862726680224, 50.845741094135143, 19.107574462890625 ], [ 4.338796765880265, 50.845859795681775, 19.186861038208008 ], [ 4.338722647364852, 50.845960545284598, 19.30134391784668 ], [ 4.338787165867102, 50.846045089788788, 19.218399047851562 ] ] ], [ [ [ 4.338824523316907, 50.846193852314791, 19.098548889160156 ], [ 4.338786667866068, 50.846126836873161, 19.213846206665039 ], [ 4.338908249188833, 50.846099309417447, 20.561733245849609 ], [ 4.338787165867102, 50.846045089788788, 19.218399047851562 ], [ 4.338520968856471, 50.846095273856655, 19.5 ], [ 4.338712105987175, 50.846193577818234, 19.275203704833984 ], [ 4.338456108178034, 50.84630595984143, 19.5 ], [ 4.338696700023787, 50.846432805545028, 19.207643508911133 ], [ 4.338767628103955, 50.846306405822517, 19.113950729370117 ], [ 4.338824523316907, 50.846193852314791, 19.098548889160156 ] ] ], [ [ [ 4.344800531389245, 50.841408664195626, 19.5 ], [ 4.34465705351225, 50.841422761164033, 21.0 ], [ 4.344655026318824, 50.841495935148224, 19.5 ], [ 4.344703093902551, 50.841559221762559, 21.0 ], [ 4.344760518049816, 50.841466023489247, 19.5 ], [ 4.344800531389245, 50.841408664195626, 19.5 ] ] ], [ [ [ 4.343782159770209, 50.842925476767036, 19.0 ], [ 4.343900944897391, 50.842963179600396, 18.950725555419922 ], [ 4.343904442571772, 50.842892560392642, 19.0 ], [ 4.343782159770209, 50.842925476767036, 19.0 ] ] ], [ [ [ 4.34398369376223, 50.843010582726848, 18.883508682250977 ], [ 4.343923379111658, 50.843089517473707, 20.291513442993164 ], [ 4.344059690670019, 50.843132678093134, 18.718420028686523 ], [ 4.344142453454472, 50.843247587975377, 18.588191986083984 ], [ 4.344221056910667, 50.843289646585895, 18.535787582397461 ], [ 4.344260150746104, 50.843356677309629, 18.5 ], [ 4.344235445242778, 50.843421358757219, 20.0 ], [ 4.344353363293149, 50.843405181216752, 18.5 ], [ 4.344310770723659, 50.843483456477841, 20.0 ], [ 4.344245463781964, 50.843578455279321, 18.5 ], [ 4.344154819284609, 50.843548739142527, 18.5 ], [ 4.344075084563715, 50.843503452705157, 18.5 ], [ 4.344064682241527, 50.843579067730623, 18.5 ], [ 4.344128873556834, 50.843643171161375, 18.5 ], [ 4.343983952763534, 50.843635179465075, 20.0 ], [ 4.344021127398266, 50.843705050549197, 18.5 ], [ 4.343871478337748, 50.843698827757869, 20.0 ], [ 4.343829678183678, 50.843790597840659, 18.5 ], [ 4.343738671843017, 50.843773981428257, 20.0 ], [ 4.343661486641546, 50.843808736734729, 20.0 ], [ 4.34362526427087, 50.84386912472349, 18.504383087158203 ], [ 4.34352334840193, 50.843872135374404, 20.017753601074219 ], [ 4.343437288594162, 50.843950718221613, 18.5 ], [ 4.343295614735802, 50.843941179241682, 18.747581481933594 ], [ 4.343273172565687, 50.84402301126088, 18.884197235107422 ], [ 4.343428430959547, 50.844040951429157, 18.830968856811523 ], [ 4.343556119346359, 50.844000481455772, 18.850931167602539 ], [ 4.34361070565974, 50.844048965718194, 18.936790466308594 ], [ 4.343724386351726, 50.844131842096253, 18.796554565429688 ], [ 4.343728082878227, 50.844213588481267, 18.574869155883789 ], [ 4.343671041206385, 50.844282571436111, 18.583053588867188 ], [ 4.343787157012287, 50.844277114432366, 19.920316696166992 ], [ 4.343883358633812, 50.8442402434884, 20.0 ], [ 4.34389750845314, 50.844169610611864, 18.5 ], [ 4.34397156008777, 50.844211310511682, 18.5 ], [ 4.344000529000819, 50.844271315751755, 20.0 ], [ 4.344127319625125, 50.844266342924172, 18.5 ], [ 4.344054982596918, 50.844177437840969, 18.5 ], [ 4.343998884071052, 50.84409543276027, 18.5 ], [ 4.344139874823955, 50.844099675644777, 20.0 ], [ 4.344150592065247, 50.844005389881652, 18.5 ], [ 4.344278602606901, 50.844058609536617, 20.221973419189453 ], [ 4.344268840012617, 50.843979699453861, 18.5 ], [ 4.344353187117624, 50.844015213516279, 20.23356819152832 ], [ 4.344337459657996, 50.843913536860079, 18.5 ], [ 4.344506223712066, 50.84394947581815, 20.183616638183594 ], [ 4.344553969142759, 50.843888133824578, 18.5 ], [ 4.344634156786576, 50.843802981113022, 18.507829666137695 ], [ 4.344765996426366, 50.843862138652305, 18.5 ], [ 4.34487859713755, 50.843924107271853, 18.609983444213867 ], [ 4.344940770646968, 50.843980081632509, 18.833335876464844 ], [ 4.344962369808036, 50.844048452733134, 19.11292839050293 ], [ 4.345028118507059, 50.844104388104228, 18.840839385986328 ], [ 4.345071426836935, 50.844173530152133, 20.406417846679688 ], [ 4.345184558352934, 50.844205690763623, 18.923837661743164 ], [ 4.3451842822668, 50.84427218279896, 18.998987197875977 ], [ 4.34528445613837, 50.844252213579495, 18.955183029174805 ], [ 4.34546162666869, 50.8443235632189, 18.997386932373047 ], [ 4.345662813487556, 50.844316485659689, 18.947381973266602 ], [ 4.345615407514802, 50.84426026641821, 18.892541885375977 ], [ 4.345517289991982, 50.844246038314836, 18.893402099609375 ], [ 4.345513005805306, 50.844160922231154, 18.796781539916992 ], [ 4.345635389952657, 50.84410669966384, 18.706844329833984 ], [ 4.345489276821248, 50.844087047894917, 20.217277526855469 ], [ 4.345371742021801, 50.84408132179059, 18.732065200805664 ], [ 4.345371814985238, 50.844006686942414, 18.64617919921875 ], [ 4.345329615732708, 50.843945107586002, 20.120088577270508 ], [ 4.345224213433078, 50.843952352188822, 18.736244201660156 ], [ 4.345308907186652, 50.843879274768305, 20.0 ], [ 4.345199812035698, 50.843884803652358, 18.5 ], [ 4.345247802311903, 50.843790812544832, 20.0 ], [ 4.345108600740648, 50.843846508031532, 18.5 ], [ 4.345123429771125, 50.843742675027443, 20.0 ], [ 4.345039189432678, 50.843667354122481, 20.0 ], [ 4.344937214597272, 50.843687496451885, 18.5 ], [ 4.345002767399237, 50.843600589848599, 20.0 ], [ 4.344894778653078, 50.843582854262067, 18.683544158935547 ], [ 4.344854789900038, 50.843506396808479, 18.931318283081055 ], [ 4.34475188415214, 50.843459049328636, 18.855836868286133 ], [ 4.344701155378088, 50.843384102489985, 18.736064910888672 ], [ 4.344793391599644, 50.84337338341691, 20.334497451782227 ], [ 4.344808743181314, 50.843314810079157, 18.841894149780273 ], [ 4.344655368598294, 50.843318220220027, 18.646194458007812 ], [ 4.344550545057086, 50.843290360792672, 18.557540893554688 ], [ 4.344545124134826, 50.84321952509432, 18.65015983581543 ], [ 4.34446629929893, 50.843169139183594, 18.656431198120117 ], [ 4.34441268968566, 50.843084465444356, 18.757410049438477 ], [ 4.344377018814041, 50.843028125353626, 20.317804336547852 ], [ 4.344259407892253, 50.842999336227983, 18.857376098632812 ], [ 4.344202708791331, 50.842938354758317, 18.942859649658203 ], [ 4.344106392290467, 50.842902457507918, 18.998985290527344 ], [ 4.343900944897391, 50.842963179600396, 18.950725555419922 ], [ 4.34398369376223, 50.843010582726848, 18.883508682250977 ] ], [ [ 4.344298129376436, 50.843690946665198, 18.853279113769531 ], [ 4.344481862034478, 50.843647492359594, 19.0 ], [ 4.344530289263994, 50.843738158000946, 18.805009841918945 ], [ 4.344419443148841, 50.843779641100291, 18.885160446166992 ], [ 4.344298129376436, 50.843690946665198, 18.853279113769531 ] ] ], [ [ [ 4.344953140882852, 50.843277126825313, 18.98573112487793 ], [ 4.345102317324518, 50.843242721226595, 20.302350997924805 ], [ 4.345168429507394, 50.843151329576621, 18.923725128173828 ], [ 4.345354557180726, 50.843137650737518, 20.438484191894531 ], [ 4.34524799320819, 50.843070852223235, 19.132320404052734 ], [ 4.345099207961449, 50.843059011719951, 20.737773895263672 ], [ 4.345062003124377, 50.843153540418818, 18.931114196777344 ], [ 4.34496966009838, 50.843119968718526, 20.499483108520508 ], [ 4.344997340346747, 50.843207105521749, 18.941932678222656 ], [ 4.344881643648161, 50.843189211029923, 20.406595230102539 ], [ 4.344806543392523, 50.843243017833842, 20.328035354614258 ], [ 4.344808743181314, 50.843314810079157, 18.841894149780273 ], [ 4.344953140882852, 50.843277126825313, 18.98573112487793 ] ] ], [ [ [ 4.344729349649388, 50.84553746612972, 18.233776092529297 ], [ 4.344659063932172, 50.845579064919249, 19.840145111083984 ], [ 4.344747489003396, 50.845643348145437, 18.678050994873047 ], [ 4.344812088035643, 50.845568556828127, 18.408000946044922 ], [ 4.344916109352594, 50.845653147096826, 18.484508514404297 ], [ 4.345018392416239, 50.845738582847503, 18.410881042480469 ], [ 4.345115623362639, 50.845875645678113, 18.29768180847168 ], [ 4.34472937492098, 50.846010651287507, 19.0 ], [ 4.345201715392452, 50.846109115210858, 18.237285614013672 ], [ 4.345017870836977, 50.846341352161147, 18.513647079467773 ], [ 4.344768251142664, 50.846385228983387, 18.505979537963867 ], [ 4.34472892141044, 50.846473606021597, 19.696323394775391 ], [ 4.344896642658822, 50.846427929210783, 18.285436630249023 ], [ 4.34490100084369, 50.846543487582629, 18.5 ], [ 4.344894654953416, 50.846658494582208, 18.5 ], [ 4.344988594521928, 50.846657736081475, 18.5 ], [ 4.345027314008956, 50.846603544980418, 18.5 ], [ 4.345197694640804, 50.846536274409438, 18.5 ], [ 4.345292554000771, 50.846516069898215, 18.5 ], [ 4.345324911253942, 50.846456110182956, 19.986457824707031 ], [ 4.345299886809911, 50.846390654714746, 18.368646621704102 ], [ 4.34544884376106, 50.846422874048912, 19.713659286499023 ], [ 4.345382941713134, 50.846348576883187, 18.117546081542969 ], [ 4.345520870520872, 50.846376238091487, 19.573143005371094 ], [ 4.345516512756604, 50.846311071540377, 18.0 ], [ 4.345578002808846, 50.846254573446039, 18.0 ], [ 4.345709078282239, 50.84620855004885, 19.5 ], [ 4.345775789054517, 50.846143895583083, 18.0 ], [ 4.345899854007388, 50.84613104076125, 19.5 ], [ 4.345915098079056, 50.846047727619428, 18.0 ], [ 4.346075576167236, 50.846004877824022, 18.0 ], [ 4.346193655259251, 50.846048785203998, 19.5 ], [ 4.346228191553275, 50.846132679655639, 19.5 ], [ 4.346272832693765, 50.846184043283088, 19.5 ], [ 4.346364868212846, 50.84617757284785, 18.0 ], [ 4.346336398830267, 50.846070028486373, 18.0 ], [ 4.346331278447026, 50.845985403865349, 19.5 ], [ 4.346202600174745, 50.845962273259154, 18.0 ], [ 4.346207148816764, 50.84590038861807, 18.0 ], [ 4.346240714649429, 50.845830226912526, 18.055959701538086 ], [ 4.346233367936064, 50.845734066373623, 18.161623001098633 ], [ 4.346328115105054, 50.845739992265081, 19.711362838745117 ], [ 4.346261675966543, 50.845629584288609, 18.293651580810547 ], [ 4.346275530239295, 50.845523939737191, 18.419097900390625 ], [ 4.346388295305931, 50.845516856366025, 18.479518890380859 ], [ 4.346500606938553, 50.845507312761157, 18.5 ], [ 4.346601869618672, 50.845567543610791, 18.5 ], [ 4.346662822582798, 50.84566997930542, 18.486660003662109 ], [ 4.346774186613042, 50.845726538810695, 18.497304916381836 ], [ 4.346812325814183, 50.845813641913963, 18.406906127929688 ], [ 4.346946034184947, 50.845743276851579, 18.71476936340332 ], [ 4.346906114424696, 50.845620002544734, 18.5 ], [ 4.347041909889488, 50.845591545970038, 20.009477615356445 ], [ 4.346952019332809, 50.845534232097762, 18.5 ], [ 4.346841229453058, 50.845464254777085, 18.5 ], [ 4.346687539213573, 50.845445576203922, 18.5 ], [ 4.346838211575833, 50.845370474025017, 18.5 ], [ 4.346925418681023, 50.845332381771343, 18.5 ], [ 4.346981962711768, 50.845275655917597, 18.451936721801758 ], [ 4.346944249885585, 50.845212581787884, 18.404441833496094 ], [ 4.346896451747471, 50.845152310210082, 18.370187759399414 ], [ 4.346797406992846, 50.845109900716466, 18.389402389526367 ], [ 4.346700638207968, 50.845033503118643, 18.417182922363281 ], [ 4.346761415210014, 50.844943450730902, 19.878974914550781 ], [ 4.346836742900921, 50.844892907688006, 18.343059539794922 ], [ 4.346951788625355, 50.844949719865539, 19.795110702514648 ], [ 4.347036882438942, 50.844862013144379, 18.255382537841797 ], [ 4.347108010188657, 50.84492121804162, 19.721370697021484 ], [ 4.347136534928159, 50.84482261095345, 18.216146469116211 ], [ 4.347246524884223, 50.84487265010376, 19.658445358276367 ], [ 4.347365462407616, 50.844831627399323, 19.616853713989258 ], [ 4.347475164153265, 50.844830494165343, 19.566129684448242 ], [ 4.347576039480697, 50.844857812733764, 19.516263961791992 ], [ 4.347681203961518, 50.84487164311038, 18.0 ], [ 4.347727538090149, 50.84493299333036, 19.5 ], [ 4.347751757323463, 50.845034911644191, 19.529140472412109 ], [ 4.347861099217952, 50.845062406523091, 18.112636566162109 ], [ 4.347772007306655, 50.84510352726619, 19.517576217651367 ], [ 4.34775887668523, 50.845172833562408, 19.568962097167969 ], [ 4.347723963509424, 50.845273850429571, 18.224266052246094 ], [ 4.347708131606728, 50.845376770611502, 18.368064880371094 ], [ 4.347583764996595, 50.845455484092597, 18.5 ], [ 4.347561494713046, 50.845514646004702, 20.0 ], [ 4.347477551378499, 50.845544217581399, 20.0 ], [ 4.347443224899072, 50.845609400186177, 18.5 ], [ 4.347353554076186, 50.845648105613847, 18.589023590087891 ], [ 4.347219427010582, 50.84568534071132, 20.287225723266602 ], [ 4.347131493063488, 50.845735167530471, 18.990346908569336 ], [ 4.347253939530737, 50.845740659855515, 18.865266799926758 ], [ 4.347346695529206, 50.84573122132015, 18.650398254394531 ], [ 4.347478266121989, 50.845674430382651, 18.5 ], [ 4.347547804250344, 50.845615983558851, 18.5 ], [ 4.347634167770544, 50.84565389780753, 20.0 ], [ 4.347615348737991, 50.845565008645814, 18.5 ], [ 4.347798719812769, 50.845537978205151, 18.341606140136719 ], [ 4.347846477688636, 50.845617172272924, 19.698022842407227 ], [ 4.347949789197528, 50.845609208744399, 18.064262390136719 ], [ 4.347988808500139, 50.845670638258831, 19.5 ], [ 4.348068403562906, 50.845730316373597, 19.5 ], [ 4.348150731421425, 50.845792043238831, 19.476802825927734 ], [ 4.348200461737781, 50.845848862048662, 17.827186584472656 ], [ 4.348118620983089, 50.845901518002826, 17.577468872070312 ], [ 4.348002152038731, 50.845906011690332, 19.060327529907227 ], [ 4.347806686720366, 50.845845377569539, 19.366994857788086 ], [ 4.347836512221043, 50.845909627497051, 19.0 ], [ 4.347810811607032, 50.84601328779749, 17.939813613891602 ], [ 4.347662591842465, 50.845999555504555, 20.0 ], [ 4.347665178000698, 50.846086948524061, 17.979711532592773 ], [ 4.347799486778934, 50.846107195637394, 19.158803939819336 ], [ 4.347934120585339, 50.846067136649481, 19.138433456420898 ], [ 4.34795332205675, 50.845984066831591, 17.5 ], [ 4.348049840451178, 50.846041637568248, 19.215080261230469 ], [ 4.348113401502077, 50.845975317940066, 19.171457290649414 ], [ 4.348164706316698, 50.846068640205061, 17.952550888061523 ], [ 4.348261614049502, 50.846006290380735, 19.447586059570312 ], [ 4.348241687946952, 50.845925918073881, 19.262977600097656 ], [ 4.348369169806547, 50.845936158718345, 17.975399017333984 ], [ 4.348399386532197, 50.845999684950556, 18.0 ], [ 4.348367082233635, 50.846062798295378, 19.5 ], [ 4.348481367269463, 50.846041009353129, 18.0 ], [ 4.348566475436068, 50.845957027270764, 19.825265884399414 ], [ 4.348472833330868, 50.845927604216023, 18.305992126464844 ], [ 4.348467966251969, 50.845861491133448, 20.063077926635742 ], [ 4.348336438492371, 50.845810958384689, 18.198774337768555 ], [ 4.348300128271454, 50.845719748183321, 19.648054122924805 ], [ 4.348191728201768, 50.845732494842849, 18.0 ], [ 4.348265251923127, 50.845625699961083, 18.0 ], [ 4.348364426779654, 50.845590260827571, 19.552934646606445 ], [ 4.348437446251054, 50.845478012117425, 18.035806655883789 ], [ 4.348331779261047, 50.845402926053147, 18.009862899780273 ], [ 4.348321214501848, 50.84547623069011, 19.5 ], [ 4.348276754911555, 50.84554424505972, 18.0 ], [ 4.348148342835381, 50.84553538844726, 19.5 ], [ 4.348176849192286, 50.845596083449713, 18.0 ], [ 4.348048436993327, 50.845587226727979, 19.5 ], [ 4.347892110151127, 50.845553978942412, 18.237590789794922 ], [ 4.347879615391145, 50.845481514078742, 19.765752792358398 ], [ 4.347761548785541, 50.845481426230101, 18.380779266357422 ], [ 4.347819007618952, 50.84541953515587, 19.856660842895508 ], [ 4.347777105203938, 50.845329075233607, 18.267450332641602 ], [ 4.347870318092284, 50.845355514932741, 19.74165153503418 ], [ 4.34780194424879, 50.845231726622544, 18.123653411865234 ], [ 4.347903416579965, 50.84522252748328, 19.55183219909668 ], [ 4.347909088673601, 50.845130414606992, 18.062524795532227 ], [ 4.348028269310182, 50.845175099979016, 19.57244873046875 ], [ 4.348103815868149, 50.845248602228338, 19.529836654663086 ], [ 4.348094562613594, 50.845326125525844, 19.557764053344727 ], [ 4.348224479802241, 50.845248665949974, 19.597326278686523 ], [ 4.348166387651951, 50.845181708098096, 19.647438049316406 ], [ 4.348107882046674, 50.84508998781677, 18.21757698059082 ], [ 4.348223289272076, 50.845113819856444, 19.747528076171875 ], [ 4.348288594321632, 50.845049034050568, 18.347614288330078 ], [ 4.348326909768489, 50.845110101517108, 19.832500457763672 ], [ 4.348424884783523, 50.845050109053304, 18.489400863647461 ], [ 4.348539942445946, 50.84509479057634, 20.066543579101562 ], [ 4.348609830905764, 50.845022652715244, 18.76097297668457 ], [ 4.348674890787885, 50.845096578548763, 18.684942245483398 ], [ 4.34869319837387, 50.845202383694009, 20.025665283203125 ], [ 4.348794690585225, 50.845277712054688, 18.5 ], [ 4.348702852121465, 50.845370249289829, 18.339887619018555 ], [ 4.348611676520252, 50.8453904854386, 18.25177001953125 ], [ 4.348528617237797, 50.845359239015394, 19.855175018310547 ], [ 4.34857761451004, 50.845447726620854, 18.246294021606445 ], [ 4.34867857672397, 50.845508847932017, 20.0 ], [ 4.348689294142112, 50.845439660215469, 18.5 ], [ 4.348798467224204, 50.845447113367385, 20.0 ], [ 4.348851883784436, 50.845358209317098, 18.5 ], [ 4.34888966413948, 50.845418192341739, 20.0 ], [ 4.34899147498347, 50.845422105220358, 18.5 ], [ 4.349057357375404, 50.845502534354907, 18.5 ], [ 4.349023936898222, 50.845590630768292, 20.0 ], [ 4.349190347462841, 50.845535992469436, 18.632785797119141 ], [ 4.349149331600011, 50.845478669357647, 18.549955368041992 ], [ 4.349164145748247, 50.845416441840193, 20.113391876220703 ], [ 4.349062379702615, 50.845343271478562, 18.5 ], [ 4.34910242687607, 50.845256167626346, 18.538259506225586 ], [ 4.348932714137217, 50.84520660610297, 18.641326904296875 ], [ 4.348918862262825, 50.845139085836657, 20.199993133544922 ], [ 4.348805973656447, 50.845096903296032, 18.691577911376953 ], [ 4.348742170878362, 50.845024406215551, 18.900279998779297 ], [ 4.348744452272879, 50.844940909112999, 19.081171035766602 ], [ 4.348612627771939, 50.844938044516397, 18.856290817260742 ], [ 4.348534733495841, 50.844858021303736, 18.853199005126953 ], [ 4.348403932243591, 50.844813548251281, 18.707874298095703 ], [ 4.3484363895137, 50.844755381597309, 18.861162185668945 ], [ 4.34838319997615, 50.844703694023067, 18.846921920776367 ], [ 4.348365006487994, 50.84464517612119, 20.0 ], [ 4.348194302520846, 50.844644122855748, 18.5 ], [ 4.348287809072892, 50.844610996694925, 20.0 ], [ 4.348143396973544, 50.844584428650776, 18.5 ], [ 4.348161757435911, 50.844489928585624, 20.0 ], [ 4.348046215207153, 50.84451176694202, 18.5 ], [ 4.348075963956142, 50.844441418086049, 18.5 ], [ 4.348217723293204, 50.844376623091485, 20.0 ], [ 4.348295596233913, 50.844300731043845, 18.510358810424805 ], [ 4.348421684672288, 50.84425809855172, 20.080171585083008 ], [ 4.348362816477643, 50.844179996963234, 18.729764938354492 ], [ 4.348269065081134, 50.84421180281754, 18.663600921630859 ], [ 4.34817581855017, 50.844224904482921, 20.162389755249023 ], [ 4.348139711450065, 50.844280889970761, 18.556493759155273 ], [ 4.347977910792364, 50.844314211683105, 20.0 ], [ 4.347885219496018, 50.844274780769567, 18.658332824707031 ], [ 4.347779712660819, 50.844263565676137, 18.68345832824707 ], [ 4.347732833121295, 50.844192370253921, 18.933549880981445 ], [ 4.347673404602178, 50.844098898903809, 20.541194915771484 ], [ 4.347571036609701, 50.844125987796602, 18.77937126159668 ], [ 4.347597959137623, 50.844047393655629, 20.457393646240234 ], [ 4.347460326199561, 50.84404307839376, 18.676177978515625 ], [ 4.347463574134971, 50.843952410782038, 18.586771011352539 ], [ 4.34735841546616, 50.843930384690374, 18.5 ], [ 4.347404298239626, 50.843866556590875, 20.0 ], [ 4.347249758094053, 50.843860549491318, 18.5 ], [ 4.347332332754748, 50.843808846674996, 20.0 ], [ 4.347223249494058, 50.843791294267398, 18.5 ], [ 4.347132127306615, 50.84374946674275, 18.5 ], [ 4.347089734415745, 50.84364667002805, 20.0 ], [ 4.347041696719447, 50.84358781658679, 20.0 ], [ 4.346900889433195, 50.843525688809798, 18.617179870605469 ], [ 4.346952111326982, 50.84347457357935, 18.547164916992188 ], [ 4.347047317597808, 50.843469008962664, 20.0 ], [ 4.347016151200005, 50.843410666871598, 18.5 ], [ 4.347121036441195, 50.843387266147396, 18.512866973876953 ], [ 4.347206884930391, 50.843351073069648, 18.588796615600586 ], [ 4.347349818594747, 50.843294320018757, 18.624502182006836 ], [ 4.347491056979253, 50.843326925298761, 20.21434211730957 ], [ 4.347592512468142, 50.843251557922699, 18.645421981811523 ], [ 4.347432404383156, 50.843209467093793, 20.039276123046875 ], [ 4.347333544389354, 50.84321660604661, 18.522764205932617 ], [ 4.34717324513532, 50.843214754626651, 18.5 ], [ 4.34712196080945, 50.843297639749949, 18.571069717407227 ], [ 4.347035941800389, 50.843350366314013, 18.5 ], [ 4.346919506416612, 50.84341766705527, 18.56761360168457 ], [ 4.346798089950477, 50.843463932714876, 18.678722381591797 ], [ 4.346784254724812, 50.843374639517364, 20.138021469116211 ], [ 4.346684059851151, 50.843365150449003, 18.688098907470703 ], [ 4.346596501137928, 50.843332884377055, 18.73876953125 ], [ 4.346552056215299, 50.84326043533941, 18.771821975708008 ], [ 4.34645676158708, 50.843211441361419, 18.843189239501953 ], [ 4.346359510347361, 50.843127239195759, 18.915922164916992 ], [ 4.346323255869901, 50.843053158643407, 20.439167022705078 ], [ 4.346228375265496, 50.843004106932611, 19.023029327392578 ], [ 4.346226901534943, 50.84288256634121, 19.035943984985352 ], [ 4.346334225435434, 50.842983341226983, 20.432998657226562 ], [ 4.346339160616424, 50.842869700990249, 18.938905715942383 ], [ 4.346404312666501, 50.842928994783328, 20.386695861816406 ], [ 4.34644669780014, 50.842858764130298, 18.864471435546875 ], [ 4.346554636465084, 50.842867979372294, 20.276144027709961 ], [ 4.346685033632909, 50.842934966679437, 18.68071174621582 ], [ 4.346693843586847, 50.842999002994432, 20.174942016601562 ], [ 4.346813498660872, 50.843003160601015, 18.585945129394531 ], [ 4.346763581996318, 50.843072137941071, 20.124675750732422 ], [ 4.346916159939361, 50.84305325925019, 18.500967025756836 ], [ 4.346906139305085, 50.842955033129286, 20.004726409912109 ], [ 4.346779477493798, 50.842946248879805, 18.604177474975586 ], [ 4.346805609556768, 50.842887689874885, 20.077241897583008 ], [ 4.346644701846787, 50.842836339468754, 18.706718444824219 ], [ 4.346646777898739, 50.842771138927297, 20.200214385986328 ], [ 4.346567755761658, 50.842734926669962, 20.292245864868164 ], [ 4.346438747059899, 50.842718749019042, 18.903942108154297 ], [ 4.346393863477432, 50.842615872968416, 19.015039443969727 ], [ 4.346416061249243, 50.842525987789841, 19.104402542114258 ], [ 4.346287081729755, 50.842515479864545, 19.275415420532227 ], [ 4.346167203547144, 50.84254739205371, 19.392650604248047 ], [ 4.346201112522659, 50.842704947553344, 19.161872863769531 ], [ 4.345992860157528, 50.842879560510163, 19.379877090454102 ], [ 4.346017694706423, 50.843069390293302, 19.337581634521484 ], [ 4.346206783232549, 50.843082160939076, 19.035524368286133 ], [ 4.346109784200832, 50.843132237012547, 19.180591583251953 ], [ 4.346236297110258, 50.843162784699139, 18.992549896240234 ], [ 4.34624008397691, 50.843238636824886, 18.988914489746094 ], [ 4.346378359855319, 50.843275201351744, 18.889036178588867 ], [ 4.346333388806843, 50.843343375437811, 20.414819717407227 ], [ 4.346427579075023, 50.843339619766915, 18.856439590454102 ], [ 4.346525236971209, 50.843468928322437, 18.832681655883789 ], [ 4.346632697749912, 50.843500402465487, 18.784465789794922 ], [ 4.346596998320685, 50.843571878626364, 18.846845626831055 ], [ 4.346464923287736, 50.843607078960446, 20.436895370483398 ], [ 4.346449728363399, 50.843677719820988, 18.983579635620117 ], [ 4.346640954693012, 50.843658232989547, 20.371850967407227 ], [ 4.346740150711573, 50.843567770157861, 18.771575927734375 ], [ 4.346749812996634, 50.843688769249866, 20.361232757568359 ], [ 4.346854303179873, 50.843652629688656, 18.726268768310547 ], [ 4.346886544143413, 50.843749570560092, 18.71893310546875 ], [ 4.346971876149822, 50.843834570163729, 20.118505477905273 ], [ 4.347115566971323, 50.843844477743623, 18.5 ], [ 4.347038393624477, 50.843915816936658, 19.995941162109375 ], [ 4.347158252668604, 50.843915389998052, 18.5 ], [ 4.347153714269917, 50.843986391524403, 19.990472793579102 ], [ 4.347288545001886, 50.844074150462873, 19.951192855834961 ], [ 4.347384692884182, 50.844081345401413, 18.522684097290039 ], [ 4.347323025289644, 50.84415056295196, 19.891300201416016 ], [ 4.347444151315251, 50.844129721750093, 18.526498794555664 ], [ 4.347408950970264, 50.844199230126151, 19.913675308227539 ], [ 4.347509790047885, 50.844219700029313, 18.470817565917969 ], [ 4.347607790382611, 50.844320184730343, 19.942001342773438 ], [ 4.347714028183639, 50.844316555094686, 18.5 ], [ 4.347639502959183, 50.844376676386887, 19.920257568359375 ], [ 4.347733710290775, 50.844382752103591, 18.484029769897461 ], [ 4.347758039431279, 50.84449185274196, 18.387348175048828 ], [ 4.347628605619025, 50.844533563236915, 19.758106231689453 ], [ 4.347524247645192, 50.844595847382351, 19.611026763916016 ], [ 4.347435267791264, 50.844658341388062, 19.508090972900391 ], [ 4.347389789494274, 50.844726417181519, 18.064123153686523 ], [ 4.347302872460418, 50.844677069412796, 18.069562911987305 ], [ 4.347289568833753, 50.844591594374002, 19.531696319580078 ], [ 4.347208328046453, 50.844554376513685, 19.546829223632812 ], [ 4.34720558313908, 50.844490911955539, 19.512905120849609 ], [ 4.347119663065306, 50.844458548216899, 19.528038024902344 ], [ 4.347038374940634, 50.844421091227275, 18.043169021606445 ], [ 4.346993588470242, 50.844354847495886, 19.521656036376953 ], [ 4.346958705891713, 50.844292782657774, 19.501405715942383 ], [ 4.346876429786717, 50.844252455262406, 18.014369964599609 ], [ 4.346786498308168, 50.844167505429667, 18.082881927490234 ], [ 4.346592820055402, 50.844231035915463, 19.708393096923828 ], [ 4.346732714354903, 50.844251885511127, 19.51158332824707 ], [ 4.346803948226269, 50.844315219420899, 19.577060699462891 ], [ 4.34688865621971, 50.844354431348286, 18.061927795410156 ], [ 4.346940105520078, 50.844457441957971, 19.602828979492188 ], [ 4.34704739863258, 50.844502289042026, 18.081035614013672 ], [ 4.347016144643202, 50.844591609343482, 19.641008377075195 ], [ 4.347112256316208, 50.844572571052602, 18.096794128417969 ], [ 4.347133965386738, 50.844635586046969, 19.61921501159668 ], [ 4.347170476622243, 50.84469579760723, 19.631034851074219 ], [ 4.34726026643038, 50.844768144881257, 18.135288238525391 ], [ 4.347114884694597, 50.844755060864351, 19.68797492980957 ], [ 4.347006408304555, 50.84476090623626, 19.738845825195312 ], [ 4.346921315014784, 50.84484861262181, 18.309761047363281 ], [ 4.346784301415934, 50.844831861234269, 19.864824295043945 ], [ 4.34667346501206, 50.844885538218442, 18.413928985595703 ], [ 4.346558495150065, 50.844858020795179, 19.971414566040039 ], [ 4.346623604259994, 50.84495941592423, 18.445072174072266 ], [ 4.346494773427074, 50.844924563267547, 18.5 ], [ 4.346422581487492, 50.844996157067442, 18.5 ], [ 4.346311596574449, 50.844945843058007, 18.5 ], [ 4.346173920167318, 50.844849608778574, 18.534309387207031 ], [ 4.345959702427517, 50.844861826065284, 18.524847030639648 ], [ 4.345940619028286, 50.84496122719905, 18.5 ], [ 4.346014220126529, 50.845040455987494, 18.5 ], [ 4.346148640870776, 50.84507467618068, 18.5 ], [ 4.346023696798307, 50.845121111654294, 18.47504997253418 ], [ 4.345964597601729, 50.845193136261265, 18.351984024047852 ], [ 4.34590201292701, 50.845146654255885, 19.845542907714844 ], [ 4.345805960260464, 50.845140960016835, 18.272079467773438 ], [ 4.345842913716567, 50.845218678638425, 18.194368362426758 ], [ 4.345665568858486, 50.845281000612133, 18.011594772338867 ], [ 4.345573729203771, 50.845254515691721, 18.0 ], [ 4.345473255515957, 50.845260506541194, 17.947959899902344 ], [ 4.345370485616696, 50.845260821769912, 17.876785278320312 ], [ 4.345356569575724, 50.845196355403814, 19.5 ], [ 4.345191764551876, 50.845181982574942, 17.869386672973633 ], [ 4.345147870102098, 50.845247248072916, 19.405599594116211 ], [ 4.345261708683182, 50.845237398290301, 17.996749877929688 ], [ 4.345178098143553, 50.845325464677131, 18.0 ], [ 4.345066026802265, 50.845294125264111, 19.376472473144531 ], [ 4.344955671850435, 50.845293145993836, 19.441144943237305 ], [ 4.344950249137803, 50.845355079169451, 18.0 ], [ 4.344840689032472, 50.845320172226309, 19.5 ], [ 4.344743623897684, 50.845378463950368, 18.0 ], [ 4.344609838483279, 50.845378059532543, 18.0 ], [ 4.344504132949812, 50.845371840490174, 18.0 ], [ 4.344409752841814, 50.845402613577093, 18.0 ], [ 4.344540166495162, 50.845489536896835, 19.667423248291016 ], [ 4.344642453831021, 50.845450695524093, 18.0 ], [ 4.344729349649388, 50.84553746612972, 18.233776092529297 ] ], [ [ 4.348183827130179, 50.845044021692495, 18.305137634277344 ], [ 4.348062801437081, 50.845038231532278, 19.747659683227539 ], [ 4.347969712439154, 50.845033777545275, 18.202665328979492 ], [ 4.347961490025861, 50.844968090814767, 19.702308654785156 ], [ 4.347857419554066, 50.844967376928778, 18.115821838378906 ], [ 4.347856626441963, 50.844897432965631, 19.601926803588867 ], [ 4.347780975358589, 50.844846458523996, 19.540410995483398 ], [ 4.347664945697298, 50.844754016252594, 18.055934906005859 ], [ 4.347741621099062, 50.844675668512885, 18.199623107910156 ], [ 4.347865081386951, 50.844633118128336, 19.830480575561523 ], [ 4.347861995260974, 50.84455606554129, 18.39996337890625 ], [ 4.347991902842795, 50.844579927103425, 18.479936599731445 ], [ 4.348064555159475, 50.844623925825346, 18.47181510925293 ], [ 4.348100220673184, 50.84468343897953, 19.953849792480469 ], [ 4.348203735531586, 50.844711698494912, 18.5 ], [ 4.348281265033241, 50.844780405260373, 18.570730209350586 ], [ 4.348259686204352, 50.844863732241862, 19.984663009643555 ], [ 4.348441353562261, 50.844868770250457, 18.716712951660156 ], [ 4.348396448857508, 50.844921709318541, 20.114236831665039 ], [ 4.348495393350094, 50.84497838789386, 18.655170440673828 ], [ 4.348357899890043, 50.844990593373502, 19.982383728027344 ], [ 4.348288594321632, 50.845049034050568, 18.347614288330078 ], [ 4.348183827130179, 50.845044021692495, 18.305137634277344 ] ], [ [ 4.345541230372562, 50.84537675464717, 19.126691818237305 ], [ 4.345667724976578, 50.84536235798555, 17.773775100708008 ], [ 4.3458056533765, 50.845320202623185, 18.059000015258789 ], [ 4.345873293386552, 50.845381475402661, 18.013544082641602 ], [ 4.345955446153351, 50.845481960347904, 19.773555755615234 ], [ 4.346074156896409, 50.845566540827157, 18.249916076660156 ], [ 4.345922658986905, 50.845576087076594, 18.161794662475586 ], [ 4.345770412755267, 50.845576311033433, 19.575429916381836 ], [ 4.345732365432604, 50.845683895813131, 17.835504531860352 ], [ 4.345621489306616, 50.845638965158287, 19.158357620239258 ], [ 4.345526783061797, 50.845601030499587, 17.0 ], [ 4.345499795341922, 50.84570887014079, 17.693941116333008 ], [ 4.345370860162095, 50.845745745354328, 17.846710205078125 ], [ 4.345324419680486, 50.845684495098816, 19.197658538818359 ], [ 4.345298223506745, 50.845602672498615, 17.616756439208984 ], [ 4.345332867931089, 50.84553011565955, 18.876960754394531 ], [ 4.34525834630313, 50.845450317682058, 19.204547882080078 ], [ 4.345173873188979, 50.845405944209183, 18.0 ], [ 4.345273841399572, 50.845378472060162, 17.956327438354492 ], [ 4.345381913048908, 50.845387358472919, 19.269561767578125 ], [ 4.345541230372562, 50.84537675464717, 19.126691818237305 ] ] ], [ [ [ 4.345631186786577, 50.843165603027657, 19.018196105957031 ], [ 4.345551677950239, 50.843250097981823, 20.301870346069336 ], [ 4.345633033253375, 50.843303577421466, 18.66710090637207 ], [ 4.34573534074725, 50.843238574770545, 18.975797653198242 ], [ 4.345881702808088, 50.843182014744386, 20.637893676757812 ], [ 4.345911321501301, 50.843107126135997, 19.236242294311523 ], [ 4.346017694706423, 50.843069390293302, 19.337581634521484 ], [ 4.345900291463416, 50.843015692696341, 19.342220306396484 ], [ 4.345791507065283, 50.84295515420407, 19.350887298583984 ], [ 4.345550423023981, 50.842835035042057, 19.422817230224609 ], [ 4.345362046452654, 50.84279256339893, 19.388034820556641 ], [ 4.345200928013848, 50.842727809050238, 19.413864135742188 ], [ 4.345122846967894, 50.842794535772896, 19.076854705810547 ], [ 4.345077544906164, 50.842912176207577, 20.664653778076172 ], [ 4.34519076363978, 50.842907729525336, 19.014328002929688 ], [ 4.345190550613462, 50.842979551143479, 20.601482391357422 ], [ 4.345297405470359, 50.843005495581743, 19.013839721679688 ], [ 4.34524799320819, 50.843070852223235, 19.132320404052734 ], [ 4.345392157658938, 50.843046130912825, 19.065515518188477 ], [ 4.345447320458964, 50.843144592466679, 18.94774055480957 ], [ 4.345460875715634, 50.843203107625961, 20.365266799926758 ], [ 4.345631186786577, 50.843165603027657, 19.018196105957031 ] ] ], [ [ [ 4.345235891612171, 50.843533943083045, 18.5 ], [ 4.345254250056382, 50.843637508292851, 18.5 ], [ 4.34533802970899, 50.843684659331643, 18.5 ], [ 4.345236621443815, 50.843713917650248, 20.0 ], [ 4.345400363635672, 50.843743146698216, 18.5 ], [ 4.345424440256028, 50.843825748162509, 20.0 ], [ 4.345528736367394, 50.843858245847777, 20.0 ], [ 4.345650181304926, 50.843935491319613, 20.0 ], [ 4.345641729579409, 50.843840966774579, 20.0 ], [ 4.345691932777613, 50.843751785759196, 18.5 ], [ 4.345808263781398, 50.843802643431346, 20.0 ], [ 4.345879789754747, 50.843879847773273, 20.0 ], [ 4.345821375840557, 50.843949283523131, 20.0 ], [ 4.345797112795356, 50.844026439910806, 18.5 ], [ 4.345928690478248, 50.844030811424872, 20.0 ], [ 4.345951734819565, 50.843948676479194, 18.5 ], [ 4.346052002492816, 50.844001423341815, 20.0 ], [ 4.346086258579157, 50.843910744841487, 18.5 ], [ 4.346197288173971, 50.843908543077902, 20.0 ], [ 4.346180368973996, 50.843839032513962, 18.5 ], [ 4.346345863951715, 50.843858465531987, 20.0 ], [ 4.346394804979022, 50.843927669667075, 20.0 ], [ 4.346501763671469, 50.84399843532092, 18.445184707641602 ], [ 4.346526648888851, 50.844067126250536, 19.851434707641602 ], [ 4.346646467645759, 50.844116532068952, 18.216581344604492 ], [ 4.346576428115247, 50.84416566785027, 19.751758575439453 ], [ 4.346786498308168, 50.844167505429667, 18.082881927490234 ], [ 4.346765244558829, 50.844066128319099, 19.780263900756836 ], [ 4.346618910574981, 50.844027698613232, 18.353788375854492 ], [ 4.346597071267067, 50.843946318070529, 19.996023178100586 ], [ 4.34649988409915, 50.843891292742271, 18.5 ], [ 4.346423309382599, 50.843800538692719, 20.061111450195312 ], [ 4.346375037053654, 50.843731071385754, 18.648509979248047 ], [ 4.346499164956525, 50.84374177471512, 20.494022369384766 ], [ 4.346449728363399, 50.843677719820988, 18.983579635620117 ], [ 4.346281289258958, 50.843678460585792, 20.200540542602539 ], [ 4.34621699995497, 50.84360016937822, 20.296609878540039 ], [ 4.346067508726525, 50.843641138506023, 20.185667037963867 ], [ 4.346137157921756, 50.843540014524045, 20.353145599365234 ], [ 4.346181892235137, 50.843455893679, 18.979038238525391 ], [ 4.346049218779452, 50.843484570725515, 18.842887878417969 ], [ 4.34592937125469, 50.843449925374273, 18.704439163208008 ], [ 4.345917192993076, 50.843367022940853, 20.345119476318359 ], [ 4.345792288789751, 50.843340977769607, 18.74992561340332 ], [ 4.345809263289089, 50.843279644602042, 20.463834762573242 ], [ 4.345633033253375, 50.843303577421466, 18.66710090637207 ], [ 4.345488825185829, 50.843312784918027, 20.172868728637695 ], [ 4.345518953196217, 50.843378991911592, 18.511997222900391 ], [ 4.345409242035345, 50.843353433887323, 20.080881118774414 ], [ 4.345428234446975, 50.843417046789476, 18.5 ], [ 4.345311300060955, 50.843372031239767, 20.073593139648438 ], [ 4.345350710158026, 50.84348779428948, 18.5 ], [ 4.345232424317008, 50.843445300617567, 20.056783676147461 ], [ 4.345235891612171, 50.843533943083045, 18.5 ] ], [ [ 4.346151282135728, 50.843710257481149, 20.107282638549805 ], [ 4.346262481969824, 50.843765893381509, 18.564262390136719 ], [ 4.346122179743043, 50.843778596851884, 20.00602912902832 ], [ 4.346067877907515, 50.843840465621483, 18.5 ], [ 4.346003814466026, 50.843781904376293, 20.0 ], [ 4.345901148367989, 50.843750879772408, 18.5 ], [ 4.345831465302034, 50.84370260729208, 18.516834259033203 ], [ 4.345798944971348, 50.843624470510207, 18.602422714233398 ], [ 4.345805851212319, 50.843564721704404, 20.087259292602539 ], [ 4.345675666341307, 50.843629347771454, 20.0 ], [ 4.345546422352511, 50.843620013193735, 18.5 ], [ 4.345644705136388, 50.843567984351346, 18.5 ], [ 4.34572782377408, 50.843530832250003, 18.5 ], [ 4.345879546844077, 50.84352714569799, 20.167413711547852 ], [ 4.346019328662893, 50.843564682487731, 18.773065567016602 ], [ 4.346067508726525, 50.843641138506023, 20.185667037963867 ], [ 4.346151282135728, 50.843710257481149, 20.107282638549805 ] ], [ [ 4.34572744880882, 50.843688242130007, 18.511651992797852 ], [ 4.345599261806916, 50.843695272292621, 18.5 ], [ 4.345675666341307, 50.843629347771454, 20.0 ], [ 4.34572744880882, 50.843688242130007, 18.511651992797852 ] ] ], [ [ [ 4.345116145561467, 50.843491472195439, 20.119709014892578 ], [ 4.34511171484863, 50.843585384868383, 20.0 ], [ 4.345235891612171, 50.843533943083045, 18.5 ], [ 4.345116145561467, 50.843491472195439, 20.119709014892578 ] ] ], [ [ [ 4.345456655387446, 50.844542773644733, 20.255535125732422 ], [ 4.345566824447697, 50.844581034487604, 18.729106903076172 ], [ 4.345556976848852, 50.844497287571933, 18.826885223388672 ], [ 4.345456655387446, 50.844542773644733, 20.255535125732422 ] ] ], [ [ [ 4.3457224358643, 50.844671552975733, 18.661277770996094 ], [ 4.345732363083028, 50.844565837268078, 18.782203674316406 ], [ 4.345566824447697, 50.844581034487604, 18.729106903076172 ], [ 4.345619193763675, 50.844643821789184, 18.667551040649414 ], [ 4.3457224358643, 50.844671552975733, 18.661277770996094 ] ] ], [ [ [ 4.345937448006421, 50.844718515310177, 18.69422721862793 ], [ 4.345801547666237, 50.844862450423854, 18.533367156982422 ], [ 4.345959702427517, 50.844861826065284, 18.524847030639648 ], [ 4.345937448006421, 50.844718515310177, 18.69422721862793 ] ] ], [ [ [ 4.348460604384742, 50.844153507543922, 18.803617477416992 ], [ 4.348316734610802, 50.844119304398212, 20.258567810058594 ], [ 4.348362816477643, 50.844179996963234, 18.729764938354492 ], [ 4.348511406305895, 50.844216283471233, 20.181236267089844 ], [ 4.348460604384742, 50.844153507543922, 18.803617477416992 ] ] ], [ [ [ 4.346960188747233, 50.84591492568741, 18.42686653137207 ], [ 4.347050807374023, 50.845826943626385, 18.659246444702148 ], [ 4.346812325814183, 50.845813641913963, 18.406906127929688 ], [ 4.346960188747233, 50.84591492568741, 18.42686653137207 ] ] ], [ [ [ 4.348449474280443, 50.846104987260652, 19.5 ], [ 4.348562606843714, 50.846096367342398, 18.0 ], [ 4.348598675150626, 50.846027077240898, 19.508487701416016 ], [ 4.348481367269463, 50.846041009353129, 18.0 ], [ 4.348449474280443, 50.846104987260652, 19.5 ] ] ], [ [ [ 4.34756721529789, 50.846142052686922, 18.179819107055664 ], [ 4.347714349038236, 50.846168625820333, 19.379880905151367 ], [ 4.347665178000698, 50.846086948524061, 17.979711532592773 ], [ 4.347540307346596, 50.846060856893203, 20.0 ], [ 4.34756721529789, 50.846142052686922, 18.179819107055664 ] ] ], [ [ [ 4.34749032554483, 50.846209234168974, 18.37721061706543 ], [ 4.347533432741943, 50.846349158481289, 18.39906120300293 ], [ 4.347729942507399, 50.846330925345242, 18.271575927734375 ], [ 4.34764925951906, 50.846239200720916, 18.082122802734375 ], [ 4.34756721529789, 50.846142052686922, 18.179819107055664 ], [ 4.347490928886685, 50.846109800616993, 18.417673110961914 ], [ 4.34749032554483, 50.846209234168974, 18.37721061706543 ] ] ] ] } }
]
}
